iso,period,exports,imports,net,exports_sa,exports_sa3m,imports_sa,imports_sa3m,net_sa,net_sa3m,exports_12m,imports_12m,net_12m
BEL,201701,233556891.7736466,290063388.56240255,-56506496.78875595,237427218.07096237,,306921062.68585837,,-69493844.614896,,,,
BEL,201702,299731192.1203753,294463198.3324341,5267993.787941158,310155147.3793596,,303458066.53215146,,6697080.847208142,,,,
BEL,201703,272793515.3041854,326208151.86966324,-53414636.56547785,251069480.89306033,266217282.1144608,310166112.0573793,306848413.7584631,-59096631.16431898,-40631131.64400229,,,
BEL,201704,219534823.89597103,294566185.0295871,-75031361.13361606,240637639.18842864,267287422.48694953,301607197.13764286,305077125.24239117,-60969557.94921422,-37789702.755441636,,,
BEL,201705,241498652.59091303,339998440.76544905,-98499788.17453602,250144227.38425288,247283782.4885806,318195811.50896376,309989706.9013286,-68051584.12471089,-62705924.41274801,,,
BEL,201706,274016423.31393373,357743995.3272124,-83727572.01327866,244567326.38121608,245116397.6512992,317330804.3172096,312377937.65460545,-72763477.93599352,-67261540.00330624,,,
BEL,201707,241783404.79628292,323025180.55418074,-81241775.75789782,253324520.76424944,249345358.1765728,309015794.10638726,314847469.97752017,-55691273.34213781,-65502111.80094737,,,
BEL,201708,265218396.1635045,300669050.1626371,-35450653.9991326,245835385.84565896,247909077.66370812,322953242.3665209,316433280.2633726,-77117856.52086192,-68524202.59966448,,,
BEL,201709,300737830.571574,345311415.9223955,-44573585.350821555,256280071.98014292,251813326.19668376,342613293.5151626,324860776.6626902,-86333221.53501967,-73047450.46600646,,,
BEL,201710,261424471.37900814,323782174.82651794,-62357703.447509795,258615516.96572137,253576991.5971744,317348598.05053914,327638377.9774075,-58733081.08481777,-74061386.38023311,,,
BEL,201711,246470241.09281886,312328080.84865266,-65857839.755833805,263381718.39870524,259425769.1148565,329752906.3215803,329904932.629094,-66371187.92287505,-70479163.5142375,,,
BEL,201712,221598030.43192226,312774578.2809574,-91176547.84903514,255806852.38751787,259268029.25064814,334729165.8763736,327276890.08283097,-78922313.48885572,-68008860.83218282,3078363873.434136,3820933840.48209,-742569967.0479541
BEL,201801,314508642.8943685,317764235.7523593,-3255592.8579907417,315572619.6910435,278253730.15908885,327006895.1432085,330496322.44705415,-11434275.452165008,-52242592.2879653,3159315624.5548573,3848634687.672046,-689319063.1171889
BEL,201802,255635308.3701352,325272643.5125707,-69637335.14243549,264892998.72358066,278757490.26738065,342434692.94294435,334723584.65417546,-77541694.21936369,-55966094.386794806,3115219740.8046174,3879444132.852183,-764224392.0475656
BEL,201803,281632885.5138416,347916787.51624393,-66283902.002402306,262870364.8301592,281111994.4149278,332425109.6378102,333955565.90798765,-69554744.80765098,-52843571.49305987,3124059111.0142736,3901152768.498764,-777093657.48449
BEL,201804,255100887.5426669,337002574.65396065,-81901687.11129373,273803371.92992705,267188911.82788897,343602758.99209434,339487520.52428293,-69799387.06216729,-72298608.69639397,3159625174.6609697,3943589158.1231375,-783963983.4621676
BEL,201805,254659082.37366533,350848314.3659261,-96189231.99226075,266389224.1835334,267687653.6478732,331731721.18436736,335919863.271424,-65342497.00083396,-68232209.6235508,3172785604.443722,3954439031.7236147,-781653427.2798924
BEL,201806,308261658.966053,382001221.53396904,-73739562.56791604,273588539.6770022,271260378.5968209,340349508.91988426,338561329.69878197,-66760969.24288207,-67300951.10196108,3207030840.0958414,3978696257.9303713,-771665417.8345298
BEL,201807,258025749.38806495,367587986.30458075,-109562236.9165158,271217316.932593,270398360.2643762,364014180.71874166,345365136.9409978,-92796863.78614867,-74966776.67662156,3223273184.687623,4023259063.680771,-799985878.9931479
BEL,201808,304955416.54421276,322021365.369149,-17065948.82493627,287532299.126867,277446051.912154,331933215.7804605,345432301.8063621,-44400916.65359348,-67986249.89420807,3263010205.0683312,4044611378.8872833,-781601173.8189514
BEL,201809,257816844.75249782,315385670.69588524,-57568825.94338742,229958056.884147,262902557.647869,317683983.1214259,337877126.54020935,-87725926.23727894,-74974568.89234036,3220089219.249255,4014685633.660773,-794596414.4115174
BEL,201810,280696638.9882015,379367752.7938182,-98671113.80561668,283544259.842428,267011538.61781397,370324537.91591907,339980578.9392685,-86780278.07349104,-72969040.32145455,3239361386.8584485,4070271211.6280727,-830909824.7696241
BEL,201811,267141732.5324035,306479532.39090663,-39337799.85850313,279662563.04365295,264388293.25674263,324702853.63359034,337570458.22364515,-45040290.58993739,-73182164.96690252,3260032878.298033,4064422663.170327,-804389784.8722935
BEL,201812,234559441.59246823,349393851.34676033,-114834409.7542921,257313536.85134608,273506786.5791424,366667705.1040237,353898365.55117774,-109354168.25267762,-80391578.97203535,3272994289.458579,4101041936.2361298,-828047646.7775505
BEL,201901,264134308.83332166,325735484.5393337,-61601175.70601204,261996119.283254,266324073.0594177,326051096.9516709,339140551.89642835,-64054977.66841689,-72816478.83701065,3222619955.3975325,4109013185.0231047,-886393229.6255717
BEL,201902,250030028.38436115,341016796.79760635,-90986768.4132452,259326177.48624858,259545277.87361622,366864196.14681965,353194332.7341714,-107538018.66057107,-93649054.86055517,3217014675.4117584,4124757338.30814,-907742662.8963814
BEL,201903,316825196.02779585,409090520.99545974,-92265324.96766388,298988365.0185541,273436887.26268554,393084559.1847711,361999950.7610872,-94096194.16621703,-88563063.49840164,3252206985.9257126,4185931071.787356,-933724085.8616431
BEL,201904,302025738.3099554,447700045.25944674,-145674306.94949132,318065021.1671379,292126521.2239802,456057811.60806125,405335522.31321734,-137992790.44092333,-113209001.08923715,3299131836.6930013,4296628542.392841,-997496705.6998407
BEL,201905,343671397.0425136,570335894.1033367,-226664497.06082308,362866866.91346776,326640084.3663866,545012888.6099088,464718419.80091375,-182146021.69644105,-138078335.43452716,3388144151.3618493,4516116122.130253,-1127971970.768403
BEL,201906,385568081.92038316,473916748.64548504,-88348666.72510189,341936883.92540586,340956257.3353372,423725945.71980494,474932215.31259173,-81789061.79439908,-133975957.97725451,3465450574.3161793,4608031649.241768,-1142581074.9255888
BEL,201907,374258993.0093951,554997199.3868728,-180738206.37747765,395384019.9515466,366729256.9301401,567791115.2309117,512176649.85354185,-172407095.27936512,-145447392.92340177,3581683817.9375095,4795440862.32406,-1213757044.3865507
BEL,201908,354189490.583883,492434513.82215995,-138245023.23827696,340827758.6359116,359382887.504288,489190574.9553823,493569211.9686997,-148362816.3194707,-134186324.46441168,3630917891.97718,4965854010.777071,-1334936118.7998915
BEL,201909,364289566.38723284,435298014.75881356,-71008448.37158072,339579316.19899285,358597031.5954837,443874227.1436217,500285305.77663857,-104294910.94462883,-141688274.18115485,3737390613.611915,5085766354.84,-1348375741.2280846
BEL,201910,400241498.3593807,583772675.9893275,-183531177.62994683,413367605.0869913,364591559.9739652,568113234.4700612,500392678.856355,-154745629.38306987,-135801118.88238978,3856935472.983094,5290171278.035509,-1433235805.052415
BEL,201911,393119136.08330214,476622797.87320805,-83503661.7899059,404502846.4207229,385816589.235569,507053642.1435358,506347034.58573955,-102550795.72281289,-120530445.35017055,3982912876.533993,5460314543.517811,-1477401666.9838176
BEL,201912,358364471.27262294,472171305.3757928,-113806834.10316986,374891945.3200447,397587465.6092529,484738727.682724,519968534.7654403,-109846782.3626793,-122381069.15618736,4106717906.2141476,5583091997.546843,-1476374091.3326952
BEL,202001,381937855.0964192,498672900.804727,-116735045.7083078,362658708.17294735,380684499.9712383,486133540.6454383,492641970.1572327,-123474832.47249097,-111957470.18599439,4224521452.4772453,5756029413.812237,-1531507961.334991
BEL,202002,349360691.05037516,478644830.4354191,-129284139.38504392,363024141.4614278,366858264.9848066,528890863.242791,499921043.85698444,-165866721.7813632,-133062778.87217784,4323852115.143259,5893657447.450049,-1569805332.3067899
BEL,202003,380195511.0508863,516663593.6027475,-136468082.55186123,361831813.1840384,362504887.6061378,500108755.37319356,505044386.4204743,-138276942.18915516,-142539498.81433648,4387222430.166349,6001230520.057337,-1614008089.8909872
BEL,202004,315235461.08193374,406640242.02311546,-91404780.94118172,326643272.7528543,350499742.46610683,411777069.631961,480258896.0826485,-85133796.8791067,-129759153.61654168,4400432152.938328,5960170716.821005,-1559738563.8826776
BEL,202005,302572968.9827485,407857394.5612764,-105284425.57852787,323486638.2887808,337320574.74189115,394984030.00152737,435623285.0022273,-71497391.71274656,-98302710.26033616,4359333724.878563,5797692217.278945,-1438358492.4003823
BEL,202006,346210460.9393444,434396624.79583216,-88186163.85648775,306476874.2585265,318868928.4333872,389997425.2701013,398919508.3011966,-83520551.0115748,-80050579.86780936,4319976103.897524,5758172093.429293,-1438195989.531768
BEL,202007,357379253.60354584,447806990.0363225,-90427736.43277663,378708906.18159366,336224139.5763003,475764744.1651494,420248733.1455927,-97055837.98355573,-84024593.56929237,4303096364.491675,5650981884.078742,-1347885519.5870671
BEL,202008,303600210.82242376,411733463.6424482,-108133252.82002443,298514364.36077464,327900048.266965,391933394.2327551,419231854.55600196,-93419029.87198049,-91331806.28903699,4252507084.7302155,5570280833.899031,-1317773749.1688147
BEL,202009,388006461.1430491,469062009.58281165,-81055548.43976253,374819526.4159431,350680932.3194371,482336109.3598217,450011415.9192421,-107516582.94387859,-99330483.599805,4276223979.486032,5604044828.723028,-1327820849.2369967
BEL,202010,426733701.2945862,508399577.80645454,-81665876.51186836,449897941.3858042,374410610.72084063,494770524.079326,456346675.89063424,-44872582.6935218,-81936065.1697936,4302716182.421237,5528671730.540155,-1225955548.118918
BEL,202011,399393666.8337774,451869156.4791808,-52475489.645403385,401552307.0208348,408756591.6075273,480327012.9977024,485811215.47895,-78774705.97686762,-77054623.87142271,4308990713.171713,5503918089.146128,-1194927375.9744155
BEL,202012,393948149.0706564,463082640.7880797,-69134491.71742326,388568027.82878214,413339425.41180706,464343962.5215938,479813833.1995408,-75775934.69281167,-66474407.78773373,4344574390.969746,5494829424.558415,-1150255033.5886688
BEL,202101,388587463.3598303,551213542.2167481,-162626078.8569178,383516452.54719955,391212262.4656055,523157046.9077832,489276007.47569317,-139640594.36058366,-98063745.01008767,4351223999.233157,5547370065.970436,-1196146066.737279
BEL,202102,379271664.08973086,456917475.1256713,-77645811.03594047,392124617.5244849,388069699.3001556,517797099.28251094,501766036.2372959,-125672481.75802606,-113696336.93714035,4381134972.272512,5525642710.660687,-1144507738.3881755
BEL,202103,425881939.0090825,545422695.5506874,-119540756.54160494,392645203.258959,389428757.77688116,521654867.76117927,520869671.3171578,-129009664.50222027,-131440913.54027665,4426821400.230709,5554401812.608628,-1127580412.3779192
BEL,202104,394409857.2562558,523218761.1152993,-128808903.85904348,406241621.53202903,397003814.1051577,541842461.3085499,527098142.78408,-135600839.77652085,-130094328.67892236,4505995796.405031,5670980331.700811,-1164984535.295781
BEL,202105,372875168.30017024,583468366.8040915,-210593198.5039212,399490824.6031934,399459216.46472716,566601820.5321157,543366383.2006149,-167110995.9289223,-143907166.73588777,4576297995.722453,5846591303.943627,-1270293308.2211742
BEL,202106,457653834.1267237,625426019.4799287,-167772185.35320503,412695738.87657696,406142728.33726645,561611980.3205177,556685420.7203945,-148916241.4439407,-150542692.38312805,4687741368.909832,6037620698.627724,-1349879329.7178915
BEL,202107,392548753.1943385,534217145.79003704,-141668392.59569854,417005683.13897675,409730748.87291574,591560735.9231318,573258178.9252552,-174555052.78415507,-163527430.05233943,4722910868.500625,6124030854.381438,-1401119985.8808134
BEL,202108,409231863.67835575,638721120.7932634,-229489257.11490768,415882506.62942785,415194642.8816605,595779376.0921193,582984030.7785896,-179896869.4626915,-167789387.8969291,4828542521.356557,6351018511.532253,-1522475990.1756968
BEL,202109,513354454.09931654,617187669.9734803,-103833215.8741638,497366209.5000981,443418133.0895009,612938556.2019411,600092889.4057307,-115572346.70184302,-156674756.31622982,4953890514.312824,6499144171.922922,-1545253657.610098
BEL,202110,388642565.0532939,639330971.5490061,-250688406.49571222,420467211.72423005,444571975.951252,639287927.132256,616001953.1421056,-218820715.40802598,-171429977.1908536,4915799378.071532,6630075565.665473,-1714276187.5939417
BEL,202111,412676606.821478,699728181.5107105,-287051574.68923247,402714195.1067608,440182538.7770297,752626740.098728,668284407.8109751,-349912544.99196714,-228101869.03394538,4929082318.059233,6877934590.697003,-1948852272.6377707
BEL,202112,433269046.5476501,653208863.6907358,-219939817.14308572,423153718.6675045,415445041.8328318,620368906.4738792,670761191.2349545,-197215187.80637473,-255316149.40212268,4968403215.536226,7068060813.599659,-2099657598.0634332
BEL,202201,414034986.7714596,670935248.7228109,-256900261.95135128,414225324.3390345,413364412.70443326,624931992.274882,665975879.6158298,-210706667.93584746,-252611466.91139656,4993850738.947856,7187782520.105722,-2193931781.1578665
BEL,202202,447754994.62491566,535823574.5223396,-88068579.89742392,461766458.4034606,433048500.46999985,629556177.7744913,624952358.8410841,-167789719.3710307,-191903858.37108427,5062334069.48304,7266688619.502391,-2204354550.01935
BEL,202203,487170470.2047621,623643324.4571886,-136472854.2524265,433987088.7689553,436659623.8371501,575520960.8222595,610003043.6238776,-141533872.05330426,-173343419.78672755,5123622600.6787195,7344909248.408892,-2221286647.7301717
BEL,202204,419827827.64173377,603664285.677201,-183836458.03546727,434188527.9702444,443314025.0475535,646545581.9749547,617207573.5239019,-212357054.00471032,-173893548.47634846,5149040571.0641985,7425354772.970794,-2276314201.9065957
BEL,202205,432834197.3181614,639943840.4474565,-207109643.12929505,450372182.45763505,439515933.0656116,629704146.1899737,617256896.3290627,-179331963.73233867,-177740963.2634511,5208999600.082189,7481830246.614159,-2272830646.5319695
BEL,202206,457732690.3175373,754433007.0162457,-296700316.6987084,424023851.13204193,436194853.8533072,677485085.0791293,651244937.7480192,-253461233.9470874,-215050083.89471203,5209078456.273003,7610837234.1504755,-2401758777.877473
BEL,202207,396539383.1481771,588874493.8805215,-192335110.73234445,425752686.81761855,433382906.8024319,664369770.4785726,657186333.915892,-238617083.66095406,-223803427.11346012,5213069086.226841,7665494582.240959,-2452425496.014119
BEL,202208,416514708.45984215,699285389.8334602,-282770681.37361807,437535397.08812106,429103978.3459272,677006256.0152904,672953703.8576641,-239470858.92716932,-243849725.51173693,5220351931.0083275,7726058851.281157,-2505706920.272829
BEL,202209,460492338.4835943,704657233.4136231,-244164894.9300288,446179266.49500775,436489116.8002491,670854181.9301637,670743402.808009,-224674915.435156,-234254286.00775993,5167489815.392606,7813528414.721299,-2646038599.328694
BEL,202210,423944019.38902396,642390927.5587811,-218446908.1697572,441139201.54783404,441617955.04365426,667417132.915758,671759190.2870708,-226277931.36792397,-230141235.2434165,5202791269.728335,7816588370.731075,-2613797101.0027394
BEL,202211,486945669.06973904,684329560.1940371,-197383891.12429804,476010214.7839302,454442894.27559066,748174697.4228575,695482004.0895932,-272164482.63892734,-241039109.8140025,5277060331.976597,7801189749.414401,-2524129417.4378047
BEL,202212,475744338.8798873,778957519.4398292,-303213180.55994195,465514645.65655845,460888020.66277426,664233779.3519733,693275203.2301964,-198719133.69541484,-232387182.5674221,5319535624.308833,7926938405.163495,-2607402780.854661
BEL,202301,459729207.24472207,768164953.3105005,-308435746.06577843,460401440.95114607,467308767.1305449,704091547.6830543,705500008.1526284,-243690106.73190826,-238191241.02208352,5365229844.782096,8024168109.751184,-2658938264.9690886
BEL,202302,435686006.8064158,612781006.7441916,-177094999.93777585,445622556.02581555,457179547.5445067,757467533.9092852,708597620.314771,-311844977.88346964,-251418072.77026433,5353160856.963596,8101125541.973036,-2747964685.00944
BEL,202303,565372342.7357249,836043659.9494438,-270671317.2137189,497214871.7321565,467746289.569706,715677855.7350482,725745645.7757959,-218462984.00289166,-257999356.2060899,5431362729.494559,8313525877.465292,-2882163147.970732
BEL,202304,426976520.2234102,976365855.7903385,-549389335.5669284,444180968.05035496,462339465.2694423,1058232605.7363349,843792665.1268896,-614051637.68598,-381453199.85744727,5438511422.076235,8686227447.578428,-3247716025.5021935
BEL,202305,466612790.6016707,723080687.6051819,-256467897.00351125,485855796.53968626,475750545.44073266,702939898.325594,825616786.5989923,-217084101.7859077,-349866241.1582597,5472290015.359745,8769364294.736155,-3297074279.37641
BEL,202306,564879836.290913,776790893.9212705,-211911057.6303575,536277444.2311616,488771402.9404009,689178707.0108327,816783737.0242538,-152901262.77967107,-328012334.08385295,5579437161.33312,8791722181.641178,-3212285020.3080587
BEL,202307,449485398.7143662,730324633.3094039,-280839234.5950377,481181358.31105,501104866.36063266,842957632.1455718,745025412.4939995,-361776273.83452183,-243920546.13336682,5632383176.899309,8933172321.07006,-3300789144.170752
BEL,202308,519456158.27141225,814297775.613311,-294841617.3418988,566359359.4535775,527939387.3319297,893002004.9032266,808379448.0198771,-326642645.4496491,-280440060.6879474,5735324626.710879,9048184706.849913,-3312860080.139033
BEL,202309,505729494.1198706,767313989.1988683,-261584495.07899767,476845194.76088625,508128637.5085046,692428542.5666562,809462726.5384849,-215583347.80576998,-301334089.0299803,5780561782.347156,9110841462.635159,-3330279680.288002
BEL,202310,506662308.93234557,654634199.5795077,-147971890.64716214,513398426.6909565,518867660.30180675,702093551.0397575,762508032.8365469,-188695124.34880102,-243640372.53474015,5863280071.890478,9123084734.655884,-3259804662.7654066
BEL,202311,507746219.04796004,602017819.2290491,-94271600.18108904,499753404.06646717,496665675.17277,692214561.6381217,695578885.0815119,-192461157.57165456,-198913209.90874183,5884080621.868698,9040772993.690897,-3156692371.8221974
BEL,202312,504154006.011628,907693532.3706138,-403539526.35898584,494687634.0678349,502613154.9417529,648987067.5816823,681098393.4198538,-154299433.5138474,-178485238.4781009,5912490289.00044,9169509006.621681,-3257018717.6212416
BEL,202401,509741700.2134806,506968901.3601351,2772798.8533455133,507051566.4298054,500497534.8547025,531379573.7471075,624193734.3223039,-24328007.317302108,-123696199.46760142,5962502781.969198,8908312954.671316,-2945810172.7021174
BEL,202402,499845395.2989921,492369232.4906619,7476162.808330178,505110001.4493485,502283067.31566304,607178354.7285254,595848332.0191051,-102068353.27917689,-93565264.70344204,6026662170.461775,8787901180.417786,-2761239009.956012
BEL,202403,572538735.001443,581837267.9496304,-9298532.948187351,510214655.253891,507458741.0443483,491567821.05811054,543375249.8445812,18646834.195780456,-35916508.80023295,6033828562.727492,8533694788.417972,-2499866225.69048
BEL,202404,491689251.40656656,616718423.4099673,-125029172.00340074,507570768.6844055,507631808.46254843,639658760.390956,579468312.0591973,-132087991.70655054,-71836503.59664887,6098541293.910649,8174047356.037601,-2075506062.1269524
BEL,202405,474174631.38660043,713853324.8396121,-239678693.4530117,496029119.3418106,504604847.76003575,680505361.8013921,603910647.750153,-184476242.4595815,-99305799.99011719,6106103134.695579,8164819993.272031,-2058716858.5764527
BEL,202406,528818575.09446764,772634345.3338248,-243815770.2393571,515345996.07451504,506315294.7002438,675390215.3855492,665184779.1926326,-160044219.31103414,-158869484.49238878,6070041873.499133,8160663444.684586,-2090621571.1854525
BEL,202407,513765013.9207315,458323394.50651836,55441619.41421312,548411888.454139,519929001.29015493,538277417.6090702,631390998.2653371,10134470.845068812,-111461996.97518218,6134321488.705499,7888662205.8817005,-1754340717.1762016
BEL,202408,445389902.9787967,475264907.0777037,-29875004.098906994,504647275.0178681,522801719.8488408,575506637.7510211,596391423.5818802,-70859362.73315305,-73589703.73303944,6060255233.412883,7549629337.346092,-1489374103.9332097
BEL,202409,525236727.15979064,651790603.0678037,-126553875.9080131,476840078.41376805,509966413.9619251,558075776.4323151,557286610.5974687,-81235698.01854706,-47320196.635543644,6079762466.452803,7434105951.215028,-1354343484.7622252
BEL,202410,495600435.6908771,599823487.7610884,-104223052.07021129,489861461.1160624,490449604.8492329,663639437.4076238,599073950.53032,-173777976.29156137,-108624345.68108714,6068700593.211334,7379295239.396608,-1310594646.1852744
BEL,202411,483092202.6918599,839944088.0606123,-356851885.3687524,480088249.44092876,482263262.99025315,1035230622.0857095,752315278.6418828,-555142372.6447806,-270052015.6516296,6044046576.855234,7617221508.228172,-1573174931.3729377
BEL,202412,481540204.12034667,1246309392.213658,-764769188.0933114,473195067.87394094,481048259.4769774,751625885.9580742,816831981.8171358,-278430818.08413327,-335783722.3401584,6021432774.963953,7955837368.071217,-1934404593.1072633
BEL,202501,492059415.91211945,761293901.2905998,-269234485.3784804,486313094.9293512,479865470.74807376,865105497.1975312,883987335.0804383,-378792402.26818,-404121864.3323645,6003750490.662591,8210162368.00168,-2206411877.3390894
BEL,202502,382940910.84537333,540266040.568289,-157325129.7229157,381989241.3083674,447165801.3705532,669381097.2469267,762037493.4675107,-287391855.9385593,-314871692.0969575,5886846006.208973,8258059176.0793085,-2371213169.870335
BEL,202503,520201100.2794436,1470836180.1771915,-950635079.8977479,469443159.2242257,445915165.15398145,1194748538.2925181,909745044.2456588,-725305379.0682924,-463829879.0916773,5834508371.486973,9147058088.30687,-3312549716.8198957
BEL,202504,462382623.46045315,555920562.0558524,-93537938.59539926,471816512.8858984,441082971.1394972,560188425.4149061,808106020.318117,-88371912.52900773,-367023049.1786198,5805201743.54086,9086260226.952755,-3281058483.411894
BEL,202505,467753913.4381532,799011928.1342711,-331258014.69611794,493307198.5824746,478188956.89753294,748976248.1806128,834637737.2960124,-255669049.5981382,-356448780.39847946,5798781025.592413,9171418830.247414,-3372637804.6550007
BEL,202506,495064712.77088434,1601983883.8686166,-1106919171.0977323,494724845.4030466,486616185.62380654,1385270367.3831754,898145013.6595649,-890545521.9801288,-411528828.0357583,5765027163.268829,10000768368.782204,-4235741205.5133758
BEL,202507,481802829.0309687,650844376.0943953,-169041547.06342655,512183314.44354784,500071786.143023,780318716.8379031,971521777.4672304,-268135402.3943553,-471449991.3242074,5733064978.379066,10193289350.370083,-4460224371.991015
BEL,202508,433088217.86188096,590025606.3308427,-156937388.46896178,509730209.80262303,505546123.21640587,791774600.9248166,985787895.0486317,-282044391.1221936,-480241771.8322258,5720763293.262151,10308050049.623222,-4587286756.361071
BEL,202509,619798147.9575129,1622064355.5499449,-1002266207.592432,539768088.1032461,520560537.44980574,1318700081.403886,963597799.722202,-778931993.30064,-443037262.2723962,5815324714.059874,11278323802.105362,-5462999088.045489
BEL,202510,543610028.8108779,736989606.0157773,-193379577.20489943,524739778.6947761,524746025.5335484,842288650.9186621,984254444.4157883,-317548872.22388595,-459508418.8822399,5863334307.179873,11415489920.36005,-5552155613.180177
BEL,202511,449074557.54357374,622529338.009211,-173454780.4656372,452633555.265927,505713807.3546498,830489852.2951113,997159528.2058865,-377856297.0291843,-491445720.8512367,5829316662.031589,11198075170.30865,-5368758508.277061
BEL,202512,564918054.1000224,1674663649.9643557,-1109745595.8643332,556165899.0400765,511179744.3335932,848584718.9695481,840454407.3944405,-292418819.9294716,-329274663.06084734,5912694512.011264,11626429428.05935,-5713734916.048083
BEL,202601,561136177.6670091,699142413.7498076,-138006236.08279848,551321238.1320437,520040230.81268245,863621652.4552877,847565407.906649,-312300414.323244,-327525177.09396654,5981771273.766153,11564277940.518557,-5582506666.752402
BEL,202602,570733369.4125663,766014066.1978265,-195280696.7852602,561101907.4324046,556196348.2015084,953245272.981623,888483881.4688196,-392143365.5492184,-332287533.2673112,6169563732.333346,11790025966.148094,-5620462233.814746
BEL,202603,625516392.1709282,1153347223.5780156,-527830831.4070873,573479798.3361915,561967647.96688,902983528.3960735,906616817.944328,-329503730.0598819,-344649169.977448,6274879024.224832,11472537009.548916,-5197657985.324086
BEL,202604,586456615.6589081,969497339.695722,-383040724.03681386,590519530.3138492,575033745.3608152,946300053.9452848,934176285.1076604,-355780523.63143563,-359142539.74684525,6398953016.4232855,11886113787.188787,-5487160770.7655
CAN,201701,258712616.6910173,633042801.7189082,-374330185.0278909,280777889.5382504,,637509663.7738513,,-356731774.2356009,,,,
CAN,201702,265083858.036378,611830419.9236435,-346746561.88726544,279043856.3703878,,654504300.3183635,,-375460443.94797575,,,,
CAN,201703,288057998.1027571,732513362.9882045,-444455364.8854474,268748528.3288974,276190091.4125119,647298043.2982402,646437335.7968184,-378549514.96934277,-370247244.3843065,,,
CAN,201704,253994317.07021412,630409420.8054227,-376415103.7352085,271918911.6268691,273237098.7753848,659372783.1405424,653725042.2523822,-387453871.5136733,-380487943.4769974,,,
CAN,201705,257919665.89883435,655489322.7403104,-397569656.8414761,263977774.07740486,268215071.34439042,665985443.7966628,657552090.0784818,-402007669.71925795,-389337018.7340914,,,
CAN,201706,277847344.9276044,680061501.3124784,-402214156.38487405,275357455.6883897,270418047.1308879,657134190.5372926,660830805.8248326,-381776734.8489029,-390412758.69394463,,,
CAN,201707,267734855.62333483,617559634.5160693,-349824778.89273447,281743967.84984463,273693065.87187976,662740160.1200176,661953264.8179909,-380996192.270173,-388260198.94611114,,,
CAN,201708,291969302.0409913,669675603.2440704,-377706301.2030791,281704752.001535,279602058.5132565,671518122.5377685,663797491.0650262,-389813370.5362335,-384195432.5517697,,,
CAN,201709,299533705.696148,654680397.9143794,-355146692.2182314,290661814.4305172,284703511.42729896,702192914.8917837,678817065.8498566,-411531100.4612665,-394113554.42255765,,,
CAN,201710,275968740.8360886,686939281.6848102,-410970540.84872156,279402562.7880696,283923043.073374,673645921.3000808,682452319.5765443,-394243358.5120112,-398529276.5031703,,,
CAN,201711,317606661.68368506,750955805.3234185,-433349143.63973343,295925393.28336245,288663256.8339831,694321036.9761325,690053291.0559989,-398395643.69277006,-401390034.2220158,,,
CAN,201712,310014202.59681135,753286926.1119964,-443272723.51518506,287042369.9177618,287456775.3297313,727792954.1944119,698586637.4902084,-440750584.2766501,-411129862.1604771,3364443269.203864,8076444478.283711,-4712001209.079847
CAN,201801,251004438.23374212,697969535.1705663,-446965096.9368242,275194995.61264527,286054252.93792313,701047385.4621229,707720458.8775557,-425852389.84947765,-421666205.9396326,3356735090.746589,8141371211.73537,-4784636120.98878
CAN,201802,269941995.5926836,650658682.361197,-380716686.7685134,287809725.27450395,283349030.2683037,704935639.0852855,711258659.5806068,-417125913.8107816,-427909629.3123031,3361593228.3028946,8180199474.172924,-4818606245.8700285
CAN,201803,333706722.192634,831020250.0637845,-497313527.8711505,312635471.4645058,291880064.1172183,736582003.954557,714188342.8339885,-423946532.49005115,-422308278.71677023,3407241952.3927717,8278706361.248503,-4871464408.855732
CAN,201804,293277705.36050177,687943038.5978949,-394665333.23739314,309775307.5457673,303406834.7615923,715288982.7175238,718935541.9191221,-405513675.1717565,-415528707.1575298,3446525340.6830597,8336239979.040976,-4889714638.357916
CAN,201805,323510851.8432436,694710803.7033981,-371199951.8601545,327456840.2685904,316622539.75962114,715000772.5298984,722290586.4006597,-387543932.261308,-405668046.64103854,3512116526.6274686,8375461460.004064,-4863344933.376595
CAN,201806,371010285.3384997,777194487.3935581,-406184202.0550584,364938619.4818084,334056922.4320554,761614069.2983736,730634608.1819319,-396675449.81656516,-396577685.74987644,3605279467.038364,8472594446.085143,-4867314979.04678
CAN,201807,298775846.2901303,699184412.3209486,-400408566.0308183,311979358.00659627,334791605.91899836,733776852.2367017,736797231.3549913,-421797494.23010546,-402005625.43599296,3636320457.705159,8554219223.890022,-4917898766.184863
CAN,201808,323550354.54146767,828901201.1446227,-505350846.603155,317976744.7350826,331631574.0744958,837805352.6713969,777732091.4021573,-519828607.9363142,-446100517.3276615,3667901510.2056355,8713444821.790575,-5045543311.584939
CAN,201809,310126303.42801076,674583424.385165,-364457120.9571542,299868693.43659186,309941598.72609025,715017335.245664,762199846.7179209,-415148641.80907214,-452258247.99183065,3678494107.9374986,8733347848.26136,-5054853740.323862
CAN,201810,320165252.63645494,760474120.3324072,-440308867.6959523,317463816.84846437,311769751.6733796,742746204.385045,765189630.7673687,-425282387.5365807,-453419879.0939891,3722690619.737865,8806882686.908957,-5084192067.171093
CAN,201811,322384198.67722255,799722245.694559,-477338047.0173364,304611773.825344,307314761.3701334,755328984.9991019,737697508.2099371,-450717211.17375785,-430382746.8398037,3727468156.7314024,8855649127.280098,-5128180970.548696
CAN,201812,343961253.35177374,750657822.6082239,-406696569.2564502,321125893.39677626,314400494.6901949,706572062.297549,734882417.227232,-385446168.90077275,-420481922.5370371,3761415207.486365,8853020023.776325,-5091604816.289961
CAN,201901,292125319.2368259,762498512.717846,-470373193.48102015,323484412.7113543,316407359.97782487,765003482.5261037,742301509.9409183,-441519069.8147494,-425894149.96309346,3802536088.4894485,8917549001.323605,-5115012912.834157
CAN,201902,567458458.2466742,658163731.878204,-90705273.63152981,612657154.3285053,419089153.47887856,722230266.3258972,731268603.7165166,-109573111.99739194,-312179450.23763806,4100052551.1434393,8925054050.840612,-4825001499.697173
CAN,201903,547295225.7858095,812710312.4539642,-265415086.66815472,513234439.15542513,483125335.3984282,721288118.1714715,736173955.6744908,-208053679.01604635,-253048620.2760626,4313641054.736614,8906744113.230793,-4593103058.494177
CAN,201904,305725394.58570313,715998100.3875073,-410272705.8018042,318469716.1289212,481453769.8709505,740184195.8982495,727900860.1318728,-421714479.7693283,-246447090.26092225,4326088743.961816,8934799175.020405,-4608710431.058588
CAN,201905,324539034.6093314,712313979.5455956,-387774944.9362642,325417043.14464587,385707066.14299744,743004731.167698,734825681.7458063,-417587688.02305216,-349118615.6028089,4327116926.727903,8952402350.862602,-4625285424.134698
CAN,201906,342518242.1421964,722464071.4697474,-379945829.327551,334201677.492578,326029478.9220484,717545236.4940943,733578054.5200138,-383343559.0015162,-407548575.5979654,4298624883.531601,8897671934.938791,-4599047051.40719
CAN,201907,396078875.9311561,747108327.0662092,-351029451.1350531,409346447.62618464,356321722.7544695,767773608.6620393,742774525.4412771,-358427161.03585464,-386452802.68680763,4395927913.1726265,8945595849.684052,-4549667936.511425
CAN,201908,319291277.9275583,763154667.1844901,-443863389.2569318,318993590.5568765,354180571.89187974,778201456.070559,754506767.0755643,-459207865.51368254,-400326195.1836845,4391668836.558717,8879849315.723919,-4488180479.165202
CAN,201909,339902848.9540996,680542325.9558806,-340639477.00178105,327893386.01209587,352077808.06505233,713042425.1957414,753005829.9761133,-385149039.18364555,-400928021.911061,4421445382.0848055,8885808217.294636,-4464362835.209828
CAN,201910,352408549.02127856,772067320.5552691,-419658771.53399056,343150653.1349617,330012543.2346447,753085243.9595333,748109708.4086113,-409934590.8245716,-418097165.1739666,4453688678.469629,8897401417.517496,-4443712739.047868
CAN,201911,337093942.7271647,735573648.8889654,-398479706.1618007,322992790.97561216,331345610.0408899,707650031.5992017,724592566.9181589,-384657240.6235895,-393246956.87726897,4468398422.519571,8833252820.711903,-4364854398.192331
CAN,201912,344792858.54089105,795730573.5504092,-450937715.00951815,324814331.87127167,330319258.6606152,727465564.5541792,729400280.0376381,-402651232.6829075,-399081021.37702286,4469230027.708689,8878325571.654089,-4409095543.945399
CAN,202001,273155256.41184956,707854723.6034178,-434699467.1915682,303622950.2526652,317143357.69984967,709327610.843582,714814402.332321,-405704660.5909168,-397671044.6324714,4450259964.883713,8823681782.53966,-4373421817.655948
CAN,202002,278685374.61240804,665270686.9062322,-386585312.2938242,304867200.4574106,311101494.1937825,739058302.445399,725283825.9477202,-434191101.9879885,-414182331.75393766,4161486881.249446,8830788737.567688,-4669301856.318242
CAN,202003,295421469.74711007,726069086.759284,-430647617.01217395,278710573.44892204,295733574.71966594,647109563.2048526,698498492.1646112,-368398989.75593054,-402764917.4449453,3909613125.210747,8744147511.873009,-4834534386.662261
CAN,202004,219820639.48681623,532348636.1175661,-312527996.6307499,226304202.42596832,269960658.77743363,546598213.6330214,644255359.761091,-320294011.20705307,-374294700.98365736,3823708370.1118603,8560498047.603067,-4736789677.491206
CAN,202005,230453336.88790756,560058055.8914407,-329604719.0035332,230035212.88404047,245016662.9196436,591345045.1479268,595017607.3286003,-361309832.26388633,-350000944.40895665,3729622672.390436,8408242123.948912,-4678619451.5584755
CAN,202006,293334731.4000422,704665009.3825784,-411330277.9825362,283758270.87133944,246699228.72711608,711983180.872693,616642146.5512137,-428224910.0013535,-369942917.82409763,3680439161.648282,8390443061.861742,-4710003900.213461
CAN,202007,272650103.3875285,682639695.6642457,-409989592.27671725,279929115.0191199,264574199.59149995,687516352.3053378,663614859.4419858,-407587237.28621787,-399040659.8504859,3557010389.1046543,8325974430.45978,-4768964041.355125
CAN,202008,280513207.4965303,648595491.4221132,-368082283.9255829,285252500.23770094,282979962.0427201,664959874.9059417,688153136.0279908,-379707374.6682408,-405173173.98527074,3518232318.673626,8211415254.697402,-4693182936.023776
CAN,202009,311117577.5989202,707735837.6990738,-396618260.10015357,298680230.0699107,287953948.4422439,732390045.9020483,694955424.3711092,-433709815.83213764,-407001475.9288654,3489447047.3184466,8238608766.440596,-4749161719.122149
CAN,202010,305718283.0626779,737373162.5545609,-431654879.491883,292978265.8685348,292303665.39204884,720311820.3717914,705887247.0599271,-427333554.50325656,-413583581.66787827,3442756781.359846,8203914608.439888,-4761157827.080041
CAN,202011,296581029.4950656,714994424.4626863,-418413394.9676207,287712481.7843619,293123659.2409358,699960593.2049899,717554153.1596098,-412248111.420628,-424430493.918674,3402243868.127747,8183335384.013608,-4781091515.885861
CAN,202012,302814952.3500957,794775392.5986971,-491960440.2486014,288577720.2733548,289756155.9754172,699437942.608959,706570118.7285801,-410860222.33560413,-416813962.7531629,3360265961.9369516,8182380203.061896,-4822114241.124945
CAN,202101,278124990.6767113,739068961.1463437,-460943970.4696324,305051021.5222137,293780407.8599768,748449236.3342724,715949257.3827404,-443398214.8120587,-422168849.52276355,3365235696.2018137,8213594440.604822,-4848358744.403008
CAN,202102,283516710.2522829,656762094.2249777,-373245383.9726948,309707575.9308139,301112105.9087941,730485376.2789248,726124185.074052,-420777800.3481109,-425012079.1652579,3370067031.8416886,8205085847.923567,-4835018816.081879
CAN,202103,348119433.5195174,900008743.8172745,-551889310.297757,329900770.2475486,314886455.9001921,804531754.6054585,761155455.7395519,-474630984.3579099,-446268999.8393598,3422764995.6140957,8379025504.981559,-4956260509.367462
CAN,202104,307697309.46916777,747640071.2489684,-439942761.7798006,313041159.8249679,317549835.3344435,763428720.3722346,766148617.0855393,-450387560.54726666,-448598781.75109583,3510641665.596447,8594316940.11296,-5083675274.516513
CAN,202105,308194955.1476758,721703541.1108631,-413508585.9631873,310202245.39545995,317714725.15599215,768739533.7447764,778900002.9074898,-458537288.3493164,-461185277.7514976,3588383283.8562155,8755962425.332382,-5167579141.476167
CAN,202106,332763435.9745615,783278168.6574328,-450514732.6828713,321848877.2263244,315030760.8155841,801216860.9597497,777795038.3589202,-479367983.7334253,-462764277.5433361,3627811988.430735,8834575584.607237,-5206763596.176502
CAN,202107,352420284.9521657,820178071.6898526,-467757786.7376869,359170291.7960187,330407138.1392677,826348205.0047623,798768199.9030961,-467177913.2087436,-468361061.7638284,3707582169.9953723,8972113960.632845,-5264531790.637471
CAN,202108,326425977.04517543,788102817.1926675,-461676840.14749205,332118535.81024224,337712568.27752846,827456519.950187,818340528.6382331,-495337984.13994473,-480627960.3607046,3753494939.544018,9111621286.403399,-5358126346.859381
CAN,202109,336616845.1942364,826670103.6031919,-490053258.40895545,323856282.65807486,338381703.4214453,843160420.8227776,832321715.2592424,-519304138.1647028,-493940011.8377971,3778994207.1393337,9230555552.307516,-5451561345.168182
CAN,202110,339704616.91791344,842584584.4927586,-502879967.5748452,327830710.43598366,327935176.30143356,840305464.4331048,836974135.0686898,-512474753.9971211,-509038958.76725626,3812980540.9945693,9335766974.245714,-5522786433.251145
CAN,202111,365181654.15324736,866634095.6132618,-501452441.46001446,359652501.6157534,337113164.90327066,845712361.4157678,843059415.5572166,-486059859.8000144,-505946250.653946,3881581165.652751,9487406645.39629,-5605825479.743539
CAN,202112,363883285.80202496,1001447299.0406787,-637564013.2386538,355113947.2373089,347532386.429682,816731461.3577253,834249762.4021993,-461617514.12041634,-486717375.97251725,3942649499.10468,9694078551.838272,-5751429052.733591
CAN,202201,313218591.76087576,843438389.7096726,-530219797.9487968,332030488.93733466,348932312.59679896,868364337.5425408,843602720.1053447,-536333848.60520613,-494670407.5085457,3977743100.188844,9798447980.4016,-5820704880.212755
CAN,202202,326177917.3074839,782698479.6964504,-456520562.38896644,356025655.7749806,347723363.98320806,881328257.9473027,855474685.6158563,-525302602.1723221,-507751321.6326482,4020404307.2440457,9924384365.873072,-5903980058.629027
CAN,202203,384407108.08254254,949513904.9777242,-565106796.8951817,361754805.4442011,349936983.3855055,847927812.0070214,865873469.1656216,-486173006.5628203,-515936485.78011614,4056691981.8070707,9973889527.033522,-5917197545.226452
CAN,202204,367262496.35129845,900109541.0949285,-532847044.74363005,369151867.57111776,362310776.26343316,923488935.8521093,884248335.2688112,-554337068.2809916,-521937559.00537807,4116257168.6892014,10126358996.879482,-6010101828.190282
CAN,202205,376602073.80748934,824266738.9118743,-447664665.10438496,379468113.5242774,370124928.8465321,889757971.6086481,887058239.8225929,-510289858.0843707,-516933310.97606075,4184664287.3490148,10228922194.680494,-6044257907.331479
CAN,202206,408250992.5564212,984077866.0794879,-575826873.5230668,398082011.07343346,382233997.3896095,1003205734.8722497,938817547.4443356,-605123723.7988162,-556583550.0547261,4260151843.9308743,10429721892.10255,-6169570048.171675
CAN,202207,365157493.82891816,877179213.8400685,-512021720.0111503,370009516.8541089,382519880.48393995,895361747.800627,929441818.0938416,-525352230.94651806,-546921937.6099017,4272889052.8076267,10486723034.252764,-6213833981.445138
CAN,202208,364503895.9243539,1002864449.0118643,-638360553.0875103,367840274.6928282,378643934.20679015,1066401341.6914653,988322941.4547806,-698561066.9986371,-609679007.2479904,4310966971.686806,10701484666.071962,-6390517694.385157
CAN,202209,419711934.9282972,823445896.7295402,-403733961.801243,411153747.38566405,383001179.6442004,846256980.5029744,936006689.9983555,-435103233.11731035,-553005510.3541551,4394062061.420866,10698260459.19831,-6304198397.777444
CAN,202210,403878377.8577856,820892602.9622408,-417014225.10445523,393172456.3942656,390722159.4909193,837508041.1477749,916722121.1140715,-444335584.75350934,-525999961.6231522,4458235822.360739,10676568477.667791,-6218332655.307054
CAN,202211,352991623.0814299,913588388.9328281,-560596765.8513982,346954251.81072426,383760151.8635513,885927096.7151012,856564039.4552835,-538972844.904377,-472803887.5917322,4446045791.288921,10723522770.98736,-6277476979.698438
CAN,202212,367190237.5241744,1159615979.2668023,-792425741.7426279,363590182.14365524,367905630.11621505,839497060.2732763,854310732.7120508,-475906878.1296211,-486405102.59583575,4449352743.01107,10881691451.213482,-6432338708.202412
CAN,202301,394921327.5556685,782049342.5345385,-387128014.97887003,404195631.73050684,371580021.89496213,816798205.9154621,847407454.30128,-412602574.1849553,-475827432.4063179,4531055478.805863,10820302404.038347,-6289246925.232485
CAN,202302,327675597.593751,958205011.9372164,-630529414.3434653,355067903.2632481,374284572.37913674,1087599436.5843358,914631567.5910248,-732531533.3210877,-540346995.2118881,4532553159.09213,10995808936.279114,-6463255777.186984
CAN,202303,469052215.84621996,1182056359.1280951,-713004143.2818751,443189200.65325457,400817578.5490031,1064778215.0561448,989725285.851981,-621589014.4028902,-588907707.3029779,4617198266.855807,11228351390.429485,-6611153123.573677
CAN,202304,358567628.950557,730532878.1665672,-371965249.2160102,360644587.7133016,386300563.8766014,745375816.546185,965917822.7288886,-384731228.8328834,-579617258.8522873,4608503399.455067,11058774727.501123,-6450271328.046057
CAN,202305,344406783.86262804,719445232.5423414,-375038448.6797133,350975757.7706676,384936515.3790746,787692567.0542014,865948866.2188438,-436716809.28353375,-481012350.83976924,4576308109.510205,10953953221.131592,-6377645111.621387
CAN,202306,343764151.5531966,738145758.9328382,-394381607.3796416,335382254.0769901,349000866.52031976,730737553.8807682,754601979.1603848,-395355299.80377805,-405601112.640065,4511821268.50698,10708021113.984941,-6196199845.477962
CAN,202307,336012262.9987542,728331525.1130059,-392319262.1142517,343265614.9121375,343207875.5865984,770032302.9933567,762820807.9761089,-426766688.0812192,-419612932.3895105,4482676037.676817,10559173425.25788,-6076497387.581062
CAN,202308,359713629.70315385,717720218.5590572,-358006588.8559034,363846872.0393837,347498247.0095038,775559956.1639606,758776604.3460284,-411713084.12457687,-411278357.33652467,4477885771.455616,10274029194.80507,-5796143423.349455
CAN,202309,328546494.6169651,782337669.9092208,-453791175.2922557,328824357.89668053,345312281.61606723,834537392.1503191,793376550.4358788,-505713034.25363857,-448064268.8198115,4386720331.144284,10232920967.984753,-5846200636.840467
CAN,202310,326515218.41302174,744163345.9835664,-417648127.57054466,317669678.59698856,336780302.8443509,737525642.1967293,782540996.8370031,-419855963.59974074,-445760693.99265224,4309357171.69952,10156191711.006079,-5846834539.306558
CAN,202311,341223133.00030303,774207980.7258177,-432984847.72551465,336028750.60093695,327507595.698202,754568251.0765266,775543761.8078585,-418539500.4755897,-448036166.10965645,4297588681.618393,10016811302.799067,-5719222621.180674
CAN,202312,330040428.6942571,800908254.0088053,-470867825.3145482,330286521.2150176,327994983.47098106,601696576.5054919,697930156.592916,-271410055.29047424,-369935173.12193495,4260438872.7884765,9658103577.54107,-5397664704.752594
CAN,202401,330093919.17880714,713960555.9274322,-383866636.74862504,334822235.47328573,333712502.42974675,747326176.1551286,701197001.2457157,-412503940.68184286,-367484498.815969,4195611464.4116144,9590014790.933964,-5394403326.522349
CAN,202402,310680799.7268163,664691052.3208122,-354010252.5939959,327340187.5186404,330816314.7356479,747230980.6056818,698751244.4221007,-419890793.0870414,-367934929.68645275,4178616666.54468,9296500831.31756,-5117884164.77288
CAN,202403,335363553.6853992,858578274.2171494,-523214720.5317502,315037556.83194613,325733326.6079574,768125938.4379976,754227698.3996028,-453088381.60605145,-428494371.79164535,4044928004.383859,8973022746.406614,-4928094742.022755
CAN,202404,319248278.98786736,783161636.0758507,-463913357.08798337,305747915.36231077,316041886.57096577,747881985.7450647,754412968.2629147,-442134070.38275397,-438371081.6919489,4005608654.4211698,9025651504.315897,-5020042849.894728
CAN,202405,343114064.65538096,879547656.8742126,-536433592.21883166,359335381.3178597,326706951.17070556,976523064.077887,830843662.7536497,-617187682.7600274,-504136711.58294415,4004315935.2139225,9185753928.647768,-5181437993.4338455
CAN,202406,330187212.3789214,826829000.1156282,-496641787.73670685,322774566.76919216,329285954.48312086,797540342.5249223,840648464.1159581,-474765775.7557301,-511362509.63283724,3990738996.039647,9274437169.830559,-5283698173.790911
CAN,202407,311582906.578402,915450552.3221266,-603867645.7437246,320491719.2111779,334200555.76607656,1004425908.2591004,926163104.95397,-683934189.0479226,-591962549.1878934,3966309639.619295,9461556197.039679,-5495246557.420384
CAN,202408,314291617.0518309,915180682.030516,-600889064.9786851,317745512.6263572,320337266.20224243,1006391648.6760948,936119299.8200392,-688646136.0497376,-615782033.6177967,3920887626.9679723,9659016660.511139,-5738129033.543166
CAN,202409,343590331.57025373,755405741.0906525,-411815409.52039874,353495923.33442026,330577718.39065176,839579642.7974716,950132399.910889,-486083719.4630514,-619554681.5202372,3935931463.921261,9632084731.69257,-5696153267.771309
CAN,202410,402314181.46235347,782648016.0493613,-380333834.5870079,393563192.21126246,354934876.05734664,754437195.5728953,866802829.0154872,-360874003.3616328,-511867952.95814055,4011730426.9705925,9670569401.758364,-5658838974.787772
CAN,202411,378964214.36968243,882427287.4046928,-503463073.03501034,375800434.701665,374286516.7491159,874445436.2798967,822820758.2167546,-498645001.57823175,-448534241.4676387,4049471508.339972,9778788708.43724,-5729317200.097268
CAN,202412,343553924.7858506,785523204.109677,-441969279.3238264,347249721.45309824,372204449.4553419,577664695.6977282,735515775.8501735,-230414974.24462992,-363311326.3948316,4062985004.4315653,9763403658.53811,-5700418654.106545
CAN,202501,370383888.82527804,827746858.0372313,-457362969.2119533,376047759.6310616,366365971.92860824,871869775.2226679,774659969.0667642,-495822015.5916063,-408293997.138156,4103274974.0780363,9877189960.647911,-5773914986.569874
CAN,202502,331452331.30412483,764792193.0692443,-433339861.76511943,337151263.6687376,353482914.9176325,854819166.5281813,768117879.1495258,-517667902.8594437,-414634964.23189324,4124046505.6553445,9977291101.396343,-5853244595.740997
CAN,202503,385236605.8695282,967621734.3107449,-582385128.4412167,359744656.0617953,357647893.1205315,860390229.6479975,862359723.7996155,-500645573.5862022,-504711830.679084,4173919557.8394737,10086334561.489939,-5912415003.650465
CAN,202504,315840501.816691,820799060.5055153,-504958558.68882436,290337054.71589905,329077658.1488107,739137512.9905118,818115636.388897,-448800458.2746127,-489037978.24008626,4170511780.6682973,10123971985.919601,-5953460205.251305
CAN,202505,313521732.8013542,792068077.3948812,-478546344.593527,337732431.97658813,329271380.91809416,895478485.4219068,831668742.6868054,-557746053.4453187,-502397361.7687112,4140919448.814271,10036492406.440271,-5895572957.626
CAN,202506,375454816.0058945,983369506.739792,-607914690.7338974,367499712.9303407,331856399.874276,923216299.1333858,852610765.8486015,-555716586.2030451,-520754365.9743255,4186187052.441244,10193032913.064436,-6006845860.623192
CAN,202507,355994650.8805321,805951796.8628602,-449957145.9823281,368147783.2867526,357793309.39789385,921378656.4026186,913357813.652637,-553230873.1158661,-555564504.2547431,4230598796.743374,10083534157.60517,-5852935360.861794
CAN,202508,357150168.0706768,833327522.6144371,-476177354.5437603,361378946.4954381,365675480.9041771,935370266.4735962,926655074.0032002,-573991319.9781581,-560979593.0990231,4273457347.76222,10001680998.189089,-5728223650.426869
CAN,202509,329415404.8956953,788506363.6012036,-459090958.70550823,348605033.5202569,359377254.4341492,916173818.856313,924307580.5775093,-567568785.3360561,-564930326.1433601,4259282421.0876613,10034781620.69964,-5775499199.6119795
CAN,202510,356849517.2598251,1082203027.9914806,-725353510.7316555,350534709.82455593,353506229.94675034,1013577906.1364027,955040663.822104,-663043196.3118467,-601534433.8753536,4213817756.8851333,10334336632.64176,-6120518875.756627
CAN,202511,343362641.17428654,939468755.0072352,-596106113.8329487,342133571.88404995,347091105.07628757,949813812.6079829,959855179.2002329,-607680240.723933,-612764074.1239452,4178216183.6897373,10391378100.244303,-6213161916.554565
CAN,202512,351896873.1201966,1366778478.6569927,-1014881605.5367961,358862285.2627821,350510188.9904626,987643633.2114388,983678450.6519414,-628781347.9486567,-633168261.6614788,4186559132.024083,10972633374.791618,-6786074242.767535
CAN,202601,324031708.4182127,1264133315.6833901,-940101607.2651775,330982231.08156365,343992696.0761319,1336874471.408459,1091443972.4092934,-1005892240.3268952,-747451276.3331616,4140206951.617018,11409019832.437777,-7268812880.82076
CAN,202602,379985446.23555815,953570564.0315259,-573585117.7959677,372254006.09002984,354032840.8114585,1057839836.3618717,1127452646.9939232,-685585830.2718419,-773419806.1824646,4188740066.5484514,11597798203.400059,-7409058136.851608
CAN,202603,389752269.81277364,1212840286.9875722,-823088017.1747985,360242752.85047686,354492996.67402345,1070458427.3262745,1155057578.365535,-710215674.4757977,-800564581.6915116,4193255730.491697,11843016756.076885,-7649761025.585189
CAN,202604,416563470.12,1296745654.3765314,-880182184.2565314,366835234.5966347,366443997.8457138,1095695136.3144872,1074664466.6675444,-728859901.7178526,-708220468.8218305,4293978698.795006,12318963349.947903,-8024984651.152897
CHE,201701,201355611.01419884,253594213.51529792,-52238602.50109908,215545485.39622766,,243834744.61768192,,-28289259.221454263,,,,
CHE,201702,211299126.91302723,225458123.46106547,-14158996.548038244,224523072.64144197,,249486545.246051,,-24963472.604609042,,,,
CHE,201703,240638162.84411713,279735945.06621313,-39097782.222095996,226686863.33968332,222251807.1257843,260827056.8198834,251382782.22787213,-34140193.48020008,-29130975.102087826,,,
CHE,201704,214524697.74346852,231849349.06072623,-17324651.317257702,223974605.19404405,225061513.72505644,253360203.22297046,254557935.09630165,-29385598.028926402,-29496421.371245205,,,
CHE,201705,211679514.98930237,262972500.51032627,-51292985.5210239,219077285.01955298,223246251.18442678,262221867.04956838,258803042.36414075,-43144582.03001541,-35556791.179713964,,,
CHE,201706,234658971.00124964,265628253.75512463,-30969282.753874987,222306279.79557195,221786056.669723,268931029.1805551,261504366.48436466,-46624749.38498315,-39718309.814641654,,,
CHE,201707,232507935.8535019,273580954.8093692,-41073018.95586732,219182759.5889248,220188774.8013499,275421669.1098602,268858188.44666123,-56238909.52093539,-48669413.645311326,,,
CHE,201708,205787742.0152517,284138391.19564265,-78350649.18039095,225099184.45627296,222196074.6135899,283225530.61979234,275859409.63673586,-58126346.16351938,-53663335.023145944,,,
CHE,201709,232163881.28363195,289138780.8433816,-56974899.55974963,226463895.85825887,223581946.63448557,284788434.7540854,281145211.4945793,-58324538.89582655,-57563264.86009374,,,
CHE,201710,239256036.74443653,298563137.2883082,-59307100.54387167,224413525.7051178,225325535.3398832,286016400.8698164,284676788.74789804,-61602875.16469863,-59351253.408014834,,,
CHE,201711,222575337.34767458,316451674.79562473,-93876337.44795015,224930404.70373634,225269275.422371,293002962.7049299,287935932.77627724,-68072558.00119355,-62666657.353906244,,,
CHE,201712,229282854.62882748,294088771.4082551,-64805916.77942762,222837372.47760153,224060434.29548523,304320822.2634593,294446728.6127352,-81483449.7858578,-70386294.31724998,2675729872.378688,3275200095.7093353,-599470223.3306472
CHE,201801,215556869.18712178,316623353.9481755,-101066484.76105371,229852313.29028082,225873363.49053955,302023998.5118642,299782594.4934178,-72171685.22158337,-73909231.00287825,2689931130.551611,3338229236.142213,-648298105.5906019
CHE,201802,203267225.71842536,277630888.86442465,-74363663.14599928,216010351.915405,222900012.5610958,303635722.5642643,303326847.7798626,-87625370.64885929,-80426835.21876678,2681899229.357009,3390402001.5455723,-708502772.1885629
CHE,201803,237777203.43478346,305662556.031272,-67885352.59648854,220076345.56693286,221979670.25753954,290086663.4870053,298582128.18771124,-70010317.92007244,-76602457.9301717,2679038269.947675,3416328612.5106306,-737290342.5629555
CHE,201804,221834431.77077731,296268812.5459232,-74434380.77514586,226319012.39421937,220801903.29218575,321678599.8632661,305133661.9715119,-95359587.46904674,-84331758.67932615,2686348003.974984,3480748075.9958277,-794400072.0208435
CHE,201805,224476281.6165802,299572613.76527995,-75096332.14869976,230620011.89486888,225671789.95200703,306547304.0428813,306104189.1310509,-75927292.14801243,-80432399.17904386,2699144770.602262,3517348189.2507815,-818203418.6485195
CHE,201806,241656366.3185422,310259091.8545735,-68602725.53603128,237710127.8019037,231549717.363664,312671111.20001626,313632338.36872125,-74960983.39811257,-82082621.00505725,2706142165.919554,3561979027.35023,-855836861.4306757
CHE,201807,251878398.3960918,295008899.5372837,-43130501.14119193,235976006.46464562,234768715.3871394,293572154.64667016,304263523.29652256,-57596148.18202454,-69494807.90938315,2725512628.4621444,3583406972.0781446,-857894343.6160004
CHE,201808,246572270.31048676,285578823.87469834,-39006553.56421158,271199962.834144,248295365.7002311,292521422.14443856,299588229.330375,-21321459.31029457,-51292863.63014391,2766297156.7573795,3584847404.7572002,-818550247.999821
CHE,201809,239850008.45976406,283307928.33285105,-43457919.87308699,235440828.9275728,247538932.74212083,282208354.6474985,289433977.1462024,-46767525.7199257,-41895044.40408155,2773983283.9335117,3579016552.24667,-805033268.3131584
CHE,201810,243342214.48045444,326043515.5334088,-82701301.05295438,229353959.5354202,245331583.76571235,305184023.36252296,293304600.0514867,-75830063.82710275,-47973016.28577432,2778069461.6695294,3606496930.4917703,-828427468.8222411
CHE,201811,231409959.8525112,324878369.17261356,-93468409.32010236,232302081.5071697,232365623.32338753,300906790.35472757,296099722.7882497,-68604708.84755787,-63734099.46486214,2786904084.174366,3614923624.868759,-828019540.6943934
CHE,201812,208080438.7819837,289888871.2374706,-81808432.45548692,204696003.08851698,222117348.04370227,294017233.0071223,300036015.57479095,-89321229.9186053,-77918667.53108868,2765701668.3275223,3610723724.6979747,-845022056.3704526
CHE,201901,240607020.34249514,330747301.2556231,-90140280.91312796,255940124.40965796,230979403.00178155,313911023.78676033,302945015.7162034,-57970899.377102375,-71965612.71442184,2790751819.4828954,3624847672.0054226,-834095852.5225267
CHE,201902,231022250.8985549,284690489.374807,-53668238.47625211,245568269.76177675,235401465.75331724,308165983.16845065,305364746.6541111,-62597713.40667391,-69963280.90079385,2818506844.6630254,3631907272.515805,-813400427.8527796
CHE,201903,262558100.6423513,328720083.2031291,-66161982.56077781,238613029.2225224,246707141.13131905,317412142.9796679,313163049.97829294,-78799113.7571455,-66455908.846973896,2843287741.870593,3654964799.6876616,-811677057.8170689
CHE,201904,238922063.06518105,312509756.19438386,-73587693.12920281,238155481.50150385,240778926.828601,336797609.28441983,320791911.8108461,-98642127.78291598,-80012984.98224509,2860375373.1649966,3671205743.3361225,-810830370.1711259
CHE,201905,255272350.24283502,351820740.00735605,-96548389.76452103,261118727.33469915,245962412.68624178,369232639.9084601,341147464.0575159,-108113912.57376093,-95185051.37127414,2891171441.791251,3723453869.578199,-832282427.7869471
CHE,201906,224881172.28828016,284779661.2799302,-59898488.991650015,228099744.5088968,242457984.4483666,284597298.0896388,330209182.42750627,-56497553.58074203,-87751197.97913966,2874396247.7609897,3697974439.0035553,-823578191.2425659
CHE,201907,261968925.9856853,324780274.5815432,-62811348.59585792,244273272.9501372,244497248.26457772,319881903.0431077,324570613.6804022,-75608630.09297049,-80073365.4158245,2884486775.350583,3727745814.047815,-843259038.6972318
CHE,201908,218326525.3651129,290289291.7380195,-71962766.37290663,241166382.39980274,237846466.61961225,305661272.8171997,303380157.9833154,-64494890.41739696,-65533691.36370316,2856241030.405209,3732456281.911136,-876215251.505927
CHE,201909,232861369.8785007,317008144.0112822,-84146774.1327815,229568226.44085366,238335960.59693122,319787350.5321248,315110175.46414405,-90219124.09127116,-76774214.86721283,2849252391.8239455,3766156497.589567,-916904105.7656214
CHE,201910,264334904.56156135,323624811.19641423,-59289906.634852886,251340183.19690406,240691597.34585348,295981244.17793024,307143289.17575157,-44641060.98102617,-66451691.82989809,2870245081.9050527,3763737793.2525725,-893492711.34752
CHE,201911,254302328.3353047,322086651.0295042,-67784322.69419947,253984221.84683928,244964210.49486566,298307183.06424004,304691925.92476505,-44322961.21740076,-59727715.429899395,2893137450.3878465,3760946075.109463,-867808624.7216171
CHE,201912,248011750.88199458,298377932.7393658,-50366181.85737124,247759941.51170355,251028115.5184823,296288867.65507245,296859098.2990809,-48528926.1433689,-45830982.78059861,2933068762.487857,3769435136.6113586,-836366374.1235013
CHE,202001,226214959.16916865,314470718.72316325,-88255759.5539946,240258147.9329875,247334103.76384345,298902100.5487795,297832717.089364,-58643952.61579198,-50498613.325520545,2918676701.314531,3753158554.078899,-834481852.764368
CHE,202002,226855057.21944597,280287468.4374047,-53432411.21795872,240067954.45438907,242695347.96636,301551764.2362268,298914244.14669293,-61483809.78183773,-56218896.18033293,2914509507.6354213,3748755533.141496,-834246025.5060747
CHE,202003,242457570.61794746,300843955.8829908,-58386385.26504332,215896110.30556616,232074070.8976476,294181858.7670704,298211907.8506923,-78285748.46150425,-66137836.95304468,2894408977.6110177,3720879405.821358,-826470428.2103401
CHE,202004,198076310.99909458,271669340.85590726,-73593029.85681269,193003537.2323873,216322533.9974475,289780723.6125129,295171448.87193674,-96777186.38012558,-78848914.87448925,2853563225.5449314,3680038990.4828815,-826475764.9379501
CHE,202005,199782149.46874395,285261343.04697514,-85479193.57823119,202690475.9393505,203863374.49243465,307362679.46731824,297108420.6156339,-104672203.52796775,-93245046.12319925,2798073024.7708406,3613479593.5225,-815406568.7516601
CHE,202006,229399760.6464297,302561977.5979018,-73162216.95147213,238468671.38102296,211387561.51758692,300996219.719178,299379874.2663364,-62527548.33815506,-87992312.74874946,2802591613.1289897,3631261909.840472,-828670296.7114823
CHE,202007,267530564.45765236,314936128.4466185,-47405563.98896614,249399227.9767605,230186125.09904465,306566220.3064959,304975039.8309974,-57166992.3297354,-74788914.73195276,2808153251.600957,3621417763.7055473,-813264512.1045905
CHE,202008,217123577.15983936,298582554.6710369,-81458977.51119754,240922358.88117242,242930086.07965195,322087084.36884034,309883174.7981714,-81164725.48766792,-66953088.71851945,2806950303.3956833,3629711026.638565,-822760723.2428814
CHE,202009,252289420.81610525,311834354.1471248,-59544933.33101958,249335234.9469397,246552273.93495753,317400002.60769415,315351102.4276768,-68064767.66075444,-68798828.49271926,2826378354.333288,3624537236.7744074,-798158882.4411194
CHE,202010,272374074.94357544,374380726.1041532,-102006651.16057777,261720255.73343736,250659283.18718314,335267191.4941613,324918092.82356524,-73546935.76072395,-74258809.6363821,2834417524.715302,3675293151.6821465,-840875626.9668443
CHE,202011,254682057.15037483,361590883.37387735,-106908826.22350252,252616794.54673252,254557428.40903652,334588971.60344803,329085388.5684345,-81972177.05671552,-74527960.15939796,2834797253.530372,3714797384.02652,-880000130.4961474
CHE,202012,263366438.17147878,348193261.52425814,-84826823.35277936,268506660.0523548,260947903.4441749,337177045.0777742,335677736.0584612,-68670385.02541941,-74729832.6142863,2850151940.8198566,3764612712.811412,-914460771.9915555
CHE,202101,247485339.0342173,302595451.8704109,-55110112.83619362,266432053.54110205,262518502.71339646,289161413.91439945,320309143.5318739,-22729360.373297393,-57790640.81847742,2871422320.684905,3752737445.9586596,-881315125.2737546
CHE,202102,231070379.86346936,272759314.62476796,-41688934.7612986,242467568.85832104,259135427.48392594,292526893.96895945,306288450.9870444,-50059325.11063841,-47153023.503118455,2875637643.3289285,3745209292.146023,-869571648.8170944
CHE,202103,313422177.26239353,347910080.8156083,-34487903.55321479,274374976.8246788,261091533.0747006,339351384.92291135,307013230.93542343,-64976408.09823257,-45921697.86072284,2946602249.9733744,3792275417.0786405,-845673167.1052659
CHE,202104,291593800.36625504,330819051.33895695,-39225250.97270191,277662000.8417575,264834848.84158573,356931685.5007914,329603321.4642207,-79269684.6590339,-64768472.62263498,3040119739.340535,3851425127.5616903,-811305388.221155
CHE,202105,270833162.0705188,315732403.9223996,-44899241.85188079,277226099.73079336,276421025.7990765,345040851.6561911,347107974.0266313,-67814751.92539775,-70686948.2275548,3111170751.9423094,3881896188.4371147,-770725436.4948047
CHE,202106,318325992.3594911,385814480.737606,-67488488.37811488,326511439.8084292,293799846.79366,375995660.3232128,359322732.4933984,-49484220.51478362,-65522885.69973844,3200096983.655371,3965148691.5768185,-765051707.9214475
CHE,202107,299349256.8212547,389765310.1133025,-90416053.29204786,283891641.9867701,295876393.84199756,379076860.90751874,366704457.62897426,-95185218.92074865,-70828063.7869767,3231915676.0189734,4039977873.2435026,-808062197.2245293
CHE,202108,271401044.888098,331630756.62378216,-60229711.73568416,298158943.5285913,302854008.44126344,367698826.7155968,374257115.9821095,-69539883.18700552,-71403107.54084605,3286193143.747232,4073026075.196248,-786832931.4490159
CHE,202109,301415592.8900452,360242765.67153805,-58827172.78149283,293250811.0952716,291767132.2035443,375385792.145043,374053826.58938617,-82134981.04977143,-82286694.38584185,3335319315.8211718,4121434486.720661,-786115170.899489
CHE,202110,286473527.6645859,369913716.9140166,-83440189.24943072,280733511.6904414,290714422.10476804,329261115.1811735,357448578.0139378,-48527603.490732074,-66734155.90916973,3349418768.5421824,4116967477.5305247,-767548708.988342
CHE,202111,290166314.8761175,412644618.3937772,-122478303.51765966,287988403.11389345,287324241.9665355,384078330.96376526,362908412.7633273,-96089927.84987181,-75584170.79679179,3384903026.2679253,4168021212.550424,-783118186.2824991
CHE,202112,265483118.72336555,422490170.4130908,-157007051.68972528,277541208.7546406,282087707.8529918,402479904.0047968,371939783.38324517,-124938695.25015622,-89852075.53025335,3387019706.819812,4242318121.4392567,-855298414.6194451
CHE,202201,261018003.97167596,395791284.61788243,-134773280.64620647,279577898.210266,281702503.3596,380251215.3412009,388936483.43658763,-100673317.1309349,-107233980.07698762,3400552371.7572703,4335513954.1867285,-934961582.4294579
CHE,202202,282892244.64714867,360618151.23105586,-77725906.58390719,293699155.5737337,283606087.51288,385403309.84989,389378143.06529593,-91704154.2761563,-105772055.5524159,3452374236.54095,4423372790.793016,-970998554.2520666
CHE,202203,346599872.61610645,410300684.36057764,-63700811.74447119,304885561.63630396,292720871.8067678,393710931.4130779,386455152.2013896,-88825369.77677393,-93734280.39462179,3485551931.894663,4485763394.337986,-1000211462.4433229
CHE,202204,313450943.23705244,362125652.29644084,-48674709.0593884,294719868.9752316,297768195.3950897,389269018.7111938,389461086.6580539,-94549149.73596221,-91692891.26296419,3507409074.76546,4517069995.295469,-1009660920.5300095
CHE,202205,277261394.1845018,356302106.8279881,-79040712.64348626,293434348.7511208,297679926.4542188,385087249.36643404,389355733.16356856,-91652900.61531323,-91675806.70934975,3513837306.8794436,4557639698.201058,-1043802391.321615
CHE,202206,303861086.2211965,415220730.6338598,-111359644.41266334,301023554.91611314,296392590.88082176,399245283.10012627,391200517.05925137,-98221728.18401313,-94807926.1784296,3499372400.7411485,4587045948.097312,-1087673547.3561633
CHE,202207,274932939.17163247,372301991.9281047,-97369052.75647223,263465025.09812063,285974309.58845145,361824395.4297032,382052309.2987545,-98359370.33158255,-96077999.71030307,3474956083.0915265,4569582629.912114,-1094626546.8205876
CHE,202208,273212894.2769308,416082791.3868616,-142869897.1099308,295599736.16227,286696105.39216787,466118732.4855815,409062803.67180365,-170518996.3233115,-122366698.27963579,3476767932.4803596,4654034664.675194,-1177266732.1948342
CHE,202209,288124507.0096842,504133235.4584941,-216008728.44880992,276181144.58619493,278415301.9488618,521214906.1195461,449719344.67827696,-245033761.53335118,-171304042.72941518,3463476846.5999985,4797925134.46215,-1334448287.8621516
CHE,202210,285241883.3184793,434073835.9162919,-148831952.5978126,281939335.47418606,284573405.4075503,390588719.9024607,459307452.8358628,-108649384.42827463,-174734047.42831254,3462245202.253892,4862085253.464425,-1399840051.2105331
CHE,202211,318878798.9899299,406391622.83320314,-87512823.84327322,318160294.8628871,292093591.6410894,388152116.6588637,433318580.89362353,-69991821.79597664,-141224989.25253415,3490957686.367704,4855832257.9038515,-1364874571.5361469
CHE,202212,378375851.61583793,398128335.6970496,-19752484.081211686,402552188.3356345,334217272.8909025,379553792.47625303,386098209.6791925,22998395.859381497,-51880936.788289964,3603850419.2601767,4831470423.18781,-1227620003.9276333
CHE,202301,298190637.7579373,399294373.71329486,-101103735.95535755,317679715.22029114,346130732.8062709,384385507.17916036,384030472.10475904,-66705791.95886922,-37899739.29848814,3641023053.046438,4834973512.283222,-1193950459.2367845
CHE,202302,305021144.8352827,349690336.1133046,-44669191.27802193,307986669.7869578,342739524.4476278,370927217.32711464,378288838.994176,-62940547.54015684,-35549314.54654819,3663151953.2345715,4824045697.16547,-1160893743.9308991
CHE,202303,343828511.6368349,455323882.9153056,-111495371.2784707,314544915.34699446,313403766.7847478,425910334.6036045,393741019.70329314,-111365419.25661004,-80337252.91854537,3660380592.2553005,4869068895.720199,-1208688303.4648986
CHE,202304,300663379.28885394,340682423.2915345,-40019044.00268054,283295304.84501964,301942296.65965724,365890287.9344483,387575946.62172246,-82594983.08942866,-85633649.96206522,3647593028.307102,4847625666.715293,-1200032638.4081907
CHE,202305,293793876.16245234,349604795.4263927,-55810919.263940334,314534686.1046748,304124968.76556295,367302047.7722176,386367556.7700901,-52767361.667542756,-82242588.00452715,3664125510.2850523,4840928355.313697,-1176802845.028645
CHE,202306,338320685.6058736,363590407.9066528,-25269722.300779223,330574933.7974676,309468308.24905396,357770628.9636745,363654321.5567801,-27195695.166206896,-54186013.307726145,3698585109.6697297,4789298032.586491,-1090712922.9167607
CHE,202307,322026935.5519489,379171759.90211153,-57144824.350162625,307360338.9258245,317489986.275989,369516658.2454737,364863111.6604552,-62156319.31964916,-47373125.38446623,3745679106.050046,4796167800.560497,-1050488694.5104512
CHE,202308,306822756.80261654,397401400.1230441,-90578643.32042754,329267198.7688425,322400823.83071154,451258816.7256006,392848701.31158286,-121991617.95675808,-70447877.48087132,3779288968.5757313,4777486409.2966795,-998197440.7209479
CHE,202309,345395125.9472029,433845344.68488175,-88450218.73767883,329896624.64005363,322174720.77824014,446262764.5366616,422346079.8359119,-116366139.896608,-100171359.05767179,3836559587.5132504,4707198518.523067,-870638931.0098166
CHE,202310,330927911.0237229,352096908.1998801,-21168997.176157236,319218619.2605556,326127480.8898172,318636576.38250875,405386052.54825705,582042.8780468702,-79258571.65843987,3882245615.2184935,4625221590.806655,-742975975.5881615
CHE,202311,316779277.228826,339070097.1032632,-22290819.874437213,316909270.7235814,322008171.54139686,326859398.1021259,363919579.6737654,-9950127.37854451,-41911408.132368565,3880146093.45739,4557900065.076715,-677753971.6193254
CHE,202312,302873609.00534856,344987028.203821,-42113419.19847244,316327051.2076185,317484980.3972518,338734682.8291681,328076885.7712676,-22407631.621549606,-10591905.374015808,3804643850.8469005,4504758757.583487,-700114906.7365861
CHE,202401,317791811.9066416,343513415.0752275,-25721603.168585896,341082412.8198524,324772911.583684,332996308.42510855,332863463.1188008,8086104.39474386,-8090551.535116792,3824245024.995605,4448977798.945419,-624732773.9498144
CHE,202402,333762063.24420494,324407929.3840977,9354133.860107243,341820388.9199411,333076617.6491373,346444248.7688965,339391746.67439103,-4623859.848955393,-6315129.025253713,3852985943.404527,4423695392.216212,-570709448.8116853
CHE,202403,306071942.09532124,357031478.4766174,-50959536.38129616,291103727.9276387,324668843.2224774,325620534.9239679,335020364.03932434,-34516806.99632919,-10351520.816846967,3815229373.8630133,4325402987.777524,-510173613.9145108
CHE,202404,340775811.2811032,369824045.71851283,-29048234.43740964,324650794.4123561,319191637.0866453,383171112.9990453,351745298.8973033,-58520318.586689234,-32553661.810657978,3855341805.8552628,4354544610.204502,-499202804.3492399
CHE,202405,333989573.9535221,309071946.8617051,24917627.09181696,360194133.6322946,325316218.65742975,314105815.08141476,340965821.001476,46088318.550879836,-15649602.344046235,3895537503.6463323,4314011761.639815,-418474257.9934826
CHE,202406,325849661.6225367,360515983.02017874,-34666321.39764202,317539537.29794085,334128155.11419713,363432286.4216922,353569738.1673841,-45892749.12375134,-19441583.053186953,3883066479.6629953,4310937336.753341,-427870857.0903454
CHE,202407,330159164.2920814,326403046.1237772,3756118.168304205,313692292.08221406,330475321.00414985,318615710.9293046,332051270.81080383,-4923418.847090542,-1575949.8066539764,3891198708.403128,4258168622.9750066,-366969914.57187855
CHE,202408,285574697.6103105,280325761.5432812,5248936.067029297,302993123.4910642,311408317.62373966,322634765.72994846,334894254.3603151,-19641642.23888427,-23485936.736575425,3869950649.210822,4141092984.3952436,-271142335.1844217
CHE,202409,320305474.1051704,311287575.3672238,9017898.73794663,304019555.9343744,306901657.1692175,318698868.0044414,319983114.88789815,-14679312.070066988,-13081457.71868062,3844860997.3687897,4018535215.077586,-173674217.70879626
CHE,202410,320519776.8843469,346386883.7535072,-25867106.869160295,299665036.99132794,302225905.47225547,314327332.3748108,318553655.3697335,-14662295.383482873,-16327749.897478044,3834452863.229414,4012825190.631213,-178372327.40179932
CHE,202411,304894485.48659104,313889669.0067225,-8995183.520131469,305772721.3578269,303152438.0945097,304676358.4917662,312567519.6236728,1096362.8660606742,-9415081.529163063,3822568071.487179,3987644762.5346723,-165076691.04749358
CHE,202412,387682115.4750695,369311518.1547798,18370597.32028973,398178397.5524167,334538718.63385713,373905195.5472644,330969628.8046138,24273202.005152285,3569089.8292433023,3907376577.9568996,4011969252.485631,-104592674.5287314
CHE,202501,271617920.8953824,333188774.69632775,-61570853.80094534,292117435.1889304,332022851.3663913,326231428.2897155,334937660.7762487,-34113993.100785136,-2914809.4098573923,3861202686.9456406,4001644612.1067314,-140441925.16109085
CHE,202502,265143996.24313858,281619159.9279485,-16475163.684809893,273277406.25992304,321191079.66709,302064988.48081857,334067204.10593283,-28787582.22089553,-12876124.438842833,3792584619.944574,3958855842.6505823,-166271222.706008
CHE,202503,318089904.30049896,319704572.6965213,-1614668.3960223198,315334385.62114155,293576409.02333164,284515222.9857926,304270546.58544225,30819162.635348976,-10694137.562110603,3804602582.1497517,3921528936.8704863,-116926354.72073415
CHE,202504,301704503.53726786,310209533.2661356,-8505029.72886771,289614598.19189453,292742130.02431965,312039237.12811995,299539816.1982437,-22424638.936225414,-6797686.173924029,3765531274.4059167,3861914424.4181085,-96383150.01219222
CHE,202505,292892965.1250941,347733649.28738356,-54840684.16228944,318112950.68711185,307687311.5000493,341643158.4562414,312732539.52338463,-23530207.769129574,-5045228.023335338,3724434665.5774884,3900576126.8437867,-176141461.26629862
CHE,202506,318175496.4376238,327552007.6431676,-9376511.205543816,311065989.18139535,306264512.68680054,338880888.0951701,330854427.8931771,-27814898.91377473,-24589915.206376553,3716760500.3925757,3867612151.4667764,-150851651.07420042
CHE,202507,343651137.4044729,352392699.51706034,-8741562.112587452,324354298.35741884,317844412.7419753,344605059.6664405,341709702.0726173,-20250761.30902165,-23865289.330641985,3730252473.504967,3893601804.8600593,-163349331.35509208
CHE,202508,311192110.7226492,299403559.8837898,11788550.838859439,326799651.28170925,320739979.60684115,349035900.4628652,344173949.4081586,-22236249.18115592,-23433969.801317453,3755869886.6173058,3912679603.2005677,-156809716.58326194
CHE,202509,346814485.32183695,350736879.09529895,-3922393.7734619975,327718796.49749315,326290915.3788737,357234011.45290715,350291657.1940709,-29515214.955413997,-24000741.81519717,3782378897.833972,3952128906.9286427,-169750009.09467056
CHE,202510,376526780.86599904,407938037.7521733,-31411256.88617426,340015809.608943,331511419.1293817,370157214.05590135,358809041.99055785,-30141404.446958363,-27297622.861176133,3838385901.815624,4013680060.9273086,-175294159.11168453
CHE,202511,332904038.35128087,394371766.76295584,-61467728.41167498,335004671.68530077,334246425.93057895,384952649.19860417,370781291.5691376,-49947977.5133034,-36534865.638558626,3866395454.680314,4094162158.6835423,-227766704.00322804
CHE,202512,334930989.1700525,356811291.84254813,-21880302.672495604,337572887.7198116,337531123.0046851,372804219.6189532,375971360.95781964,-35231331.89914161,-38440237.95313454,3813644328.375297,4081661932.3713107,-268017603.99601337
CHE,202601,314188353.80321544,381636513.18776333,-67448159.38454789,339630138.3988628,337402565.93465835,377705668.7568377,378487512.5247984,-38075530.35797495,-41084946.590140045,3856214761.28313,4130109670.8627462,-273894909.57961595
CHE,202602,324325069.26062363,360042524.1603224,-35717454.899698794,336724341.3902643,337975789.1696462,388456622.99337655,379655503.7897225,-51732281.60311228,-41679714.6200763,3915395834.3006153,4208533035.09512,-293137200.7945048
CHE,202603,332648002.8015645,453713069.3529922,-121065066.55142766,343565102.7147177,339973194.1679482,393937510.43418694,386699934.0614671,-50372407.71946925,-46726739.893518925,3929953932.801681,4342541531.751591,-412587598.94991016
CHE,202604,358701027.28101367,420412003.543613,-61710976.26259935,347528112.2745172,342605852.1264997,410546661.11129475,397646931.51295274,-63018548.83677757,-55041079.38645303,3986950456.5454264,4452744002.029069,-465793545.4836418
CHK,201701,8485250855.052678,19724257317.334423,-11239006462.281746,8729964733.50823,,22493920011.5285,,-13763955278.02027,,,,
CHK,201702,7461055259.047562,20517346977.322147,-13056291718.274586,9105291446.118826,,23598488423.382736,,-14493196977.26391,,,,
CHK,201703,8920539777.800966,23302110742.145393,-14381570964.344427,9020997165.00625,8952084448.211103,22916000695.091393,23002803043.33421,-13895003530.085142,-14050718595.123106,,,
CHK,201704,8774347232.934788,21358965132.84517,-12584617899.910381,9238912369.220182,9121733660.115086,22900386343.867054,23138291820.780396,-13661473974.646872,-14016558160.66531,,,
CHK,201705,9235615378.245195,22636842671.315937,-13401227293.070742,9502030568.926573,9253980034.384336,23324766680.026806,23047051239.661747,-13822736111.100233,-13793071205.27741,,,
CHK,201706,10316988206.081707,24394059605.127693,-14077071399.045986,9821746740.61406,9520896559.586939,24240934223.050045,23488695748.981304,-14419187482.435986,-13967799189.394365,,,
CHK,201707,10278769350.632483,23361072975.840984,-13082303625.208502,10203935399.581951,9842570903.040861,23605652002.448997,23723784301.84195,-13401716602.867046,-13881213398.801088,,,
CHK,201708,11160962154.340126,26275525181.041718,-15114563026.701591,10264687533.701674,10096789891.299227,24332527255.2932,24059704493.597412,-14067839721.591528,-13962914602.298185,,,
CHK,201709,11265093314.094147,26878911864.517895,-15613818550.423748,10505401373.16913,10324674768.817583,25004432388.638077,24314203882.12676,-14499031015.468946,-13989529113.309175,,,
CHK,201710,10398325194.08758,27698285144.02923,-17299959949.94165,10579808851.35107,10449965919.407293,25197869137.818386,24844942927.24989,-14618060286.467316,-14394977007.842596,,,
CHK,201711,11483378472.653675,28567980245.55746,-17084601772.903786,10978504942.85087,10687905055.790358,26811435367.75092,25671245631.402462,-15832930424.90005,-14983340575.612104,,,
CHK,201712,12045443651.002443,28695077495.05017,-16649633844.047728,11142053757.579466,10900122517.26047,27546936432.50694,26518746979.35875,-16404882674.927473,-15618624462.09828,119825768845.97336,293410435352.12823,-173584666506.15488
CHK,201801,11190852262.563856,27057791560.75626,-15866939298.192404,11389960485.383095,11170173061.93781,30611649352.308956,28323340384.18894,-19221688866.92586,-17153167322.251127,122531370253.48453,300743969595.55005,-178212599342.06555
CHK,201802,10113935413.115227,22158007565.3536,-12044072152.238373,12430773612.625088,11654262618.529215,25808759993.041428,27989115259.285778,-13377986380.41634,-16334852640.756563,125184250407.5522,302384630183.58154,-177200379776.02933
CHK,201803,12159649575.298456,31978190384.10447,-19818540808.806015,12266422877.269659,12029052325.092613,31197182977.543125,29205864107.63117,-18930760100.273468,-17176811782.538555,128423360205.04968,311060709825.5406,-182637349620.4909
CHK,201804,11588914076.234764,27164917215.140263,-15576003138.905499,12089104570.103209,12262100353.332651,28784796531.415985,28596913167.33351,-16695691961.312777,-16334812814.00086,131237927048.34966,316866661907.83563,-185628734859.48602
CHK,201805,11956340446.72574,28456418753.39405,-16500078306.66831,12138276733.670351,12164601393.681074,29319649017.903202,29767209508.9541,-17181372284.23285,-17602608115.273026,133958652116.8302,322686237989.9138,-188727585873.08362
CHK,201806,12354523172.820316,29240604038.031467,-16886080865.211151,12111037592.579685,12112806298.784414,28970533419.878235,29024992989.73247,-16859495827.29855,-16912186690.948057,135996187083.5688,327532782422.81757,-191536595339.24878
CHK,201807,11297476010.977215,29945040039.021904,-18647564028.04469,11150032260.59283,11799782195.614288,30098537538.022953,29462906658.60146,-18948505277.430122,-17663124462.98717,137014893743.91354,334116749485.9985,-197101855742.08493
CHK,201808,12966858533.81847,31408705012.190784,-18441846478.372314,12091510602.544453,11784193485.238989,29372320289.224743,29480463749.041977,-17280809686.68029,-17696270263.802986,138820790123.3919,339249929317.1476,-200429139193.75568
CHK,201809,12895837101.09517,32125644718.920692,-19229807617.825523,12175524800.588083,11805689221.241789,29607820270.079514,29692892699.10907,-17432295469.491432,-17887203477.86728,140451533910.3929,344496662171.55035,-204045128261.15744
CHK,201810,12068421742.151966,31014529435.73978,-18946107693.587814,12082956090.371092,12116663831.167877,28785593373.548523,29255244644.28426,-16702637283.177431,-17138580813.116383,142121630458.4573,347812906463.2609,-205691276004.8036
CHK,201811,12461963153.668034,28691062439.02211,-16229099285.354076,11919932401.94,12059471097.633059,27315073462.687504,28569495702.10518,-15395141060.747503,-16510024604.47212,143100215139.47165,347935988656.7255,-204835773517.2539
CHK,201812,13028264684.494406,27512752085.84591,-14484487401.351503,12006488136.192606,12003125542.834566,26180483843.7148,27427050226.650272,-14173995707.522196,-15423924683.815706,144083036172.96362,346753663247.5213,-202670627074.55768
CHK,201901,12399970051.93329,24028923906.617264,-11628953854.683973,12487575064.964867,12137998534.365824,26885910675.19076,26793822660.53102,-14398335610.225895,-14655824126.165197,145292153962.33307,343724795593.3823,-198432641631.04922
CHK,201902,9613152896.53246,20714264198.741886,-11101111302.209427,11876438914.007399,12123500705.054956,24461799775.774654,25842731431.560074,-12585360861.767256,-13719230726.505117,144791371445.75027,342281052226.77057,-197489680781.0203
CHK,201903,12322068324.735819,28094255659.217953,-15772187334.482134,12395619595.955612,12253211191.642626,27149794665.324112,26165835038.76318,-14754175069.3685,-13912623847.120554,144953790195.18765,338397117501.8841,-193443327306.6964
CHK,201904,11769510311.666113,26563918362.073193,-14794408050.40708,12171367576.810287,12147808695.5911,27846423253.870117,26486005898.322964,-15675055677.05983,-14338197202.731863,145134386430.619,337796118648.817,-192661732218.19797
CHK,201905,12023062766.03169,26940139283.57304,-14917076517.54135,12049187798.419592,12205391657.061829,27725927934.056168,27574048617.750134,-15676740135.636576,-15368656960.688305,145201108749.92496,336279839178.99603,-191078730429.071
CHK,201906,11873639500.404541,27377287323.537235,-15503647823.132694,11962550001.315817,12061035125.51523,26960414376.963093,27510921854.963123,-14997864375.647276,-15449886729.447893,144720225077.5092,334416522464.5018,-189696297386.99255
CHK,201907,12733995987.30023,28496876252.482716,-15762880265.182486,12503213948.121643,12171650582.619017,28499590175.777855,27728644162.265705,-15996376227.656212,-15556993579.646688,146156745053.83218,332968358677.9626,-186811613624.13037
CHK,201908,13012725366.440498,30138257027.038635,-17125531660.598137,12283430223.125635,12249731390.854364,28471223557.174324,27977076036.638424,-16187793334.048689,-15727344645.78406,146202611886.45422,331697910692.8104,-185495298806.3562
CHK,201909,12669710933.66622,30066374010.383232,-17396663076.71701,12088523391.597942,12291722520.948404,27417839846.49249,28129551193.148224,-15329316454.894547,-15837828672.19982,145976485719.02527,329638639984.27295,-183662154265.24768
CHK,201910,13033090090.284359,30968658413.87758,-17935568323.59322,12850671435.090448,12407541683.271341,29356985548.82534,28415349650.83072,-16506314113.734892,-16007807967.559378,146941154067.15765,329592768962.41077,-182651614895.2531
CHK,201911,13033892992.65182,30023143640.39336,-16989250647.74154,12479749160.395517,12472981329.02797,28979329942.743347,28584718446.02039,-16499580782.34783,-16111737116.99242,147513083906.14145,330924850163.782,-183411766257.64053
CHK,201912,13593152592.400583,31458382219.231686,-17865229626.8311,12496174174.65053,12608864923.378832,29669727981.53887,29335347824.369186,-17173553806.888342,-16726482900.990355,148077971814.04764,334870480297.1677,-186792508483.12015
CHK,202001,11853082048.97968,25834529663.77511,-13981447614.79543,11803825488.350016,12259916274.465355,28696130978.13837,29115062967.47353,-16892305489.788355,-16855146693.008175,147531083811.09402,336676086054.3256,-189145002243.2316
CHK,202002,9875050717.681183,25851538087.267086,-15976487369.585903,12289988859.661554,12196662840.887367,30881314048.124054,29749057669.2671,-18591325188.4625,-17552394828.379734,147792981632.24274,341813359942.8508,-194020378310.60806
CHK,202003,12228282539.551962,31542579456.933212,-19314296917.38125,12284923189.057041,12126245845.689537,30258411130.186317,29945285385.48291,-17973487941.129276,-17819039539.793373,147699195847.05887,345261683740.56604,-197562487893.5072
CHK,202004,12455517138.402885,29793927740.731396,-17338410602.32851,12813690036.746943,12462867361.821846,30991815634.549988,30710513604.286785,-18178125597.803047,-18247646242.46494,148385202673.79565,348491693119.2243,-200106490445.42865
CHK,202005,13118599236.278296,29507681910.952164,-16389082674.673868,13025760691.619976,12708124639.141321,30397430227.78793,30549218997.508076,-17371669536.167953,-17841094358.366753,149480739144.04227,351059235746.6034,-201578496602.56116
CHK,202006,12354962241.63288,31618433305.00068,-19263471063.367798,12786322491.717787,12875257740.028234,30956082093.753468,30781775985.363796,-18169759602.035683,-17906518245.335564,149962061885.2706,355300381728.06683,-205338319842.79626
CHK,202007,13403357368.449846,31902022189.372677,-18498664820.92283,13064969327.314123,12959017503.550629,31897329820.8609,31083614047.467434,-18832360493.546776,-18124596543.916805,150631423266.42023,358705527664.9568,-208074104398.5366
CHK,202008,13446834675.785496,34378618081.251305,-20931783405.46581,12853212121.082996,12901501313.371635,32937882557.568466,31930431490.72761,-20084670436.48547,-19028930177.355976,151065532575.76523,362945888719.16943,-211880356143.40427
CHK,202009,13877269922.488241,37649901120.45722,-23772631197.96898,13395933484.873947,13104704977.75702,34146441665.708687,32993884681.379353,-20750508180.83474,-19889179703.62233,152273091564.58722,370529415829.2435,-218256324264.65622
CHK,202010,13779670980.29401,35475891844.8194,-21696220864.525387,13413107252.911972,13220750952.956305,34490940411.68594,33858421544.9877,-21077833158.77397,-20637670592.031395,153019672454.5969,375036649260.1853,-222016976805.58838
CHK,202011,14561703254.9523,35721261709.389435,-21159558454.437134,13993463728.981657,13600834822.25586,34939621654.5019,34525667910.63218,-20946157925.52024,-20924833088.37632,154547482716.89734,380734767329.1814,-226187284612.284
CHK,202012,15562452346.375538,37895264666.52428,-22332812320.14874,14350449594.777643,13919006858.890425,35352086868.57497,34927549644.92094,-21001637273.797325,-21008542786.03051,156516782470.8723,387171649776.474,-230654867305.60162
CHK,202101,14548064088.494238,35516032226.38585,-20967968137.89161,14292987350.34039,14212300224.699896,37819735388.0751,36037147970.383995,-23526748037.734715,-21824847745.684097,159211764510.38687,396853152339.0847,-237641387828.6978
CHK,202102,12254420422.3253,30956936636.57492,-18702516214.24962,14986670047.846869,14543368997.654966,37375979835.791,36849267364.147026,-22389309787.94413,-22305898366.492058,161591134215.031,401958550888.3925,-240367416673.36154
CHK,202103,14768635433.32563,40075481781.38145,-25306846348.055817,14831764506.154438,14703807301.447233,37783498467.04928,37659737896.971794,-22951733960.89484,-22955930595.52456,164131487108.80466,410491453212.8408,-246359966104.0361
CHK,202104,14866942438.677559,36714361803.47284,-21847419364.79528,15419743018.78795,15079392524.263086,38517169466.29078,37892215923.043686,-23097426447.50283,-22812823398.7806,166542912409.0793,417411887275.5822,-250868974866.50287
CHK,202105,14620573000.00927,38350194173.6102,-23729621173.60093,14343140949.271023,14864882824.737803,39663227857.76962,38654631930.369896,-25320086908.4986,-23789749105.632095,168044886172.8103,426254399538.24023,-258209513365.42993
CHK,202106,15291483403.899311,42315840943.49,-27024357539.590687,15908620544.898336,15223834837.652437,40736520767.739845,39638972697.26675,-24827900222.841507,-24415137859.61431,170981407335.07675,436951807176.72955,-265970399841.65283
CHK,202107,16712526236.060627,39351029566.2731,-22638503330.212475,16080831953.7478,15444197815.972387,39449634280.60849,39949794302.039314,-23368802326.860687,-24505596486.066925,174290576202.6875,444400814553.63,-270110238350.94247
CHK,202108,17495690008.070824,40855294076.96737,-23359604068.896545,16899516559.264643,16296323019.303595,39841220092.65712,40009125047.00182,-22941703533.39248,-23712802027.698227,178339431534.97284,450877490549.34607,-272538059014.3732
CHK,202109,17413020893.582394,45287237111.231064,-27874216217.64867,16735943664.206347,16572097392.406263,40626217271.75712,39972357215.007576,-23890273607.550774,-23400259822.60131,181875182506.06702,458514826540.1199,-276639644034.0529
CHK,202110,17849901543.903145,39708450061.40525,-21858548517.502106,17529849430.961136,17055103218.144043,39268196168.320045,39911877844.24476,-21738346737.35891,-22856774626.100716,185945413069.67612,462747384756.7058,-276801971687.0296
CHK,202111,19277863268.228107,43170612629.90471,-23892749361.6766,18858619286.46731,17708137460.544933,42646292186.198654,40846901875.42527,-23787672899.731342,-23138764414.880337,190661573082.95193,470196735677.221,-279535162594.2691
CHK,202112,19856432389.642143,47507084945.244514,-27650652555.60237,18709753939.28528,18366074218.904575,43965196218.754,41959894857.75757,-25255442279.46872,-23593820638.852993,194955553126.21857,479808555955.9412,-284853002829.7227
CHK,202201,19233634903.121082,40289716573.66598,-21056081670.544895,18736122991.515526,18768165405.75604,41854105023.59926,42821864476.18397,-23117982032.083733,-24053699070.42793,199641123940.8454,484582240303.22144,-284941116362.376
CHK,202202,14983100383.628277,39646446700.160484,-24663346316.532207,17818295947.9165,18421390959.572433,48664010083.169846,44827770441.841034,-30845714135.253345,-26406379482.2686,202369803902.14838,493271750366.80695,-290901946464.65857
CHK,202203,18759954608.294617,46832077746.33047,-28072123138.03585,18564087703.383408,18372835547.605145,43848492061.19761,44788869055.9889,-25284404357.8142,-26416033508.383755,206361123077.11737,500028346331.756,-293667223254.6386
CHK,202204,17671418129.99153,39870577305.38197,-22199159175.39044,18467646302.11421,18283343317.804707,42580769336.73996,45031090493.70248,-24113123034.62575,-26747747175.89777,209165598768.43134,503184561833.6651,-294018963065.23376
CHK,202205,19056403136.344154,40489798605.549286,-21433395469.20513,18745674471.15159,18592469492.216404,41937777010.621544,42789012802.853035,-23192102539.469955,-24196543310.63663,213601428904.7662,505324166265.6042,-291722737360.83795
CHK,202206,19278319452.06928,43687982162.398,-24409662710.328724,19865725977.945553,19026348917.07045,41381968435.07251,41966838260.81134,-21516242457.126957,-22940489343.74089,217588264952.93616,506696307484.5122,-289108042531.576
CHK,202207,19467569957.290886,40396306332.65602,-20928736375.365135,18491928278.55504,19034442909.217392,40453089471.27584,41257611638.98997,-21961161192.720802,-22223168729.772575,220343308674.16644,507741584250.8951,-287398275576.7287
CHK,202208,19006010635.555027,40601813199.60515,-21595802564.05012,18522479374.41077,18960044543.63712,40056849116.33898,40630635674.22912,-21534369741.92821,-21670591130.592,221853629301.65063,507488103373.5329,-285634474071.88226
CHK,202209,19157062356.0767,44123409393.61451,-24966347037.53781,18323581272.098198,18445996308.354668,39187090891.2569,39899009826.29058,-20863509619.1587,-21453013517.935913,223597670764.14496,506324275655.9163,-282726604891.77136
CHK,202210,18645064872.705154,37875733665.77309,-19230668793.067932,18831014956.303974,18559025200.93765,37456551213.51632,38900163740.370735,-18625536257.212345,-20341138539.433086,224392834092.94696,504491559260.2842,-280098725167.3372
CHK,202211,17618831463.037537,34785612248.90823,-17166780785.870697,17530734695.348007,18228443641.25006,34281099865.551098,36974913990.10811,-16750365170.20309,-18746470348.858047,222733802287.75638,496106558879.2877,-273372756591.53134
CHK,202212,17158304141.679756,38061146674.7404,-20902842533.060646,16522422735.481544,17628057462.377842,34767909018.88499,35501853365.98413,-18245486283.403442,-17873795903.60629,220035674039.794,486660620608.7836,-266624946568.9896
CHK,202301,14710723362.296675,27942955175.976093,-13232231813.679419,14256774182.665447,16103310537.831665,28818237092.499115,32622415325.645065,-14561462909.833668,-16519104787.8134,215512762498.9696,474313859211.0937,-258801096712.1241
CHK,202302,14832592956.72548,27795377067.553883,-12962784110.828403,17144536067.845049,15974577661.997347,34281837215.373276,32622661108.919125,-17137301147.528227,-16648083446.921778,215362255072.06677,462462789578.4871,-247100534506.42032
CHK,202303,17181760447.924427,35975801145.62308,-18794040697.69865,16577949346.020864,15993086532.177118,33331087644.844456,32143720650.905613,-16753138298.823591,-16150634118.728495,213784060911.6966,451606512977.77966,-237822452066.08313
CHK,202304,15378502692.87933,30640303313.751087,-15261800620.871758,16035777115.392519,16586087509.75281,33165106237.751762,33592677032.656498,-17129329122.359243,-17006589522.903688,211491145474.5844,442376238986.1488,-230885093511.56442
CHK,202305,14579846978.015078,32885400564.750866,-18305553586.735786,14303752356.461115,15639159605.958166,34482531985.23504,33659575289.277084,-20178779628.773926,-18020415683.318916,207014589316.25534,434771840945.3504,-227757251629.0951
CHK,202306,15878981705.611795,36830336708.89148,-20951355003.279686,16214520569.358295,15518016680.403976,35497778459.62509,34381805560.87063,-19283257890.266796,-18863788880.466652,203615251569.79785,427914195491.8439,-224298943922.04602
CHK,202307,15609215033.599203,36342926899.80495,-20733711866.20574,14821935833.857409,15113402919.892273,37266813292.20411,35749041245.68808,-22444877458.346703,-20635638325.795807,199756896646.10617,423860816058.99286,-224103919412.88666
CHK,202308,16129731312.225737,34777367007.75814,-18647635695.532402,15886721443.169125,15641059282.128275,34899008475.52617,35887866742.45179,-19012287032.357044,-20246807460.323517,196880617322.7769,418036369867.1458,-221155752544.36893
CHK,202309,17440551462.399567,39803909310.93714,-22363357848.537575,16963217109.905222,15890624795.643919,35766089763.67064,35977303843.8003,-18802872653.76542,-20086679048.15638,195164106429.09976,413716869784.46844,-218552763355.36868
CHK,202310,14802879257.900255,38536006857.65626,-23733127599.756004,15540397894.506416,16130112149.193588,38673822176.620094,36446306805.2723,-23133424282.113678,-20316194656.078712,191321920814.29483,414377142976.35156,-223055222162.05676
CHK,202311,15806821526.730377,37438618966.72745,-21631797439.99707,16138626163.274948,16214080389.22886,37441157613.82513,37293689851.371956,-21302531450.55018,-21079609462.143097,189509910877.98767,417030149694.17084,-227520238816.18314
CHK,202312,17022802693.414492,41016508843.217606,-23993706149.803116,16907960782.842104,16195661613.541155,37701027311.717026,37938669034.05408,-20793066528.874924,-21743007420.512924,189374409429.7224,419985511862.648,-230611102432.9256
CHK,202401,17055835557.81063,35714618057.25406,-18658782499.443428,16515859254.312962,16520815400.14334,35842511944.24893,36994898956.59702,-19326652689.93597,-20474083556.453682,191719521625.23636,427757174743.926,-236037653118.68964
CHK,202402,15052152045.81171,31262341115.814415,-16210189070.002705,16878064493.857891,16767294843.670984,37334879959.799545,36959473071.92184,-20456815465.941654,-20192178228.250854,191939080714.3226,431224138792.1865,-239285058077.86392
CHK,202403,18232003247.999092,41478737494.40418,-23246734246.40509,17002223150.786568,16798715632.985807,36559185009.917725,36578858971.322075,-19556961859.131157,-19780143338.336266,192989323514.39725,436727075140.96765,-243737751626.57037
CHK,202404,17226268712.627808,36433108956.08809,-19206840243.46028,16411079807.91919,16763789150.854548,34935040259.51913,36276368409.74547,-18523960451.599937,-19512579258.890923,194837089534.14572,442519880783.3046,-247682791249.1589
CHK,202405,17150897200.872839,36912402502.934265,-19761505302.061424,16830476843.719242,16747926600.808334,39878817081.0649,37124347450.16726,-23048340237.34566,-20376420849.358925,197408139757.0035,446546882721.48804,-249138742964.4845
CHK,202406,18378598073.85964,40559526945.97751,-22180928872.11787,18765447263.58659,17335667971.741673,40577611888.88186,38463823076.48863,-21812164625.29527,-21128155104.74696,199907756125.25134,450276072958.5741,-250368316833.32272
CHK,202407,19365430044.130543,36963049533.97954,-17597619489.848995,18439403637.409344,18011775914.90506,39292785578.21812,39916404849.3883,-20853381940.808773,-21904628934.48324,203663971135.78268,450896195592.74866,-247232224456.96597
CHK,202408,18366585604.978672,40222085309.86611,-21855499704.88744,18380792410.998528,18528547770.66482,41620820066.24316,40497072511.11437,-23240027655.24463,-21968524740.44955,205900825428.5356,456340913894.8566,-250440088466.32098
CHK,202409,18685966083.60027,45454440188.86569,-26768474105.265423,18569972389.917915,18463389479.44193,41842332189.6842,40918645944.71516,-23272359799.76628,-22455256465.273228,207146240049.73633,461991444772.78516,-254845204723.04886
CHK,202410,17647820722.810253,39818427077.43707,-22170606354.62682,19377574756.152935,18776113185.689793,40816902071.90958,41426684775.94565,-21439327315.75664,-22650571590.255856,209991181514.64633,463273864992.566,-253282683477.91965
CHK,202411,19172538329.549053,40800594510.48455,-21628056180.935497,20214617874.719894,19387388340.26358,41634115565.82537,41431116609.13972,-21419497691.105476,-22043728268.876137,213356898317.465,466635840536.32306,-253278942218.8581
CHK,202412,18967636710.854053,43999999082.65936,-25032362371.80531,19395454993.6487,19662549208.173843,40783311738.06272,41078109791.932556,-21387856744.41402,-21415560583.758713,215301732334.90457,469619330775.76483,-254317598440.8603
CHK,202501,20319072071.524006,28998202962.995102,-8679130891.471096,19635366281.477257,19748479716.615284,28574667726.212585,36997365010.03356,-8939301444.735329,-17248885293.418278,218564968848.61795,462902915681.50586,-244337946832.88797
CHK,202502,17586959070.92701,29982123855.738564,-12395164784.811554,19101371967.422787,19377397747.516247,34284331684.870857,34547437049.715385,-15182959717.44807,-15170039302.199139,221099775873.73325,461622698421.43005,-240522922547.6968
CHK,202503,21618672646.46732,37991085362.24231,-16372412715.77499,19451633560.317223,19396123936.405754,31949696288.26379,31602898566.449078,-12498062727.946568,-12206774630.043324,224486445272.20148,458135046289.2682,-233648601017.0667
CHK,202504,21277124643.835346,35355515329.558624,-14078390685.723278,18906931988.908813,19153312505.549606,31259502242.599323,32497843405.24466,-12352570253.69051,-13344530899.695053,228537301203.40903,457057452662.7387,-228520151459.32968
CHK,202505,22906980830.704212,36285377455.41695,-13378396624.712734,22483439313.67084,20280668287.632294,40295340334.94108,34501512955.26807,-17811901021.270237,-14220844667.635773,234293384833.24036,456430427615.2214,-222137042781.98102
CHK,202506,21698666039.51319,38241120286.28014,-16542454246.766953,22129933136.498264,21173434813.025974,39700910644.079414,37085251073.87327,-17570977507.58115,-15911816260.847294,237613452798.89392,454112020955.524,-216498568156.63007
CHK,202507,24017243804.544495,36871792634.01193,-12854548829.467438,22924631219.47857,22512667889.882557,40660805501.79177,40219018826.937416,-17736174282.3132,-17706350937.05486,242265266559.30786,454020764055.5564,-211755497496.24854
CHK,202508,23822651456.715366,38258571570.26282,-14435920113.547451,24194310461.709564,23082958272.562134,40725576854.530846,40362431000.13401,-16531266392.821281,-17279472727.571877,247721332411.0446,452057250315.9531,-204335917904.90854
CHK,202509,23959744858.08282,43256495373.44124,-19296750515.358418,24380042611.205494,23832994764.13121,40748061999.19001,40711481451.83755,-16368019387.984516,-16878486687.706337,252995111185.5271,449859305500.5287,-196864194315.00153
CHK,202510,21977761396.13113,39237656901.59856,-17259895505.467426,25241584839.506115,24605312637.473724,41106133781.043274,40859924211.58804,-15864548941.537159,-16254611574.114319,257325051858.848,449278535324.6902,-191953483465.84216
CHK,202511,23653963212.386116,40120100320.0722,-16466137107.68608,25721992475.874218,25114539975.52861,41697721378.82015,41183972386.35114,-15975728902.945934,-16069432410.822533,261806476741.6851,448598041134.27783,-186791564392.5927
CHK,202512,25905333186.39647,45885332615.22902,-19979999428.83255,27228329761.110554,26063969025.496964,42818600683.97942,41874151947.947624,-15590270922.86887,-15810182922.45066,268744173217.22748,450483374666.8475,-181739201449.61996
CHK,202601,29535797495.080387,45868236950.09906,-16332439455.018673,28417932050.38781,27122751429.124195,44229686513.62925,42915336192.142944,-15811754463.24144,-15792584763.01875,277960898640.7839,467353408653.9514,-189392510013.16754
CHK,202602,27490394732.217155,40825395291.97611,-13335000559.758957,28917691872.371906,28187984561.29009,44411975008.96787,43820087402.19218,-15494283136.595966,-15632102840.902088,287864334302.074,478196680090.18896,-190332345788.11493
CHK,202603,34507824263.73543,57119352763.68105,-22611528499.945625,29922284302.09783,29085969408.285847,45584163685.33894,44741941735.97869,-15661879383.241112,-15655972327.692844,300753485919.3421,497324947491.6277,-196571461572.28558
CHK,202604,37582914221.98233,57248762437.92702,-19665848215.944687,31042170433.955345,29960715536.141693,46421107765.98196,45472415486.762924,-15378937332.026611,-15511699950.621231,317059275497.48914,519218194599.9961,-202158919102.507
CHN,201701,10165061488.590044,16716378242.709848,-6551316754.119804,11093108306.688183,,19136558342.54799,,-8043450035.859806,,,,
CHN,201702,9502662676.494114,16868571385.889921,-7365908709.395807,11523362840.800076,,19576791618.97131,,-8053428778.171234,,,,
CHN,201703,11019042915.941357,19092075403.584385,-8073032487.643028,11349783196.656498,11322084781.381586,19608368077.580894,19440572679.70006,-8258584880.9243965,-8118487898.318476,,,
CHN,201704,11251829708.890648,17514551867.305588,-6262722158.41494,11863070624.920628,11578738887.459066,18983751682.44654,19389637126.332916,-7120681057.525913,-7810898238.87385,,,
CHN,201705,11660484133.073095,18800050744.73826,-7139566611.665163,12013510499.274038,11742121440.283722,19439517000.66636,19343878920.231262,-7426006501.392321,-7601757479.94754,,,
CHN,201706,13040319737.07576,20166605523.204605,-7126285786.128845,12594519163.557976,12157033429.25088,20107615556.72965,19510294746.614185,-7513096393.171673,-7353261317.363306,,,
CHN,201707,13246802309.256552,19647925844.16303,-6401123534.906477,12980888388.04682,12529639350.292944,20288309883.304012,19945147480.23334,-7307421495.257193,-7415508129.940397,,,
CHN,201708,14285328516.09214,21652128516.34124,-7366800000.2491,13228417180.07,12934608243.891596,20191189402.83927,20195704947.62431,-6962772222.769272,-7261096703.732714,,,
CHN,201709,14233293081.570244,23157490821.46693,-8924197739.896687,13295272583.986168,13168192717.36766,20872739795.788567,20450746360.64395,-7577467211.802399,-7282553643.276291,,,
CHN,201710,13146948303.414274,22834042620.243164,-9687094316.82889,13343557704.471073,13289082489.509079,20714274678.08517,20592734625.571003,-7370716973.614098,-7303652136.061924,,,
CHN,201711,15030708388.816479,24104207205.155155,-9073498816.338676,14178894236.709133,13605908175.055458,22219023344.218937,21268679272.697556,-8040129107.509804,-7662771097.642097,,,
CHN,201712,16766078943.32772,24286835906.244186,-7520756962.916466,14429899890.344076,13984117277.17476,22372437363.427776,21768578461.91063,-7942537473.0837,-7784461184.735868,153348560202.54242,244840864081.04633,-91492303878.50388
CHN,201801,13789867126.094883,22730320039.70453,-8940452913.609646,14798673884.85766,14469156003.970291,25722228608.271187,23437896438.6393,-10923554723.413527,-8968740434.66901,156973365840.04724,250854805878.04102,-93881440037.99371
CHN,201802,12230075500.336735,18415852056.7438,-6185776556.407066,15132788170.039436,14787120648.413725,21779126461.39038,23291264144.363117,-6646338291.3509445,-8504143495.949392,159700778663.8899,252402086548.89487,-92701307885.00499
CHN,201803,15725335699.087439,27121926698.917274,-11396590999.829836,16111787324.346687,15347749793.08126,27329847126.32289,24943734065.328156,-11218059801.976204,-9595984272.246895,164407071447.03598,260431937844.22778,-96024866397.19179
CHN,201804,14923817899.072908,22502528792.75125,-7578710893.678343,15625684032.400105,15623419842.262075,24043307951.065544,24384093846.2596,-8417623918.66544,-8760674003.997526,168079059637.21823,265419914769.67343,-97340855132.4552
CHN,201805,15901665338.338388,23948196450.735523,-8046531112.397135,16328062622.713964,16021844659.820251,24675292666.65616,25349482581.348194,-8347230043.942194,-9327637921.527943,172320240842.48352,270568060475.6707,-98247819633.18716
CHN,201806,15887947590.786266,24078014135.70314,-8190066544.916874,15655229206.901386,15869658620.67182,24187720240.761627,24302106952.827778,-8532491033.860241,-8432448332.155958,175167868696.19403,274479469088.16922,-99311600391.9752
CHN,201807,15711030389.646141,19730747642.093937,-4019717252.447796,15280102537.14086,15754464788.918737,20094175424.91386,22985729444.11055,-4814072887.773001,-7231264655.1918125,177632096776.58362,274562290886.10013,-96930194109.51651
CHN,201808,16474825042.487745,26124557970.93688,-9649732928.449133,15505835886.30517,15480389210.115805,24408967336.765038,22896954334.14684,-8903131450.459867,-7416565124.031034,179821593302.97925,279034720340.6958,-99213127037.71655
CHN,201809,17557225903.864708,27083897126.488537,-9526671222.623829,16467612246.274975,15751183556.57367,24380888463.32729,22961343741.66873,-7913276217.052315,-7210160185.095062,183145526125.27368,282961126645.71735,-99815600520.4437
CHN,201810,16153998817.687122,26440132496.358826,-10286133678.671703,16173733692.263391,16049060608.28118,24481373091.31958,24423742963.803967,-8307639399.056189,-8374682355.522787,186152576639.54654,286567216521.833,-100414639882.28651
CHN,201811,16065450784.053246,24699875333.07345,-8634424549.020203,15183163732.236557,15941503223.591642,22998443376.192123,23953568310.279663,-7815279643.955566,-8012065086.688021,187187319034.7833,287162884649.75134,-99975565614.96803
CHN,201812,15570717379.465399,23447272004.662838,-7876554625.197439,13327983793.60612,14894960406.035355,21765783615.755028,23081866694.42224,-8437799822.148909,-8186906288.386887,185991957470.921,286323320748.17,-100331363277.24901
CHN,201901,15026100816.837181,20865533367.139896,-5839432550.302715,15840332902.058296,14783826809.300323,23271607231.625824,22678611407.85766,-7431274329.567528,-7894784598.557335,187228191161.6633,284458534075.60535,-97230342913.94208
CHN,201902,11790128607.849232,16646581029.176252,-4856452421.327021,14834773244.508022,14667696646.724146,20063666139.99773,21700352329.126194,-5228892895.489708,-7032655682.402048,186788244269.17575,282689263048.03784,-95901018778.86203
CHN,201903,15558162229.962122,23414030584.852074,-7855868354.889952,15851611268.866188,15508905805.14417,23124697659.926754,22153323677.183437,-7273086391.060566,-6644417872.039267,186621070800.05045,278981366933.9726,-92360296133.92213
CHN,201904,14699538178.147911,22788622306.41836,-8089084128.270451,15292674839.056513,15326353117.476908,24028395572.290848,22405586457.40511,-8735720733.234335,-7079233339.928202,186396791079.12546,279267460447.6397,-92870669368.51425
CHN,201905,14757630990.4739,22815114406.374454,-8057483415.900555,15103644085.633083,15415976731.185263,23414679349.753487,23522590860.657032,-8311035264.120403,-8106614129.471769,185252756731.261,278134378403.2786,-92881621672.01767
CHN,201906,15348889820.096773,22735981603.882103,-7387091783.78533,15394576892.81628,15263631939.168625,22924237236.93903,23455770719.66112,-7529660344.122749,-8192138780.4924965,184713698960.5715,276792345871.4576,-92078646910.88612
CHN,201907,16133926385.2021,24594197396.728794,-8460271011.526693,15594854822.671381,15364358600.37358,24719471945.924793,23686129510.872437,-9124617123.253412,-8321770910.498856,185136594956.12744,281655795626.09247,-96519200669.96503
CHN,201908,16426231048.556517,26151762177.97027,-9725531129.413752,15702030525.705994,15563820747.064552,24515168197.70505,24052959126.856293,-8813137671.999058,-8489138379.79174,185088000962.1962,281682999833.12585,-96594998870.92964
CHN,201909,16111338726.644419,26374540383.02596,-10263201656.38154,15127380045.25629,15474755131.211222,23701900000.69968,24312180048.109844,-8574519955.44339,-8837424916.898623,183642113784.97592,280973643089.66327,-97331529304.68735
CHN,201910,16331093918.057034,27075049844.324955,-10743955926.267921,16133951243.627762,15654453938.196684,25590758984.64951,24602609061.01808,-9456807741.021748,-8948155122.821398,183819208885.34583,281608560437.6294,-97789351552.28357
CHN,201911,16959207501.534945,26900167227.23893,-9940959725.703985,16098590069.832565,15786640452.90554,25245565623.864075,24846074869.73776,-9146975554.03151,-9059434416.832218,184712965602.8275,283808852331.79486,-99095886728.96735
CHN,201912,18127483011.321537,27817827164.302876,-9690344152.981339,15436911261.553568,15889817525.004631,26058961247.556995,25631761952.02353,-10622049986.003428,-9741944427.018898,187269731234.68365,288179407491.43494,-100909676256.75125
CHN,202001,14176805129.50443,21798306523.03641,-7621501393.5319805,14655318526.313198,15396939952.566442,24021312879.925182,25108613250.44875,-9365994353.611984,-9711673297.882307,186420435547.35092,289112180647.3314,-102691745099.98051
CHN,202002,10989345955.538214,21245734924.822132,-10256388969.283918,14091334666.786093,14727854818.217619,26058019684.80183,25379431270.761337,-11966685018.015738,-10651576452.543718,185619652895.03992,293711334542.9773,-108091681647.93742
CHN,202003,15166199317.29068,27207355519.23164,-12041156201.94096,15405586816.195063,14717413336.431452,26399199195.579193,25492843920.10207,-10993612379.38413,-10775430583.670618,185227689982.36847,297504659477.3569,-112276969494.98843
CHN,202004,15804492488.936342,25653129689.86225,-9848637200.925909,16392328710.538116,15296416731.17309,26816138505.918327,26424452462.09978,-10423809795.38021,-11128035730.926691,186332644293.1569,300369166860.8008,-114036522567.64388
CHN,202005,16569979668.03808,26474310627.007347,-9904330958.969267,16971628508.9476,16256514678.560259,27214209463.080524,26809849054.85935,-10242580954.132925,-10553334376.29909,188144992970.72107,304028363081.43365,-115883370110.7126
CHN,202006,15832185213.97446,27039387066.50082,-11207201852.52636,16115019211.853619,16492992143.779778,27352949719.159737,27127765896.05286,-11237930507.306118,-10634773752.273083,188628288364.59875,308331768544.05237,-119703480179.45361
CHN,202007,17849276971.994484,28123663570.42886,-10274386598.434376,17147884621.132566,16744844113.977928,27932326655.454193,27499828612.56482,-10784442034.321627,-10754984498.586891,190343638951.39114,311861234717.75244,-121517595766.36131
CHN,202008,17074566715.552841,30848439154.288685,-13773872438.735844,16567090491.611534,16609998108.19924,29200557441.767563,28161944605.4605,-12633466950.156029,-11551946497.26126,190991974618.38748,316557911694.07086,-125565937075.6834
CHN,202009,17931391898.474186,33217214344.809998,-15285822446.335812,16907291248.809813,16874088787.184639,29991791247.755302,29041558448.325684,-13084499998.94549,-12167469661.141045,192812027790.21725,323400585655.8549,-130588557865.63768
CHN,202010,17339324243.631027,30015299857.403946,-12675975613.772919,16970305343.021372,16814895694.480906,29115617517.06574,29435988735.52953,-12145312174.044367,-12621093041.048624,193820258115.79123,326340835668.9339,-132520577553.14267
CHN,202011,19058430079.45573,31271225431.52775,-12212795352.072018,18251161993.518044,17376252861.783077,29442263960.97802,29516557575.266354,-11191101967.459976,-12140304713.483276,195919480693.71204,330711893873.2227,-134792413179.51071
CHN,202012,22078231192.85983,32804057463.226135,-10725826270.366306,18781655607.744602,18001040981.428005,31064673310.848373,29874184929.63071,-12283017703.103771,-11873143948.202705,199870228875.2503,335698124172.146,-135827895296.89568
CHN,202101,18480772928.32947,30783863782.936264,-12303090854.606792,18501592583.30035,18511470061.521,32170955985.752632,30892631085.859676,-13669363402.452282,-12381161024.338676,204174196674.07535,344683681432.0458,-140509484757.9705
CHN,202102,14849062854.140678,26269262621.740032,-11420199767.599354,19011153978.65055,18764800723.231834,32673066091.97807,31969565129.526356,-13661912113.327518,-13204764406.294521,208033913572.6778,349707209128.96375,-141673295556.28592
CHN,202103,19262943761.51329,35381832611.36545,-16118888849.852158,19458684534.682877,18990477032.211258,32857561086.6559,32567194388.128864,-13398876551.973022,-13576717355.917606,212130658016.90042,357881686221.09753,-145751028204.1971
CHN,202104,19529537512.21075,31498813084.40192,-11969275572.19117,20407425291.354107,19625754601.56251,33008775212.97472,32846467463.869564,-12601349921.620613,-13220712862.307053,215855703040.17484,363727369615.6372,-147871666575.46237
CHN,202105,18796821844.729053,33350819097.11891,-14553997252.389858,19159179710.64518,19675096512.227386,34700614977.16677,33522317092.265797,-15541435266.521591,-13847220580.03841,218082545216.86578,370603878085.7488,-152521332868.88297
CHN,202106,19873440472.51556,37815487661.97232,-17942047189.45676,20120292837.80148,19895632613.266922,37984646427.957375,35231345539.36629,-17864353590.155895,-15335712926.099365,222123800475.4069,381379978681.2202,-159256178205.81335
CHN,202107,21578226326.936836,34707229713.647575,-13129003386.71074,20880181141.748596,20053217896.73175,34459086362.639755,35714782589.25463,-13578905220.89116,-15661564692.52288,225852749830.34924,387963544824.43896,-162110794994.08975
CHN,202108,22586446873.13913,35529261455.32816,-12942814582.189034,22351771188.86272,21117415056.1376,34333326075.521214,35592352955.37278,-11981554886.658493,-14474937899.23518,231364629987.93555,392644367125.47845,-161279737137.5429
CHN,202109,22845915747.88171,39035213722.96148,-16189297975.07977,21261065688.39952,21497672673.003613,35440056784.27796,34744156407.479645,-14178991095.87844,-13246483734.476032,236279153837.34305,398462366503.62994,-162183212666.2869
CHN,202110,22129799060.775414,34864295467.96018,-12734496407.184769,21938142375.448025,21850326417.570087,34428569971.68394,34733984277.16104,-12490427596.235912,-12883657859.590954,241069628654.48746,403311362114.18616,-162241733459.69873
CHN,202111,24786748863.86733,38996595829.91939,-14209846966.05206,24249762833.993084,22482990299.280212,36702666983.31051,35523764579.75747,-12452904149.317425,-13040774280.477257,246797947438.89905,411036732512.57776,-164238785073.67877
CHN,202112,26119541123.36606,42061860828.80283,-15942319705.436775,22620041162.21061,22935982123.883907,40191824758.57014,37107687237.85486,-17571783596.359528,-14171705113.970951,250839257369.4053,420294535878.1545,-169455278508.74924
CHN,202201,23129718648.221474,36377994557.58563,-13248275909.364159,22905938245.38364,23258580747.19578,36981088527.10627,37958526756.32897,-14075150281.72263,-14699946009.13319,255488203089.29727,425888666652.8039,-170400463563.5066
CHN,202202,17143090429.390724,32906153685.882446,-15763063256.491722,21426744732.331226,22317574713.30849,41476127098.25408,39549680127.97683,-20049382365.922855,-17232105414.66834,257782230664.54733,432525557716.9463,-174743327052.399
CHN,202203,21247490146.472645,40149163943.284,-18901673796.81135,20773599964.69298,21702094314.135952,36558461911.865204,38338559179.07519,-15784861947.172222,-16636464864.939236,259766777049.50668,437292889048.8648,-177526111999.35815
CHN,202204,19630209298.379154,34188282064.823185,-14558072766.44403,20502531827.59186,20900958841.538692,35635576252.525665,37890055087.54832,-15133044424.933804,-16989096246.009624,259867448835.67508,439982358029.2861,-180114909193.61102
CHN,202205,21687634926.30561,33602233596.256996,-11914598669.951385,22133251804.565083,21136461198.949978,35157361717.78727,35783799960.72604,-13024109913.222187,-14647338761.776066,262758261917.25165,440233772528.4242,-177475510611.17255
CHN,202206,22839814981.88366,36051892623.607254,-13212077641.723595,22872387568.139328,21836057066.765423,35653385559.30266,35482107843.20519,-12780997991.16333,-13646050776.43977,265724636426.61975,438470177490.05914,-172745541063.4394
CHN,202207,21446399655.093163,36070427926.32345,-14624028271.230286,21029889747.484367,22011843040.062923,35909803346.03815,35573516874.37603,-14879913598.55378,-13561673834.313107,265592809754.7761,439833375702.735,-174240565947.95892
CHN,202208,20217892851.969917,35637606663.227905,-15419713811.257988,20197768585.363728,21366681966.995808,35112324713.35687,35558504539.565895,-14914556127.993145,-14191822572.570087,263224255733.60687,439941720910.6347,-176717465177.0279
CHN,202209,23033445913.089977,37161246395.43068,-14127800482.340702,21171735614.678352,20799797982.508816,33947109982.05726,34989746013.81742,-12775374367.378906,-14189948031.308605,263411785898.81512,438067753583.10394,-174655967684.28882
CHN,202210,21037161989.75948,34180237812.439407,-13143075822.679928,21256358438.683468,20875287546.241848,33774716784.149235,34278050493.18779,-12518358345.465767,-13402762946.945942,262319148827.7992,437383695927.5832,-175064547099.784
CHN,202211,19803836100.562923,30148125872.20163,-10344289771.638706,19740241048.691887,20722778367.351234,28759374525.514065,32160400430.573517,-9019133476.822178,-11437622063.222282,257336236064.49478,428535225969.8654,-171198989905.37064
CHN,202212,21397689030.351337,33254916793.177055,-11857227762.825718,18984720165.408348,19993773217.594566,31997659186.00594,31510583498.55641,-13012939020.597591,-11516810280.961845,252614383971.48004,419728281934.2396,-167113897962.75958
CHN,202301,15829835754.958324,24750888778.09064,-8921053023.132317,15760954311.99002,18161971842.030087,25155792808.33307,28637608839.951023,-9394838496.343048,-10475636997.920937,245314501078.21692,408101176154.7446,-162786675076.52774
CHN,202302,16671326707.862963,24969281328.330154,-8297954620.467192,20432102243.93278,18392592240.443714,31457361891.07908,29536937961.80603,-11025259647.146297,-11144345721.362316,244842737356.68915,400164303797.1924,-155321566440.5032
CHN,202303,22021356487.95316,31452648553.47536,-9431292065.522202,20810723877.311523,19001260144.41144,28237091413.984062,28283415371.13207,-7426367536.672539,-9282155226.720627,245616603698.16968,391467788407.3837,-145851184709.21405
CHN,202304,18950594033.607143,27359521063.522778,-8408927029.915634,19652870048.955635,20298565390.066647,27678721793.460827,29124391699.50799,-8025851744.505192,-8825826309.441345,244936988433.39764,384639027406.0833,-139702038972.68567
CHN,202305,17542607096.735302,28656794115.646072,-11114187018.91077,17684206559.198116,19382600161.82176,29557727341.353638,28491180182.932842,-11873520782.155521,-9108580021.111084,240791960603.82736,379693587925.47235,-138901627321.64505
CHN,202306,19420836434.724033,31995414155.41139,-12574577720.687355,19228187884.766113,18855088164.30662,31629889920.728046,29622113018.51417,-12401702035.961933,-10767024854.20755,237372982056.66772,375637109457.2765,-138264127400.6088
CHN,202307,18986278908.31017,31741506964.93353,-12755228056.62336,18645984930.279766,18519459791.41467,31796771572.553062,30994796278.211582,-13150786642.273296,-12475336486.796913,234912861309.8847,371308188495.8866,-136395327186.00188
CHN,202308,19619386641.325294,31273932289.639904,-11654545648.31461,19705729223.135815,19193300679.393898,31284244159.58995,31570301884.290356,-11578514936.454136,-12377001204.896458,234314355099.2401,366944514122.29865,-132630159023.0585
CHN,202309,22189806660.087242,34315047033.414608,-12125240373.327366,20762686494.113514,19704800215.843033,31633386160.25488,31571467297.46596,-10870699666.141365,-11866667081.622929,233470715846.23737,364098314760.28253,-130627598914.04515
CHN,202310,18452422442.956184,35118898286.1399,-16666475843.183716,19337882424.72415,19935432713.99116,35378244258.106804,32765291525.983875,-16040361833.382652,-12829858811.992714,230885976299.43408,365036975233.98303,-134150998934.54895
CHN,202311,20253694482.540882,34381419932.68918,-14127725450.148296,20555211792.069927,20218593570.302532,34026209478.618374,33679279965.66002,-13470997686.548447,-13460686395.357487,231335834681.41202,369270269294.4706,-137934434613.05853
CHN,202312,22659932010.203175,35552735393.231636,-12892803383.028461,20747425444.061207,20213506553.618427,34431731533.99253,34612061756.90591,-13684306089.931324,-14398555203.28748,232598077661.26385,371568087894.52515,-138970010233.2613
CHN,202401,20078228450.14073,32657666763.090282,-12579438312.94955,19918900431.555084,20407179222.562073,33522391260.80966,33993444091.140186,-13603490829.254578,-13586264868.578114,236846470356.4463,379474865879.52484,-142628395523.0785
CHN,202402,17265859070.10547,26873372610.43048,-9607513540.325012,20722010718.094963,20462778864.57042,33035173542.93794,33663098779.246708,-12313162824.842976,-13200319914.676289,237441002718.68878,381378957161.6251,-143937954442.93634
CHN,202403,23100617954.28204,36672072137.36525,-13571454183.08321,21184806514.55938,20608572554.736477,32078445286.325817,32878670030.024475,-10893638771.766438,-12270097475.287998,238520264185.01764,386598380745.515,-148078116560.49734
CHN,202404,21302269809.869095,33400296668.16303,-12098026858.293934,20909852832.16928,20938890021.607876,31814012986.319565,32309210605.19444,-10904160154.150284,-11370320583.586563,240871939961.27963,392639156350.1553,-151767216388.87564
CHN,202405,21256268545.539894,34235326850.916832,-12979058305.376938,21194603440.487736,21096420929.072132,34923958150.68,32938805474.44179,-13729354710.192265,-11842384545.36966,244585601410.0842,398217689085.426,-153632087675.3418
CHN,202406,22743411208.55275,36087555759.33132,-13344144550.778572,22390959907.78521,21498472060.147408,35879589593.24049,34205853576.746685,-13488629685.455284,-12707381516.599277,247908176183.91293,402309830689.34595,-154401654505.433
CHN,202407,23080511620.30147,35101184319.18647,-12020672698.884998,22806602171.704998,22130721839.99265,35454308138.3676,35419285294.09603,-12647705966.662601,-13288563454.103382,252002408895.90424,405669508043.59894,-153667099147.69467
CHN,202408,22331391199.94975,36754036766.146416,-14422645566.196667,22574231338.96126,22590597806.15049,37482884143.029755,36272260624.87928,-14908652804.068493,-13681662818.72879,254714413454.5287,411149612520.10535,-156435199065.57672
CHN,202409,23391352371.581333,41299446505.45764,-17908094133.87631,22356728500.726456,22579187337.130905,38590834431.09128,37176008904.16287,-16234105930.364822,-14596821567.031967,255915959166.0228,418134011992.14844,-162218052826.12564
CHN,202410,21843354819.230328,37180727988.7534,-15337373169.523075,23925643849.93701,22952201229.87491,38232392367.31957,38102036980.4802,-14306748517.38256,-15149835750.605293,259306891542.2969,420195841694.7619,-160888950152.465
CHN,202411,23149515728.72628,36978078535.12783,-13828562806.40155,24020537581.332947,23434303310.66547,38016620825.40052,38279949207.937126,-13996083244.067574,-14845645897.271656,262202712788.48233,422792500297.2006,-160589787508.71826
CHN,202412,24468168322.727436,39346783305.12448,-14878614982.397045,23038215644.50073,23661465691.923565,38212189173.6762,38153734122.1321,-15173973529.175472,-14492268430.208538,264010949101.0066,426586548209.09344,-162575599108.08685
CHN,202501,21796566516.458546,37251184884.16871,-15454618367.710163,21644216838.30959,22900990021.38109,38545676665.85367,38258162221.64346,-16901459827.544079,-15357172200.262375,265729287167.32437,431180066330.1718,-165450779162.84747
CHN,202502,19984054237.22878,36733456608.91447,-16749402371.685688,23436120665.094017,22706184382.634777,43932230655.9617,40230032165.16386,-20496109990.867683,-17523847782.52908,268447482334.44772,441040150328.6558,-172592667994.20816
CHN,202503,26696758978.33308,49642303360.02125,-22945544381.688168,23712481636.091698,22930939713.1651,42481489312.12197,41653132211.31245,-18769007676.030273,-18722192498.147346,272043623358.49875,454010381551.3118,-181966758192.8131
CHN,202504,25958619102.229866,46787040321.50131,-20828421219.271446,23960062938.398415,23702888413.194714,42209428765.96057,42874382911.34808,-18249365827.562157,-19171494498.15337,276699972650.8595,467397125204.65015,-190697152553.79062
CHN,202505,27149287465.768085,45174459712.80597,-18025172247.037884,26802130925.98389,24824891833.491333,45461843032.518005,43384253703.533516,-18659712106.534115,-18559361870.042183,282592991571.0877,478336258066.5393,-195743266495.45157
CHN,202506,27458944561.253136,45471034171.63224,-18012089610.379105,26925771373.890793,25895988412.7577,45508007339.36993,44393093045.9495,-18582235965.479134,-18497104633.1918,287308524923.7881,487719736478.8402,-200411211555.05212
CHN,202507,28284750064.102684,46518144694.128075,-18233394630.02539,28074555251.990143,27267485850.62161,47426998853.9186,46132283075.26885,-19352443601.92846,-18864797224.647243,292512763367.5893,499136696853.78174,-206623933486.1925
CHN,202508,28741038502.73425,46027117218.21063,-17286078715.476383,29199219748.591496,28066515458.157482,47835533778.83227,46923513324.04026,-18636314030.240772,-18856997865.88278,298922410670.3738,508409777305.84607,-209487366635.47223
CHN,202509,30423463042.517155,51635210418.23886,-21211747375.721706,29827709557.782265,29033828186.121304,48862930669.13817,48041821100.62968,-19035221111.355904,-19007992914.508373,305954521341.30963,518745541218.62726,-212791019877.31763
CHN,202510,26695750920.345837,47151794591.65132,-20456043671.305485,30600731290.842426,29875886865.738728,49649639267.120445,48782701238.363625,-19048907976.27802,-18906814372.624897,310806917442.4251,528716607821.52515,-217909690379.10004
CHN,202511,29746629814.31114,48835912111.97291,-19089282297.66177,31579246319.32608,30669229055.983593,52373737344.660934,50295435760.30652,-20794491025.334854,-19626206704.322926,317404031528.01,540574441398.3702,-223170409870.36023
CHN,202512,35327257152.662704,56028629608.942505,-20701372456.2798,34161249527.196774,32113742379.12176,54580690609.970215,52201355740.58386,-20419441082.77344,-20087613361.4621,328263120357.94525,557256287702.1882,-228993167344.24298
CHN,202601,35795182151.806366,54648817966.74114,-18853635814.934776,35521447014.655205,33753980953.726025,57004118314.520294,54652848756.38381,-21482671299.86509,-20898867802.657787,342261735993.293,574653920784.7607,-232392184791.46762
CHN,202602,32267659952.110527,48310287013.08191,-16042627060.971382,37006993101.57611,35563229881.1427,55985508451.06512,55856772458.51855,-18978515349.489006,-20293542577.375847,354545341708.1748,586230751188.9281,-231685409480.7533
CHN,202603,44188345075.62879,71374953227.5368,-27186608151.908012,38094922970.31832,36874454362.18321,59578862844.902245,57522829870.16256,-21483939874.583923,-20648375507.979347,372036927805.4705,607963401056.4437,-235926473250.97314
CHN,202604,46724742708.35364,73454783625.64137,-26730040917.287735,40445372388.875755,38515762820.25674,62574100118.89884,59379490471.62207,-22128727730.023087,-20863727651.365334,392803051411.5943,634631144360.5837,-241828092948.9894
CZE,201701,619396439.3671665,743523724.0733775,-124127284.70621097,642665922.3025826,,735569701.1135135,,-92903778.81093085,,,,
CZE,201702,564890191.5364149,691740061.1047443,-126849869.56832945,662085480.6927667,,760322098.6717317,,-98236617.97896504,,,,
CZE,201703,757242391.6884099,738051485.7308291,19190905.957580805,680643242.4783164,661798215.1578885,734936216.0218215,743609338.6023556,-54292973.54350507,-81811123.44446707,,,
CZE,201704,657991064.870082,720378661.8205217,-62387596.95043969,694143636.9400872,678957453.37039,780935775.1230664,758731363.2722067,-86792138.18297923,-79773909.9018166,,,
CZE,201705,662436854.4488242,788606613.1076008,-126169758.65877664,715380837.9049281,696722572.4411105,803591573.9547688,773154521.6998855,-88210736.04984069,-76431949.258775,,,
CZE,201706,782893486.9689547,864362138.5197967,-81468651.55084205,748650500.1922671,719391658.3457608,869437517.954121,817988289.0106521,-120787017.76185393,-98596630.66489124,,,
CZE,201707,742836372.8647451,827094589.206536,-84258216.34179091,726460586.5148258,730163974.8706737,859352621.0085785,844127237.639156,-132892034.49375272,-113963262.76848233,,,
CZE,201708,656779704.2323738,887322535.7448093,-230542831.51243544,736197056.0562478,737102714.254447,824044032.9823601,850944723.9816866,-87846976.9261123,-113842009.72723961,,,
CZE,201709,761623229.3396392,867443767.5384083,-105820538.1987691,765993187.3585187,742883609.9765309,881109579.3001692,854835411.097036,-115116391.94165051,-111951801.1205051,,,
CZE,201710,883290597.3474008,951404862.0930451,-68114264.74564433,772760117.6657728,758316787.0268465,892640278.8864138,865931297.0563145,-119880161.22064102,-107614510.02946794,,,
CZE,201711,794419995.8113853,1074625178.4097505,-280205182.5983652,772055188.2281286,770269497.7508067,987767529.4262663,920505795.8709497,-215712341.19813776,-150236298.12014306,,,
CZE,201712,847674601.6121128,969935239.9887437,-122260638.3766309,767290609.0553384,770701971.6497465,981047597.1781458,953818468.4969419,-213756988.12280738,-183116496.8471954,8731474930.08751,10124488857.338163,-1393013927.2506537
CZE,201801,829858967.1851821,962102173.2935742,-132243206.10839212,839632343.4343637,792992713.5726103,957456537.2383235,975423887.9475784,-117824193.80395973,-182431174.37496817,8941937457.905525,10343067306.55836,-1401129848.652835
CZE,201802,748727588.2696793,865720651.5572977,-116993063.2876184,877859295.070823,828260749.1868416,972693460.9513875,970399198.4559523,-94834165.88056457,-142138449.26911068,9125774854.638788,10517047897.010914,-1391273042.372124
CZE,201803,884070378.6495229,1032896465.7599808,-148826087.1104579,793855697.1357564,837115778.546981,989046229.3966894,973065409.1954669,-195190532.26093304,-135949630.6484859,9252602841.599901,10811892877.040066,-1559290035.4401627
CZE,201804,770630781.8063854,950518938.3219291,-179888156.5155437,806596811.9505808,826103934.7190534,1008810076.724126,990183255.6907343,-202213264.77354515,-164079320.97168088,9365242558.536207,11042033153.541471,-1676790595.0052667
CZE,201805,743115901.9690901,957928931.9016582,-214813029.93256807,804185338.5863305,801545949.2242225,976445655.5662103,991433987.2290087,-172260316.97987974,-189888038.00478613,9445921606.05647,11211355472.33553,-1765433866.279058
CZE,201806,764191156.0876706,916606051.0578412,-152414894.97017062,742421057.8126271,784401069.4498461,911619738.0812595,965625156.790532,-169198680.2686324,-181224087.34068584,9427219275.175188,11263599384.873573,-1836380109.6983867
CZE,201807,835172022.1835155,877384482.4037733,-42212460.22025776,830917286.4814634,792507894.2934737,907920415.4016303,931995269.6830333,-77003128.92016685,-139487375.38955963,9519554924.49396,11313889278.070812,-1794334353.5768533
CZE,201808,763153439.2621963,1089036207.7709198,-325882768.5087235,866992670.2497047,813443671.5145984,1020797760.946243,946779304.809711,-153805090.69653833,-133335633.29511261,9625928659.52378,11515602950.096922,-1889674290.5731416
CZE,201809,834123376.9701151,942842293.0809336,-108718916.1108185,815475091.6315577,837795016.1209086,937653156.2610348,955457110.869636,-122178064.62947714,-117662094.74872744,9698428807.154257,11591001475.639446,-1892572668.4851909
CZE,201810,933936961.7722846,1014085353.1998081,-80148391.4275235,834145935.2116768,838871232.3643131,958271202.7706312,972240706.6593031,-124125267.55895436,-133369474.29498994,9749075171.57914,11653681966.74621,-1904606795.1670704
CZE,201811,882967981.5781485,929150211.0912817,-46182229.51313317,864677797.7957742,838099608.2130028,875363843.0687159,923762734.0334606,-10686045.272941709,-85663125.82045782,9837623157.345901,11508206999.427742,-1670583842.0818381
CZE,201812,969308286.9281436,794176720.4894246,175131566.43871903,862852574.4300389,853892102.4791633,818346138.886681,883993728.2420093,44506435.54335797,-30101625.762845993,9959256842.661934,11332448479.928421,-1373191637.2664883
CZE,201901,861569002.9426376,868781519.8873645,-7212516.944726944,850598664.8829108,859376345.7029079,872600237.1592947,855436739.7048973,-22001572.276383877,3939605.9980106354,9990966878.41939,11239127826.522213,-1248160948.102823
CZE,201902,725304877.774338,732302836.0835702,-6997958.309232235,848457054.1553684,853969431.1561061,840838998.6626444,843928458.2362067,7618055.492724061,10040972.919899464,9967544167.92405,11105710011.048485,-1138165843.1244369
CZE,201903,1010424163.7710761,999890398.7192531,10533765.05182302,909460970.769965,869505563.2694149,925987318.1160326,879808851.3126572,-16526347.346067548,-10303288.043242335,10093897953.045603,11072703944.007757,-978805990.9621559
CZE,201904,843624484.8526661,777446277.345951,66178207.50671518,881422329.4188198,879780118.1147178,808739478.7439288,858521931.8408686,72682850.674891,21258186.27384925,10166891656.09188,10899631283.03178,-732739626.9398971
CZE,201905,805989149.1372149,830594631.4138526,-24605482.276637673,872174530.7159415,887685943.6349088,847526167.09922,860750987.9863938,24648363.61672151,26934955.648514986,10229764903.260006,10772296982.543972,-542532079.2839667
CZE,201906,872660507.7287925,823162291.955293,49498215.77349949,860503076.3550122,871366645.4965912,809149527.711699,821805057.8516159,51353548.64331317,49561587.644975305,10338234254.901129,10678853223.441425,-340618968.54029655
CZE,201907,962844400.9403594,872938917.4283259,89905483.51203346,973590185.0313561,902089264.0341033,900537209.9459746,852404301.5856313,73052975.08538151,49684962.44847202,10465906633.657972,10674407658.465977,-208501024.80800533
CZE,201908,719147421.3452743,948548744.6767592,-229401323.3314849,824697618.4982914,886263626.62822,896356637.2869625,868681124.9815454,-71659018.78867114,17582501.646674514,10421900615.74105,10533920195.371817,-112019579.63076675
CZE,201909,885643985.4368134,879572889.4719393,6071095.964874029,841315433.048961,879867745.5262028,855508763.3797449,884134203.5375608,-14193330.330783844,-4266458.011358023,10473421224.207748,10470650791.762823,2770432.444925785
CZE,201910,903885195.4528652,892047445.3685155,11837750.084349751,823432848.123716,829815299.8903228,845053879.1664618,865639759.9443897,-21621031.04274583,-35824460.0540669,10443369457.88833,10348612883.93153,94756573.95679903
CZE,201911,807218464.067603,885637955.0956565,-78419491.02805352,795975120.7747791,820241133.9824853,848960441.0424118,849841027.8628727,-52985320.26763272,-29599893.880387425,10367619940.377783,10305100627.935905,62519312.44187868
CZE,201912,960067502.01477,878958600.2152783,81108901.79949176,843108652.2333884,820838873.7106279,920798617.2194866,871604312.47612,-77689964.98609817,-50765438.76549208,10358379155.46441,10389882507.66176,-31503352.197348595
CZE,202001,889119685.7463359,994925933.7135174,-105806247.96718156,860924824.3619108,833336199.1233596,1013033162.0146989,927597406.7588657,-152108337.65278804,-94261207.63550615,10385929838.268108,10516026921.487911,-130097083.21980321
CZE,202002,699086071.8740935,831689543.1908468,-132603471.31675327,817946065.9574357,840659847.5175782,977807368.8157723,970546382.6833192,-159861302.85833657,-129886535.16574097,10359711032.367865,10615413628.595188,-255702596.22732425
CZE,202003,768830781.6889757,1084120693.774103,-315289912.08512723,691618715.6639222,790163201.9944229,978801796.8939371,989880775.908136,-287183081.2300149,-199717573.9137131,10118117650.285763,10699643923.650038,-581526273.3642745
CZE,202004,618974154.4041568,1007233734.7199794,-388259580.3158226,649707255.716992,719757345.7794499,1034594003.8714288,997067723.1937127,-384886748.1544368,-277310377.4142628,9893467319.837255,10929431381.024067,-1035964061.1868123
CZE,202005,699416004.1454015,988293033.995621,-288877029.8502195,752483435.1624378,697936468.847784,1012356508.588362,1008584103.1179094,-259873073.42592418,-310647634.2701254,9786894174.845442,11087129783.605835,-1300235608.760394
CZE,202006,843137910.9231036,1097500379.367652,-254362468.44454837,838375559.0417663,746855416.6403986,1063948276.9941448,1036966263.1513119,-225572717.9523785,-290110846.51091325,9757371578.039751,11361467871.018194,-1604096292.978442
CZE,202007,801806099.417233,968413473.9146051,-166607374.49737215,822501891.5463022,804453628.5835022,992227613.4145225,1022844132.9990097,-169725721.86822033,-218390504.41550756,9596333276.516624,11456942427.504475,-1860609150.9878476
CZE,202008,718679660.2677736,912069917.0106065,-193390256.7428329,831685652.5412985,830854367.7097889,871593141.9569358,975923010.7885343,-39907489.415637255,-145068643.07874537,9595865515.439125,11420463599.838322,-1824598084.3991954
CZE,202009,973922786.39305,1090482173.8806736,-116559387.48762369,894682832.9489864,849623459.0121957,1038329636.8476063,967383464.0730215,-143646803.8986199,-117760005.06082582,9684144316.39536,11631372884.247055,-1947228567.8516932
CZE,202010,983370621.9050431,1054475654.6926847,-71105032.78764153,910140895.4240186,878836460.3047677,1001932187.7022183,970618322.1689202,-91791292.27819967,-91781861.86415243,9763629742.84754,11793801093.571224,-2030171350.7236845
CZE,202011,965822018.5344357,1035120196.6183872,-69298178.08395147,959886395.4059043,921570041.2596364,996474929.8017216,1012245584.7838488,-36588534.39581728,-90675543.52421236,9922233297.314373,11943283335.093956,-2021050037.7795825
CZE,202012,1096248049.7583563,1011004691.1623359,85243358.59602046,951331838.1319065,940453042.9872764,1062133067.3496723,1020180061.6178707,-110801229.21776581,-79727018.63059425,10058413845.057959,12075329426.041012,-2016915580.983054
CZE,202101,887818056.0541509,965643110.4781852,-77825054.42403424,844176246.5453607,918464826.6943907,983351703.7819328,1013986566.9777756,-139175457.23657215,-95521740.28338492,10057112215.365774,12046046602.805681,-1988934387.4399066
CZE,202102,767365718.5910898,879173534.2643296,-111807815.67323971,888904949.708529,894804344.7952656,1021142466.2771161,1022209079.1362404,-132237516.56858706,-127404734.34097481,10125391862.08277,12093530593.879164,-1968138731.796393
CZE,202103,966084503.0330154,1167487796.727202,-201403293.69418657,882872205.5519546,871984467.2686148,1074468236.4153166,1026320802.1581217,-191596030.86336195,-154336334.88950694,10322645583.426811,12176897696.832262,-1854252113.4054523
CZE,202104,1011069669.8654454,1071028695.7413703,-59959025.875924945,1070915329.3469247,947564161.5358028,1106823582.119551,1067478094.9373279,-35908252.77262628,-119913933.40152502,10714741098.888098,12240692657.853653,-1525951558.9655547
CZE,202105,849821859.2734618,1030729405.8376805,-180907546.56421864,927997513.5400156,960595016.1462983,1067687009.2030356,1082992942.5793009,-139689495.66302,-122397926.43300259,10865146954.01616,12283129029.695711,-1417982075.6795537
CZE,202106,919130252.2294277,1189194782.5666666,-270064530.3372389,913508367.6953838,970807070.194108,1162849699.3613238,1112453430.2279701,-249341331.66594005,-141646360.0338621,10941139295.322483,12374823432.894728,-1433684137.5722442
CZE,202107,878083949.428876,1038450456.2747967,-160366506.84592068,924894574.1481577,922133485.1278524,1074110652.8425033,1101549120.4689543,-149216078.6943456,-179415635.34110188,11017417145.334127,12444860415.254917,-1427443269.9207928
CZE,202108,773910857.3339593,1075374156.862224,-301463299.52826476,883303003.1039935,907235314.9825116,1055976070.6833634,1097645474.29573,-172673067.5793699,-190410159.31321847,11072648342.400312,12608164655.106535,-1535516312.7062247
CZE,202109,858335316.9779849,1125952615.771893,-267617298.79390812,761037624.2816657,856411733.8446058,1057076814.710099,1062387846.0786552,-296039190.4284333,-205976112.23404944,10957060872.985247,12643635096.997757,-1686574224.012509
CZE,202110,876434481.2533642,1112360101.6056576,-235925620.35229337,819699867.3721664,821346831.5859419,1048310009.0520525,1053787631.4818382,-228610141.6798861,-232440799.89589632,10850124732.333567,12701519543.910728,-1851394811.5771608
CZE,202111,835981170.6699582,1087217102.9757533,-251235932.30579507,828576173.5208141,803104555.0582155,1008852314.4519832,1038079712.7380449,-180276140.93116915,-234975157.67982936,10720283884.46909,12753616450.268093,-2033332565.7990046
CZE,202112,936946180.2247043,1141035245.071224,-204089064.8465197,816230926.1988475,821502322.3639426,1200770574.6140037,1085977632.706013,-384539648.4151561,-264475310.34207034,10560982014.935438,12883647004.176983,-2322664989.2415447
CZE,202201,931054488.5108749,901375799.6860684,29678688.82480645,878968074.0109625,841258391.2435414,897952229.5282499,1035858372.8647456,-18984155.517287374,-194599981.62120426,10604218447.392162,12819379693.384867,-2215161245.9927044
CZE,202202,757378796.5032451,771728580.3446727,-14349783.841427565,869499257.4413984,854899419.2170695,854136845.6767439,984286549.9396658,15362411.764654517,-129387130.72259629,10594231525.304317,12711934739.465208,-2117703214.160892
CZE,202203,889950035.103013,939549138.2273121,-49599103.12429905,806080277.5242914,851515869.658884,870855145.8650118,874314740.3566685,-64774868.340720415,-22798870.697784424,10518097057.374313,12483996080.965319,-1965899023.5910044
CZE,202204,765691823.2896241,839874817.5668123,-74182994.27718818,843301917.314868,839627150.7601858,886540760.2835723,870510917.2751093,-43238842.96870434,-30883766.514923453,10272719210.798494,12252842202.79076,-1980122991.9922676
CZE,202205,617806898.9942448,866589165.32392,-248782266.3296752,680430772.7847518,776604322.5413038,907331421.8131,888242442.6538948,-226900649.0283482,-111638120.11259103,10040704250.519276,12088701962.277002,-2047997711.7577243
CZE,202206,812434625.7246801,824744215.0822846,-12309589.357604504,793048018.1360056,772260236.0785418,820854181.2763944,871575454.4576889,-27806163.140388727,-99315218.37914717,9934008624.01453,11724251394.792618,-1790242770.77809
CZE,202207,759364488.8952718,875554960.8889253,-116190471.99365354,826610122.7154219,766696304.5453931,927654787.8587507,885280130.3160816,-101044665.14332879,-118583825.77068853,9815289163.480925,11561355899.406748,-1746066735.9258227
CZE,202208,740685711.5659199,939069329.8214016,-198383618.25548172,822047041.4272738,813901727.4262338,939861351.8485222,896123440.3278891,-117814310.42124844,-82221712.90165532,9782064017.712885,11425051072.365925,-1642987054.6530395
CZE,202209,978785113.8414327,952540094.8265057,26245019.01492703,846262824.2740891,831639996.1389283,900243058.5205442,922586399.4092723,-53980234.24645507,-90946403.27034402,9902513814.576334,11251638551.420538,-1349124736.8442044
CZE,202210,930941564.4542053,981390277.0457821,-50448712.591576815,896310450.1702863,854873438.6238829,943422157.851852,927842189.4069729,-47111707.68156576,-72968750.78309,9957020897.777174,11120668726.860662,-1163647829.0834877
CZE,202211,819616413.7174484,1076462275.5852754,-256845861.86782706,816873590.5179876,853148954.9874543,982646247.6930497,942103821.3551487,-165772657.17506206,-88954866.36769438,9940656140.824665,11109913899.470184,-1169257758.6455197
CZE,202212,925412378.1414461,821462444.2795384,103949933.86190772,821516132.748498,844900057.8122573,866154536.611893,930740980.7189317,-44638403.863395095,-85840922.90667439,9929122338.741405,10790341098.6785,-861218759.9370924
CZE,202301,878658928.9239018,1010824735.288449,-132165806.36454725,841744130.0337273,826711284.4334043,965485550.5669931,938095444.957312,-123741420.53326583,-111384160.52390766,9876726779.154432,10899790034.280878,-1023063255.1264461
CZE,202302,700059156.8897301,864040216.3666582,-163981059.4769281,812830431.3206987,825363564.7009746,906109123.0029057,912583070.0605973,-93278691.68220699,-87219505.35962272,9819407139.540918,10992101670.302866,-1172694530.7619467
CZE,202303,1095109524.4556048,907001598.320522,188107926.13508284,967409298.5520395,873994619.9688219,823637584.9446937,898410752.8381974,143771713.60734582,-24416132.869375467,10024566628.89351,10959554130.396074,-934987501.5025648
CZE,202304,751492937.4633099,762081653.607021,-10588716.14371109,772184318.6478373,850808016.1735252,822076410.8571023,850607706.2682339,-49892092.20926499,200309.9052913189,10010367743.067196,10881760966.436283,-871393223.3690877
CZE,202305,688517276.5222983,747619560.4902934,-59102283.96799505,767806157.4995452,835799924.8998073,778015573.3235776,807909856.3751245,-10209415.824032426,27890068.52468288,10081078120.59525,10762791361.602655,-681713241.0074075
CZE,202306,1044052888.565054,785697083.6682757,258355804.89677835,995122484.9203821,845037653.6892548,806730784.522119,802274256.2342663,188391700.3982631,42763397.45498848,10312696383.435621,10723744230.188648,-411047846.7530247
CZE,202307,687022587.8770192,701885583.5375361,-14862995.660516977,756444373.2761198,839791005.2320157,761060527.8002295,781935628.548642,-4616154.524109721,57855376.68337369,10240354482.41737,10550074852.83726,-309720370.41988814
CZE,202308,753537344.9886702,728896887.3847623,24640457.603907943,848715447.2810806,866760768.4925276,753493280.6004008,773761530.9742498,95222166.6806798,92999237.51827776,10253206115.84012,10339902410.40062,-86696294.56049848
CZE,202309,952693117.3078158,847317522.8047045,105375594.50311124,813165191.3994617,806108337.3188874,835637750.6846588,783397186.361763,-22472559.28519702,22711150.957124352,10227114119.306503,10234679838.378819,-7565719.072314262
CZE,202310,780852773.6038172,757867493.4563311,22985280.14748609,776639783.9819663,812840140.887503,730383249.4482206,773171426.9110934,46256534.53374565,39668713.97640967,10077025328.456116,10011157054.789368,65868273.66674864
CZE,202311,848180969.41174,887746537.7508243,-39565568.33908439,855239013.1293588,815014662.836929,815927088.978598,793982696.3704925,39311924.15076077,21031966.466436505,10105589884.150406,9822441316.954916,283148567.1954913
CZE,202312,947791611.5886412,1047434906.5863327,-99643294.99769151,838056018.440974,823311605.1840997,1079278716.6856964,875196351.7041717,-241222698.24472237,-51884746.52007198,10127969117.597603,10048413779.26171,79555338.33589208
CZE,202401,879589136.0974541,901668937.8012867,-22079801.703832626,875198087.4608804,856164373.0104045,812148584.3647782,902451463.3430241,63049503.09610224,-46287090.33261967,10128899324.771154,9939257981.774548,189641342.9966067
CZE,202402,758022752.1601229,895318240.6011262,-137295488.44100332,883615770.922091,865623292.2746485,929937181.933222,940454827.6612321,-46321411.01113105,-74831535.38658357,10186862920.041546,9970536006.009016,216326914.0325315
CZE,202403,1205363614.3479486,998787633.5835484,206575980.76440012,1056741533.3363618,938518463.9064444,857602756.487435,866562840.9284784,199138776.84892678,71955622.97796607,10297117009.933891,10062322041.272043,234794968.66184878
CZE,202404,1036756592.4485112,791161119.6764582,245595472.772053,991382119.9022678,977246474.7202402,842647373.1617615,876729103.8608061,148734746.7405063,100517370.85943413,10582380664.919092,10091401507.34148,490979157.5776129
CZE,202405,868979045.4652065,947552726.0306472,-78573680.56544065,980685911.9092441,1009603188.3826246,987545325.9054378,895931818.5182114,-6859413.996193767,113671369.86441326,10762842433.862001,10291334672.881834,471507760.98016727
CZE,202406,1070512021.8872492,890245999.5250841,180266022.3621651,997694186.8630301,989920739.5581807,947223787.7188499,925805495.5953498,50470399.14418018,64115243.9628309,10789301567.184196,10395883588.738642,393417978.445554
CZE,202407,874621618.4291695,811059393.472013,63562224.95715654,969387519.3672446,982589206.0465063,905206165.4469637,946658426.3570838,64181353.92028093,35930779.68942249,10976900597.736347,10505057398.673119,471843199.06322753
CZE,202408,1200644501.565788,880445687.0365648,320198814.5292232,1368674174.7325315,1111918626.987602,950213226.5358322,934214393.233882,418460948.1966994,177704233.75372005,11424007754.313465,10656606198.32492,767401555.9885428
CZE,202409,1343773910.826033,858066170.3117818,485707740.51425135,1143050580.7509725,1160370758.283583,886751486.6843388,914056959.5557116,256299094.0666337,246313798.7278713,11815088547.831682,10667354845.831999,1147733701.999683
CZE,202410,1106379728.9465964,838806481.8757615,267573247.07083488,1142596996.774808,1218107250.7527707,812382293.8861276,883115669.0354328,330214702.88868034,334991581.71733785,12140615503.174461,10748293834.251429,1392321668.9230316
CZE,202411,1114239657.4489353,894688849.8925263,219550807.556409,1138928981.8966908,1141525519.8074903,827945914.0868583,842359898.2191082,310983067.8098326,299165621.5883821,12406674191.211657,10755236146.393131,1651438044.8185248
CZE,202412,1275622844.5289962,869580319.2381045,406042525.29089177,1118412966.4747064,1133312981.7154016,872995648.8189772,837774618.9306544,245417317.65572917,295538362.78474724,12734505424.152012,10577381559.044903,2157123865.107108
CZE,202501,1095255465.3755085,845483385.3179786,249772080.05752993,1133784448.4612284,1130375465.6108751,720507203.1320331,807149588.6792895,413277245.32919526,323225876.93158567,12950171753.430065,10521196006.561596,2428975746.868471
CZE,202502,946035752.0614715,797927731.5634332,148108020.4980383,1102671231.840586,1118289548.9255068,817150080.5364773,803550977.4958292,285521151.3041086,314738571.4296776,13138184753.331415,10423805497.523901,2714379255.8075123
CZE,202503,1416769939.837933,1186357865.4115784,230412074.42635465,1225582594.2980978,1154012758.1999707,958539935.4779875,832065739.7154993,267042658.82011032,321947018.48447144,13349591078.821398,10611375729.351933,2738215349.469467
CZE,202504,1337750711.2812712,927817730.4772549,409932980.80401635,1184014803.3337376,1170756209.8241405,973961270.8462689,916550428.953578,210053532.48746872,254205780.87056255,13650585197.654158,10748032340.152729,2902552857.5014305
CZE,202505,1144161599.7533867,929281123.7825044,214880475.9708823,1303663857.4762175,1237753751.7026844,967757270.5692756,966752825.6311773,335906586.9069419,271000926.0715071,13925767751.942339,10729760737.904585,3196007014.037753
CZE,202506,1468266531.4275265,896846111.4396553,571420419.9878712,1336972277.9815612,1274883646.2638388,986070467.2743622,975929669.5633022,350901810.707199,298953976.7005366,14323522261.482616,10736360849.819157,3587161411.6634593
CZE,202507,1313115719.0251186,911566549.7905695,401549169.23454905,1462535908.1528122,1367724014.5368636,1047075324.2622215,1000301020.701953,415460583.8905908,367422993.8349105,14762016362.078564,10836868006.137712,3925148355.9408517
CZE,202508,1207042785.1524675,932758428.0402108,274284357.11225665,1396811978.0586715,1398773388.0643482,1051700356.0698248,1028282049.2021362,345111621.98884666,370491338.86221206,14768414645.665243,10889180747.141357,3879233898.5238857
CZE,202509,1657574796.7586563,1015328797.3704789,642245999.3881774,1409306233.9096208,1422884706.7070348,1103158561.7742004,1067311414.0354156,306147672.1354203,355573292.6716192,15082215531.597868,11046443374.200056,4035772157.397811
CZE,202510,1381288825.687598,1265646200.9974833,115642624.69011474,1483013560.3152926,1429710590.761195,1233058998.1590967,1129305972.0010407,249954562.15619588,300404618.76015425,15357124628.33887,11473283093.321777,3883841535.0170913
CZE,202511,1479403130.8329282,1313900583.3805013,165502547.4524269,1534646284.407391,1475655359.5441017,1229215114.9300787,1188477558.287792,305431169.4773123,287177801.25630975,15722288101.722862,11892494826.809753,3829793274.9131093
CZE,202512,1912747830.1334784,1294698366.622755,618049463.5107234,1660182246.469356,1559280697.0640132,1262492611.9458508,1241588908.3450089,397689634.5235052,317691788.7190044,16359413087.327343,12317612874.194405,4041800213.1329403
CZE,202601,1575508570.0798428,1566921547.4232655,8587022.656577349,1700965137.557118,1631931222.811288,1265939269.4060183,1252548998.7606494,435025868.1510997,379382224.0506387,16839666192.03168,13039051036.29969,3800615155.7319884
CZE,202602,1562562749.9939854,1270671509.210341,291891240.78364444,1820291687.590927,1727146357.2058003,1293470873.772441,1273967585.041437,526820813.818486,453178772.1643634,17456193189.96419,13511794813.946598,3944398376.0175943
CZE,202603,2053902431.231758,1291893247.3521092,762009183.8796489,1759000113.7621036,1760085646.3033829,978355962.9739588,1179255368.7174726,780644150.7881447,580830277.5859103,18093325681.358017,13617330195.887129,4475995485.470888
CZE,202604,2304559374.3758082,1356230076.6729505,948329297.7028577,1888581867.4807305,1822624556.2779205,1399271747.3700023,1223699528.0388007,489310120.11072826,598925028.2391198,19060134344.452557,14045742542.082825,5014391802.36973
DEU,201701,3369417386.1289115,2954008097.720729,415409288.4081826,3407069972.5287127,,2921036613.691424,,486033358.83728886,,,,
DEU,201702,3333053040.198576,2736766717.992606,596286322.2059698,3564900769.9327173,,2946983280.415788,,617917489.5169291,,,,
DEU,201703,3830404226.135528,3160111837.5490866,670292388.5864415,3649193771.813129,3540388171.424853,2996363557.8243203,2954794483.977177,652830213.9888086,585593687.4476757,,,
DEU,201704,3472311812.324979,2761337381.192081,710974431.1328979,3676864668.9344754,3630319736.8934402,3020784548.46005,2988043795.5667195,656080120.4744253,642275941.3267207,,,
DEU,201705,3898026586.988219,3102863930.7278867,795162656.2603321,3847501920.3482704,3724520120.3652916,3097637639.869341,3038261915.3845706,749864280.4789295,686258204.980721,,,
DEU,201706,4049560976.34206,3230377515.7602134,819183460.5818467,3911615549.7245893,3811994046.3357787,3145913204.2917027,3088111797.5403647,765702345.4328866,723882248.795414,,,
DEU,201707,3841699406.355307,3148652748.298438,693046658.056869,3926104402.8906713,3895073957.6545105,3143901874.1537924,3129150906.1049457,782202528.7368789,765923051.5495648,,,
DEU,201708,4147614389.950446,3224602917.896628,923011472.0538182,4107053814.2315197,3981591255.6155934,3269300857.3539495,3186371978.599815,837752956.8775702,795219277.0157785,,,
DEU,201709,4330205182.299446,3497004669.6717105,833200512.6277356,4125169919.3121405,4052776045.47811,3228819326.9457006,3214007352.8178144,896350592.3664398,838768692.6602955,,,
DEU,201710,4187774684.3390017,3305243870.622373,882530813.7166286,4026436351.8147516,4086220028.452804,3211892365.3941903,3236670849.897947,814543986.4205613,849549178.5548573,,,
DEU,201711,4481949818.081213,3311832780.182348,1170117037.8988652,4344060967.9199505,4165222413.015614,3304745762.166598,3248485818.1688294,1039315205.7533526,916736594.8467846,,,
DEU,201712,4064201697.2910757,3273941530.2573576,790260167.0337181,4422631974.606982,4264376431.447228,3382030829.2591395,3299556318.9399757,1040601145.3478427,964820112.5072522,47006219206.43476,37706743997.87146,9299475208.563305
DEU,201801,4436121928.062886,3419414952.4590106,1016706975.6038756,4424071593.838377,4396921512.12177,3382456025.9447293,3356410872.456822,1041615567.8936477,1040510639.664948,48072923748.36874,38172150852.60974,9900772895.758999
DEU,201802,4221156591.835452,3157183005.847537,1063973585.987915,4498657278.20669,4448453615.550683,3400931203.9522605,3388472686.3853765,1097726074.2544293,1059980929.1653066,48961027300.005615,38592567140.464676,10368460159.540943
DEU,201803,4639872993.488294,3634432769.3307133,1005440224.1575804,4398336196.475286,4440355022.840117,3423498117.047023,3402295115.648004,974838079.4282627,1038059907.1921134,49770496067.35838,39066888072.2463,10703607995.112083
DEU,201804,4253925656.0808916,3523679714.580488,730245941.5004034,4437132473.429485,4444708649.370487,3741594837.095756,3522008052.6983466,695537636.3337293,922700596.6721406,50552109911.11429,39829230405.634705,10722879505.479588
DEU,201805,4246095202.7762823,3446084292.4230227,800010910.3532596,4212779366.0509334,4349416011.985234,3489643493.8189306,3551578815.9872365,723135872.2320027,797837195.9979978,50900178526.90235,40172450767.32984,10727727759.572515
DEU,201806,4428855679.017462,3532682886.564135,896172792.4533267,4271575302.895625,4307162380.792015,3416011304.4862456,3549083211.8003106,855563998.4093795,758079168.9917045,51279473229.57776,40474756138.13376,10804717091.443996
DEU,201807,4170966431.032796,3484110618.566791,686855812.4660048,4267347150.684603,4250567273.2103868,3521753034.2430367,3475802610.849404,745594116.4415665,774764662.3609829,51608740254.25525,40810214008.402115,10798526245.85313
DEU,201808,4150993360.1204505,3329923808.7604265,821069551.360024,4188567042.233225,4242496498.6044846,3431325188.056849,3456363175.5953774,757241854.1763759,786133323.0091071,51612119224.42525,40915534899.265915,10696584325.159336
DEU,201809,4437093758.961336,3799469233.74717,637624525.2141662,4275532248.635164,4243815480.517664,3567058364.6476316,3506712195.6491723,708473883.9875321,737103284.8684916,51719007801.08714,41217999463.34137,10501008337.745768
DEU,201810,4470521914.144553,3725699972.6625514,744821941.4820018,4333668656.661301,4265922649.1765633,3617527650.3087325,3538637067.6710715,716141006.3525681,727285581.5054917,52001755030.89269,41638455565.381546,10363299465.51114
DEU,201811,4225767518.7707396,3482520539.929722,743246978.8410177,4122116202.35101,4243772369.2158246,3465249495.373378,3549945170.1099143,656866706.977632,693827199.1059103,51745572731.58222,41809143325.12893,9936429406.453293
DEU,201812,3906649906.8970275,3315116835.8958855,591533071.001142,4179210183.330667,4211665014.114325,3370444995.710366,3484407380.4641585,808765187.6203012,727257633.6501665,51588020941.18817,41850318630.76745,9737702310.420717
DEU,201901,4413512581.264325,3766805027.878105,646707553.38622,4355034264.182238,4218786883.2879715,3734474873.2808213,3523389788.1215215,620559390.9014163,695397095.16645,51565411594.38961,42197708706.18655,9367702888.203062
DEU,201902,4029418929.0700397,3234543546.326885,794875382.7431545,4276822506.734369,4270355651.4157577,3492497429.023987,3532472432.671725,784325077.710382,737883218.7440329,51373673931.6242,42275069246.66589,9098604684.958302
DEU,201903,4508205127.052401,3650641557.478764,857563569.5736365,4250052679.226839,4293969816.7144814,3422164811.1786957,3549712371.1611676,827887868.0481434,744257445.5533137,51242006065.1883,42291278034.81394,8950728030.374357
DEU,201904,4109242309.424204,3428746532.4769645,680495776.9472394,4232928471.119432,4253267885.6935463,3542732020.084229,3485798086.762304,690196451.035203,767469798.9312425,51097322718.53162,42196344852.71043,8900977865.821194
DEU,201905,4298220543.557123,3162939004.0434856,1135281539.5136375,4290535025.276864,4257838725.2077117,3242432000.2107525,3402442943.8245597,1048103025.0661116,855395781.383152,51149448059.31246,41913199564.33089,9236248494.981571
DEU,201906,3929796549.2096314,3129839001.9955797,799957547.2140517,3783268013.3314967,4102243836.57593,3008605572.159166,3264589864.1513824,774662441.1723309,837653972.4245477,50650388929.50463,41510355679.76233,9140033249.742296
DEU,201907,4259623250.241434,3242225922.81919,1017397327.4222441,4365612315.710138,4146471784.7728324,3313972681.807511,3188336751.3924766,1051639633.9026275,958135033.3803558,50739045748.713264,41268470984.014725,9470574764.698536
DEU,201908,4034032566.104697,3065956925.6184273,968075640.48627,4137848979.0673923,4095576436.036342,3201530382.283784,3174702878.750154,936318596.7836084,920873557.2861881,50622084954.69752,41004504100.872734,9617580853.824781
DEU,201909,4091295904.0413995,3350668229.9030075,740627674.138392,3976883262.6229143,4160114852.4668145,3190570559.5870423,3235357874.559446,786312703.035872,924756977.9073687,50276287099.77757,40555703097.02857,9720584002.749006
DEU,201910,4287328410.351475,3379204996.5094357,908123413.8420391,4196256546.845865,4103662929.5120564,3278650815.374795,3223583919.0818734,917605731.4710698,880079010.4301829,50093093595.9845,40209208120.87546,9883885475.109045
DEU,201911,4037655329.1220393,3259922201.210427,777733127.9116125,3961165584.690333,4044768464.7197037,3237710755.4354625,3235644043.465767,723454829.2548704,809124421.2539368,49904981406.33579,39986609782.15616,9918371624.17964
DEU,201912,3668311715.543777,3240286133.4481688,428025582.09560823,3848133990.3173842,4001852040.6178603,3248900183.500305,3255087251.436854,599233806.8170791,746764789.1810064,49666643214.982544,39911779079.70844,9754864135.274105
DEU,202001,4189921474.49578,3387961445.338953,801960029.156827,4111764409.685873,3973687994.897863,3363498659.9562125,3283369866.2973266,748265749.7296605,690318128.6005363,49443052108.214,39532935497.16929,9910116611.044712
DEU,202002,3694897956.798233,3038569674.124848,656328282.6733851,3911500433.438772,3957132944.480676,3295646950.267149,3302681931.2412224,615853483.1716232,654451013.2394538,49108531135.94219,39336961624.96725,9771569510.974943
DEU,202003,4028958979.073382,3182024993.241994,846933985.831388,3781357330.7102447,3934874057.944963,2973421761.1771674,3210855790.4668427,807935569.5330772,724018267.4781203,48629284987.96318,38868345060.730484,9760939927.232695
DEU,202004,3259040244.1887255,2644365906.899923,614674337.2888026,3328872551.2605658,3673910105.1365266,2630125648.166032,2966398119.8701158,698746903.0945339,707511985.2664108,47779082922.72769,38083964435.15344,9695118487.574259
DEU,202005,3201444038.898898,2668452029.0925813,532992009.80631685,3204069847.285622,3438099909.7521434,2775020370.345886,2792855926.5630283,429049476.9397359,645243983.189115,46682306418.06947,37589477460.20253,9092828957.866938
DEU,202006,3693419758.974554,2828770104.3802204,864649654.5943336,3553946972.159462,3362296456.9018826,2702220977.275067,2702455665.2623286,851725994.8843951,659840791.639554,46445929627.83439,37288408562.58718,9157521065.24722
DEU,202007,3757042026.1762195,3118313781.1101747,638728245.0660448,3846080707.0455437,3534699175.4968753,3221162760.405041,2899468036.0086646,624917946.6405025,635231139.4882107,45943348403.76918,37164496420.87816,8778851982.89102
DEU,202008,3820320615.060501,2800114483.4670286,1020206131.5934725,3959670708.8277655,3786566129.344257,2952612531.3541636,2958665423.0114236,1007058177.4736018,827900706.3328333,45729636452.72498,36898653978.72676,8830982473.998222
DEU,202009,4221584205.381084,3356740215.254786,864843990.126298,4126426719.5474772,3977392711.806928,3243352266.4556355,3139042519.404947,883074453.0918417,838350192.4019814,45859924754.06467,36904725964.07854,8955198789.98613
DEU,202010,4237109026.2972574,3421735172.076935,815373854.2203226,4193977085.6723,4093358171.34918,3322154472.5574155,3172706423.455738,871822613.1148844,920651747.8934422,45809705370.01045,36947256139.64604,8862449230.364412
DEU,202011,4478717529.081388,3484849579.3291516,993867949.7522368,4395741128.893342,4238714978.037706,3454359308.1314483,3339955349.0481663,941381820.7618937,898759628.9895396,46250767569.9698,37172183517.76476,9078584052.205036
DEU,202012,4289360800.591882,3626863888.897391,662496911.6944914,4384489787.659791,4324736000.741811,3583962323.765453,3453492034.8181057,800527463.8943381,871243965.9237051,46871816655.01791,37558761273.21399,9313055381.803919
DEU,202101,4348632738.607317,3366595200.9963045,982037537.6110125,4328705440.585601,4369645452.379578,3374044532.9229164,3470788721.606606,954660907.6626844,898856730.7729716,47030527919.12944,37537395028.87134,9493132890.258104
DEU,202102,4289904019.6409793,3093939737.739732,1195964281.9012475,4530594572.615222,4414596600.286871,3362450779.5447555,3440152545.4110413,1168143793.0704665,974444054.8758297,47625533981.97219,37592765092.48622,10032768889.485966
DEU,202103,5084917939.642792,3865734934.7440176,1219183004.8987741,4765572444.907964,4541624152.702928,3630652276.4759917,3455715862.9812207,1134920168.431972,1085908289.7217069,48681492942.541595,38276475033.98824,10405017908.553354
DEU,202104,4626596610.711486,3628853659.1033344,997742951.6081514,4772686560.89187,4689617859.471684,3632067029.5162654,3541723361.8456707,1140619531.3756042,1147894497.6260138,50049049309.06436,39260962786.19165,10788086522.872704
DEU,202105,4569853131.220352,3521672817.1129375,1048180314.1074147,4575155754.16189,4704471586.653907,3659573508.8073235,3640764271.5998597,915582245.3545666,1063707315.0540471,51417458401.38581,40114183574.21201,11303274827.173801
DEU,202106,4973561705.621555,4001061922.0535975,972499783.5679579,4753101153.0438175,4700314489.365859,3765542485.9843197,3685727674.7693024,987558667.0594978,1014586814.5965567,52697600348.032814,41286475391.88539,11411124956.147425
DEU,202107,4713012953.918913,3689172286.734599,1023840667.1843138,4858423094.713983,4728893333.973229,3813954024.7254467,3746356673.1723633,1044469069.9885359,982536660.8008661,53653571275.775505,41857333897.50982,11796237378.265694
DEU,202108,4701324180.329485,3635922049.0313077,1065402131.2981772,4843113302.422542,4818212516.72678,3782040318.141077,3787178942.950281,1061072984.2814646,1031033573.7764988,54534574841.04449,42693141463.07409,11841433377.970398
DEU,202109,5116322244.568805,4113030468.28891,1003291776.2798948,4957078919.350756,4886205105.49576,3947791775.8530655,3847928706.239863,1009287143.4976902,1038276399.255897,55429312880.232216,43449431716.108215,11979881164.123995
DEU,202110,4826140863.236731,4095478514.102453,730662349.1342773,4908007419.731654,4902733213.834984,4002241242.1407056,3910691112.044949,905766177.5909486,992042101.7900348,56018344717.17169,44123175058.133736,11895169659.037949
DEU,202111,4925223442.920127,3995161038.7075515,930062404.2125754,4796671612.896199,4887252650.659535,3958510813.623429,3969514610.5390663,838160799.2727704,917738040.1204691,56464850631.01042,44633486517.51213,11831364113.49829
DEU,202112,5011769751.209742,4111102282.17863,900667469.0311117,5001526984.173629,4902068672.267161,4044950398.1102247,4001900817.95812,956576586.0634041,900167854.3090415,57187259581.62829,45117724910.79337,12069534670.834908
DEU,202201,4790028932.72587,3950127055.8914275,839901876.8344426,4826930236.8462925,4875042944.638706,4009155890.9643135,4004205700.8993225,817774345.881979,870837243.7393837,57628655775.74683,45701256765.6885,11927399010.058338
DEU,202202,4696316674.547422,3713869046.943317,982447627.6041055,4934914646.7317705,4921123955.917231,4034439801.0457997,4029515363.373446,900474845.6859708,891608592.5437846,58035068430.65328,46321186074.89208,11713882355.761196
DEU,202203,5198299153.324965,4221294426.257934,977004727.0670304,4878703922.945797,4880182935.507953,3982949539.107755,4008848410.372623,895754383.8380418,871334525.1353297,58148449644.33545,46676745566.406,11471704077.929453
DEU,202204,4577393990.647392,3556486205.662752,1020907784.9846401,4747736365.684132,4853784978.453899,3582176626.7514167,3866521988.968324,1165559738.932715,987262989.4855752,58099247024.271355,46604378112.96542,11494868911.30594
DEU,202205,4956930863.202036,3997854133.977449,959076729.224587,4988223571.583447,4871554620.071125,4100671768.154872,3888599311.3380146,887551803.4285755,982955308.7331104,58486324756.253044,47080559429.82993,11405765326.423113
DEU,202206,5171074342.062217,4172242188.392801,998832153.669416,4902324215.752324,4879428051.006635,3988121736.6698403,3890323377.1920433,914202479.0824838,989104673.8145914,58683837392.69371,47251739696.169136,11432097696.524572
DEU,202207,4712835074.324993,3989315245.6237264,723519828.7012668,4839362123.024679,4909969970.12015,4100459893.1384096,4063084465.987707,738902229.8862696,846885504.1324425,58683659513.099785,47551882655.05826,11131776858.041525
DEU,202208,4879603341.816284,4117179445.996682,762423895.819602,5017437966.462651,4919708101.7465515,4296271991.191942,4128284540.3333974,721165975.270709,791423561.4131541,58861938674.586586,48033140052.023636,10828798622.562948
DEU,202209,5109815252.012899,4295708665.497306,814106586.5155935,4887360347.421499,4914720145.636276,4029003848.905896,4141911911.078749,858356498.5156031,772808234.5575271,58855431682.03068,48215818249.23203,10639613432.798649
DEU,202210,4598488446.977291,4182411702.6963797,416076744.28091145,4725617990.706466,4876805434.863538,4105041500.2240624,4143439113.440634,620576490.4824033,733366321.422904,58627779265.77123,48302751437.82596,10325027827.945282
DEU,202211,5229839572.764755,4090646205.990571,1139193366.7741842,5109972665.517428,4907650334.548465,4049925854.849474,4061323734.659811,1060046810.6679544,846326599.8886538,58932395395.61587,48398236605.10898,10534158790.506891
DEU,202212,5291773751.6123905,4019488709.4886513,1272285042.1237392,5331275547.564616,5055622067.929503,3969574097.1339765,4041513817.402504,1361701450.4306397,1014108250.5269995,59212399396.01851,48306623032.41899,10905776363.59952
DEU,202301,5052379098.24248,4064383704.070828,987995394.1716523,5111404222.08144,5184217478.387828,4155350283.6680512,4058283411.8838344,956053938.4133887,1125934066.5039935,59474749561.535126,48420879680.5984,11053869880.936728
DEU,202302,4846643002.3416195,3894344039.810029,952298962.5315905,5081014253.35462,5174564674.333558,4196001475.8845563,4106975285.562195,885012777.4700637,1067589388.7713633,59625075889.32932,48601354673.46511,11023721215.864212
DEU,202303,6049622963.30183,4786975790.35683,1262647172.9450006,5668947938.974521,5287122138.13686,4481505300.654911,4277619020.0691733,1187442638.3196096,1009503118.0676866,60476399699.30619,49167036037.56401,11309363661.742184
DEU,202304,4754870398.320235,4048135630.292847,706734768.0273881,4863224355.153037,5204395515.827392,4099576742.337,4259027839.6254897,763647612.8160372,945367676.2019019,60653876106.979034,49658685462.1941,10995190644.784931
DEU,202305,5140158497.5673275,4036682537.2696376,1103475960.29769,5149416484.146895,5227196259.424817,4146961557.6710105,4242681200.220974,1002454926.4758849,984515059.2038431,60837103741.34432,49697513865.48628,11139589875.858036
DEU,202306,5610002837.510372,4184837313.8809657,1425165523.6294065,5374523514.654913,5129054784.651615,4077386960.0746865,4107975086.6942325,1297136554.5802264,1021079697.9573827,61276032236.79247,49710108990.97445,11565923245.818026
DEU,202307,5029068632.613119,3936006822.519699,1093061810.09342,5087333427.647406,5203757808.816403,4069949895.0854278,4098099470.9437084,1017383532.5619779,1105658337.872695,61592265795.080605,49656800567.87042,11935465227.210178
DEU,202308,5198098564.452064,4102201418.9284897,1095897145.5235739,5449449318.025992,5303768753.44277,4355851135.900096,4167729330.353403,1093598182.1258965,1136039423.089367,61910761017.716385,49641822540.80223,12268938476.91415
DEU,202309,5482712249.362112,4386589740.859006,1096122508.503106,5216268815.087489,5251017186.920296,4079362358.1441283,4168387796.3765507,1136906456.9433608,1082629390.543745,62283658015.0656,49732703616.16393,12550954398.901663
DEU,202310,4913726697.129012,3858808854.5841556,1054917842.5448565,4987940073.083098,5217886068.732193,3841526902.5285206,4092246798.8575816,1146413170.5545778,1125639269.8746114,62598896265.217316,49409100768.051704,13189795497.165607
DEU,202311,5179022883.480792,3860263716.9623923,1318759166.5183997,5105836461.232498,5103348449.801028,3740780170.105816,3887223143.5928216,1365056291.1266823,1216125306.2082067,62548079575.93336,49178718279.02353,13369361296.909822
DEU,202312,4928364802.041795,3834448491.4562697,1093916310.585525,5195573248.694273,5096449927.669956,3641066402.60164,3741124491.7453256,1554506846.0926328,1355325435.9246306,62184670626.36276,48993678060.99115,13190992565.371609
DEU,202401,5019762845.238623,3599849081.494299,1419913763.7443237,5061678987.935203,5121029565.953991,3704595106.9126873,3695480559.873381,1357083881.0225153,1425549006.0806098,62152054373.3589,48529143438.41462,13622910934.94428
DEU,202402,4793464587.134859,3374421619.2694764,1419042967.8653827,4998579893.880355,5085277376.83661,3659308443.1548038,3668323317.556377,1339271450.7255511,1416954059.280233,62098875958.15214,48009221017.87407,14089654940.278072
DEU,202403,5184433154.811997,3885761173.329672,1298671981.4823256,4766513439.939013,4942257440.584856,3598220616.212713,3654041388.7600684,1168292823.7262998,1288216051.8247876,61233686149.66231,47108006400.84692,14125679748.815397
DEU,202404,5183884760.205212,3446377474.3668065,1737507285.8384051,5182517603.633653,4982536979.151006,3481114434.1136284,3579547831.1603813,1701403169.5200243,1402989147.9906244,61662700511.54729,46506248244.92087,15156452266.626415
DEU,202405,4695899231.732339,3329110559.054102,1366788672.678237,4675070416.31713,4874700486.629931,3427128085.1645536,3502154378.496965,1247942331.1525764,1372546108.1329665,61218441245.712296,45798676266.70533,15419764979.006962
DEU,202406,5047350797.799367,3666857493.9035697,1380493303.8957973,4883823276.540864,4913803765.497215,3657687421.2871356,3521976646.855106,1226135855.2537284,1391827118.6421094,60655789206.00129,45280696446.72794,15375092759.273352
DEU,202407,5131748719.647301,3361652305.1701064,1770096414.4771943,5126004082.022129,4894965924.960041,3498118227.7935023,3527644578.0817304,1627885854.2286267,1367321346.8783107,60758469293.03547,44706341929.37835,16052127363.657127
DEU,202408,4545857134.06293,3347293220.722896,1198563913.340034,4850654966.669701,4953494108.410897,3617771909.6397004,3591192519.5734463,1232883057.0300002,1362301588.837451,60106227862.64634,43951433731.17275,16154794131.473587
DEU,202409,5260456973.672649,3936733801.8966246,1323723171.7760248,4980528868.659497,4985729305.783775,3632432116.007507,3582774084.480236,1348096752.6519904,1402955221.3035393,59883972586.95687,43501577792.21037,16382394794.746506
DEU,202410,5070527140.063764,3366487109.6448293,1704040030.4189343,5082935654.564395,4971373163.297864,3400867502.924028,3550357176.190412,1682068151.640367,1421015987.107452,60040773029.89163,43009256047.27105,17031516982.620583
DEU,202411,5064633273.155575,3438075747.32005,1626557525.835525,5043886556.7521,5035783693.32533,3265697649.195509,3432999089.3756814,1778188907.556591,1602784603.9496484,59926383419.56641,42587068077.6287,17339315341.93771
DEU,202412,4536806220.529325,3416654167.4022717,1120152053.1270528,5018283389.490287,5048368533.602261,3130952690.754258,3265839280.9579315,1887330698.7360287,1782529252.644329,59534824838.05394,42169273753.57471,17365551084.479237
DEU,202501,4680668399.558137,3521582076.0772805,1159086323.4808564,4701455302.105446,4921208416.115944,3641643920.5951033,3346098086.84829,1059811381.5103426,1575110329.267654,59195730392.37345,42091006748.157684,17104723644.215769
DEU,202502,4890069110.817166,3144989686.542924,1745079424.2742424,5063925410.890127,4927888034.161953,3434695897.841837,3402430836.397066,1629229513.0482903,1525457197.7648869,59292334916.05576,41861574815.43113,17430760100.62463
DEU,202503,5747173048.717426,4345235613.551998,1401937435.1654282,5192943651.875423,4986108121.623665,3988421961.2348304,3688253926.557257,1204521690.640593,1297854195.0664077,59855074809.96119,42321049255.65346,17534025554.30773
DEU,202504,5459356882.244302,3833105428.7745204,1626251453.4697814,5333875808.0723095,5196914956.945952,3850119143.4024396,3757745667.493036,1483756664.66987,1439169289.4529166,60130546932.000275,42707777210.06117,17422769721.93911
DEU,202505,5379516230.144336,3796802135.7626524,1582714094.3816833,5326913219.864307,5284577559.937346,3922374014.443943,3920305039.6937375,1404539205.4203644,1364272520.243609,60814163930.41228,43175468786.76972,17638695143.642555
DEU,202506,5433115398.396552,3798191372.842981,1634924025.5535712,5316222482.591113,5325670503.509243,3879159975.961044,3883884377.9358087,1437062506.6300693,1441786125.5734344,61199928531.00947,43306802665.70913,17893125865.300327
DEU,202507,5360920687.384602,3830550282.488503,1530370404.8960986,5281175802.597614,5308103835.017678,4017368142.0239887,3939634044.142992,1263807660.5736256,1368469790.8746862,61429100498.746765,43775700643.02753,17653399855.71923
DEU,202508,4956663933.443938,3662445954.1594443,1294217979.284494,5396837105.560949,5331411796.916558,4034199778.381174,3976909298.788736,1362637327.1797752,1354502498.1278224,61839907298.12777,44090853376.46408,17749053921.663692
DEU,202509,5744605420.418138,4429477103.252637,1315128317.1655006,5413896666.657343,5363969858.271969,4059292887.7538824,4036953602.719682,1354603778.9034605,1327016255.5522866,62324055744.87326,44583596677.82009,17740459067.05317
DEU,202510,5574720792.376464,4048170690.5158167,1526550101.8606472,5498565951.559165,5436433241.259152,4150912684.5037107,4081468450.2129226,1347653267.0554543,1354964791.0462298,62828249397.18596,45265280258.69108,17562969138.49488
DEU,202511,5444887741.419165,4543364062.063775,901523679.3553896,5481999367.642772,5464820661.953094,4223255599.7656884,4144487057.3410935,1258743767.8770833,1320333604.612,63208503865.449554,46370568573.43481,16837935292.014746
DEU,202512,4716327313.348853,4884854584.279513,-168527270.93066025,5496188146.010563,5492251155.070832,4306107916.688173,4226758733.6525245,1190080229.3223896,1265492421.4183078,63388024958.26908,47838768990.31204,15549255967.957033
DEU,202601,5605518530.5615015,4190880770.3793983,1414637760.1821032,5611275831.84466,5529821115.1659975,4356510534.724695,4295291350.392852,1254765297.1199646,1234529764.7731457,64312875089.272446,48508067684.61417,15804807404.65828
DEU,202602,5548733022.7091055,3927925385.4505987,1620807637.2585068,5701703982.511961,5603055986.789062,4324455607.210581,4329024686.207816,1377248375.3013802,1274031300.5812454,64971539001.16438,49291003383.52184,15680535617.642544
DEU,202603,6464628463.612783,4742730525.107494,1721897938.505289,5720416866.9772215,5677798893.777947,4310600770.562522,4330522304.165933,1409816096.4146996,1347276589.6120148,65688994416.05974,49688498295.07733,16000496120.982405
DEU,202604,5820652213.4775715,4496691732.62433,1323960480.853242,5555481714.452177,5659200854.6471195,4482149443.527846,4372401940.43365,1073332270.9243307,1286798914.2134695,66050289747.293015,50352084598.92714,15698205148.365866
DNK,201701,127775573.44537574,127530557.84296992,245015.60240581632,126876671.31430791,,127389002.02196026,,-512330.7076523453,,,,
DNK,201702,118712172.73167166,107616286.15719658,11095886.57447508,123099548.82800935,,128298543.63094059,,-5198994.802931234,,,,
DNK,201703,133349412.13954435,145224016.92910728,-11874604.789562926,130155888.1994495,126710702.78058892,133543371.4313762,129743639.02809234,-3387483.2319267094,-3032936.2475034148,,,
DNK,201704,110234324.3941909,119471152.33950438,-9236827.945313483,122446394.19917883,125233943.74221255,128421721.91420725,130087878.99217469,-5975327.71502842,-4853935.249962136,,,
DNK,201705,128050730.40763165,125096767.20841019,2953963.199221462,124155289.68147631,125585857.36003488,129616832.1125305,130527308.48603798,-5461542.43105419,-4941451.1260031015,,,
DNK,201706,145460058.09089825,142883614.31314301,2576443.7777552307,131181531.32610081,125927738.402252,129581988.87419298,129206847.63364357,1599542.4519078285,-3279109.231391564,,,
DNK,201707,129986149.51830404,136413695.1864653,-6427545.668161258,129194589.98665728,128177136.99807812,143373925.9861382,134190915.65762056,-14179335.999480918,-6013778.659542441,,,
DNK,201708,127804856.52189317,137702774.60601363,-9897918.084120452,130749740.34754752,130375287.22010188,144002063.59727862,138985992.81920326,-13252323.249731109,-8610705.59910138,,,
DNK,201709,140313196.83290857,154242330.41735825,-13929133.584449679,148554128.0245446,136166152.7862498,145624799.7939937,144333596.45913684,2929328.230550885,-8167443.672887057,,,
DNK,201710,124821043.22636473,133266958.29509826,-8445915.068733528,123152691.64990601,134152186.67399938,138722582.8831347,142783148.75813568,-15569891.233228683,-8630962.084136292,,,
DNK,201711,135424773.59519497,141362517.62101278,-5937744.0258178115,127490381.94450112,133065733.87298392,143970293.1844537,142772558.6205274,-16479911.23995258,-9706824.74754347,,,
DNK,201712,130593639.39946982,179372392.841293,-48778753.441823184,133986695.96941073,128209923.18793929,150943527.08519036,144545467.71759292,-16956831.115779623,-16335544.529653639,1552525930.3034477,1650183063.7575727,-97657133.45412473
DNK,201801,127278492.17428017,147896659.64192057,-20618167.4676404,125415558.76333947,128964212.22575045,146238127.4313503,147050649.23366478,-20822568.668010816,-18086437.007914335,1552028849.0323524,1670549165.5565233,-118520316.52417095
DNK,201802,128403192.11270577,130279548.57163778,-1876356.4589320123,132756582.66126181,130719612.46467067,150321021.21277848,149167558.5764397,-17564438.551516667,-18447946.111769035,1561719868.4133863,1693212427.9709644,-131492559.55757804
DNK,201803,134011003.53661765,151548712.71863353,-17537709.18201588,130049883.29771088,129407341.57410406,144890285.81683722,147149811.48698866,-14840402.51912634,-17742469.912884608,1562381459.8104596,1699537123.7604907,-137155663.95003098
DNK,201804,127101993.13295487,146888780.5070106,-19786787.374055743,139118747.93235108,133975071.29710793,152508944.64680353,149240083.89213973,-13390196.714452446,-15265012.595031798,1579249128.5492237,1726954751.9279969,-147705623.37877327
DNK,201805,139071137.7650028,149868980.98445952,-10797843.219456732,137079391.38546702,135416007.5385097,157812378.47882706,151737202.9808226,-20732987.093360037,-16321195.442312896,1590269535.9065948,1751726965.7040462,-161457429.79745144
DNK,201806,135881017.6491554,165251893.35114887,-29370875.701993465,124059280.44514252,133419139.92098689,147013208.0000624,152444843.70856434,-22953927.554919884,-19025703.78757745,1580690495.464852,1774095244.742052,-193404749.27720016
DNK,201807,133354440.64444172,134791001.1054811,-1436560.4610393643,134450933.28748018,131863201.7060299,142919455.79524973,149248347.42471305,-8468522.507769555,-17385145.71868314,1584058786.5909896,1772472550.661068,-188413764.07007825
DNK,201808,130733568.02101216,130745738.8115389,-12170.790526747704,136920839.74934086,131810351.16065453,139557948.8471114,143163537.5474745,-2637109.097770542,-11353186.386819974,1586987498.0901086,1765515514.8665931,-178528016.77648455
DNK,201809,124753549.31585206,135099642.40593025,-10346093.09007819,130206755.23272619,133859509.42318241,128429822.21311331,136969075.6184915,1776933.0196128786,-3109566.1953090876,1571427850.5730522,1746372826.855165,-174944976.28211308
DNK,201810,151106702.4551482,144623316.96457982,6483385.49056837,145596864.40437722,137574819.79548144,149392003.27727368,139126591.44583282,-3795138.8728964627,-1551771.6503513753,1597713509.8018355,1757729185.5246468,-160015675.72281116
DNK,201811,156791371.80195004,145831349.28255108,10960022.519398957,148024659.18336377,141276092.9401557,143124872.93957,140315566.143319,4899786.243793756,960526.796836704,1619080108.0085907,1762198017.1861851,-143117909.1775944
DNK,201812,134935074.68509182,162188989.23650545,-27253914.551413625,138132891.7754567,143918138.45439923,143258098.58556643,145258324.93413672,-5125206.810109735,-1340186.4797374904,1623421543.2942126,1745014613.5813973,-121593070.28718483
DNK,201901,164543020.3252529,211486378.01846012,-46943357.693207234,161276565.7035195,149144705.55411333,207429574.29907528,164604181.9414039,-46153008.59555578,-15459476.387290567,1660686071.4451854,1808604331.957937,-147918260.51275167
DNK,201902,144104648.74100533,134261373.38883975,9843275.35216558,148900725.92374238,149436727.8009062,149898859.78447953,166862177.55637375,-998133.860737145,-17425449.755467534,1676387528.073485,1812586156.775139,-136198628.70165408
DNK,201903,144616161.652149,229063159.13349986,-84446997.48135087,139198654.68333882,149791982.1035336,227117171.27667215,194815201.78674233,-87918516.59333333,-45023219.683208734,1686992686.1890163,1890100603.1900053,-203107917.00098908
DNK,201904,136285845.54562244,184103193.47347048,-47817347.92784804,147016339.97239795,145038573.52649307,184550249.5623681,187188760.20783994,-37533909.58997014,-42150186.68134686,1696176538.601684,1927315016.1564653,-231138477.55478138
DNK,201905,148534051.15594453,146608156.4636769,1925894.6922676265,148947575.06534016,145054189.90702567,156629981.19881096,189432467.3459504,-7682406.1334708035,-44378277.43892473,1705639451.9926255,1924054191.6356826,-218414739.643057
DNK,201906,163515231.96259278,199343696.71473256,-35828464.75213978,151162641.18290582,149042185.40688133,175511678.95656228,172230636.57258046,-24349037.773656458,-23188451.165699124,1733273666.306063,1958145994.9992661,-224872328.69320333
DNK,201907,141461273.62087232,143003467.722435,-1542194.1015626788,144789880.57611802,148300032.27478802,152174948.4469764,161438869.53411654,-7385067.870858371,-13138837.259328514,1741380499.2824936,1966358461.61622,-224977962.33372664
DNK,201908,134198388.97708352,149980058.9760886,-15781669.999005094,143397939.41655445,146450153.7251928,163056090.64049783,163580906.01467884,-19658151.223943383,-17130752.28948605,1744845320.238565,1985592781.7807698,-240747461.54220498
DNK,201909,138081013.4497322,175933189.36963004,-37852175.919897825,142016442.89872676,143401420.96379974,168283646.96309194,161171562.0168554,-26267204.06436518,-17770141.053055644,1758172784.372445,2026426328.74447,-268253544.37202463
DNK,201910,177520264.57138804,171081192.74923325,6439071.82215479,167708508.67120105,151040963.66216078,175551656.24543983,168963797.9496765,-7843147.574238777,-17922834.28751573,1784586346.488685,2052884204.5291233,-268297858.0404382
DNK,201911,146603982.7186858,182362118.57550645,-35758135.85682064,138848290.44293657,149524414.0042881,173031561.79915914,172288955.00256363,-34183271.35622257,-22764540.99827552,1774398957.4054205,2089414973.8220785,-315016016.4166578
DNK,201912,137258243.8924428,180219222.76884454,-42960978.87640175,140330415.22192577,148962404.7786878,166424050.4122145,171669089.4856045,-26093635.190288723,-22706684.70691669,1776722126.6127715,2107445207.3544176,-330723080.74164593
DNK,202001,149899010.323901,173068726.89179915,-23169716.567898154,145534833.0670625,141571179.5773083,168306361.54484662,169253991.25207344,-22771528.477784127,-27682811.67476514,1762078116.61142,2069027556.2277565,-306949439.6163368
DNK,202002,140583307.78250226,149588697.4175257,-9005389.635023445,145652419.2150532,143839222.50134715,162112698.03392947,165614369.99699685,-16460278.818876266,-21775147.495649695,1758556775.6529167,2084354880.2564425,-325798104.6035259
DNK,202003,153883591.0778874,151914975.41946396,1968615.6584234238,146606895.0590398,145931382.44705185,156778964.5728165,162399341.3838642,-10172069.51377669,-16467958.936812341,1767824205.0786552,2007206696.5424066,-239382491.46375155
DNK,202004,135341112.49487427,153213275.34403148,-17872162.849157214,144566520.14362556,145608611.47257283,148509026.55963615,155800229.72212735,-3942506.4160105884,-10191618.249554515,1766879472.0279071,1976316778.4129677,-209437306.38506073
DNK,202005,129072634.35165772,145359295.07623306,-16286660.72457534,131828513.86645336,141000643.02303958,158172870.6118265,154486953.91475973,-26344356.745373145,-13486310.891720146,1747418055.2236202,1975067917.0255237,-227649861.80190372
DNK,202006,145157216.3619717,201538149.14579523,-56380932.78382352,135186472.9681566,137193835.65941185,176124331.26542294,160935409.47896186,-40937858.297266334,-23741573.819550008,1729060039.622999,1977262369.4565864,-248202329.83358744
DNK,202007,152516991.07625577,210913630.3198898,-58396639.243634045,158462360.2909721,141825782.37519404,225221172.9118631,186506124.9297042,-66758812.620890975,-44680342.55451015,1740115757.0783825,2045172532.0540411,-305056774.97565883
DNK,202008,137507769.9444788,183367509.68406445,-45859739.73958564,149377651.51619092,147675494.92510656,202022621.54100883,201122708.57276496,-52644970.024817914,-53447213.64765841,1743425138.0457778,2078559982.762017,-335134844.71623933
DNK,202009,160472015.68423456,168941207.79506615,-8469192.110831589,161288508.7056242,156376173.50426242,160895512.72989535,196046435.7275891,392995.97572883964,-39670262.22332668,1765816140.28028,2071568001.1874533,-305751860.90717316
DNK,202010,182890418.1066477,143057153.5655061,39833264.5411416,168731748.80457473,159799303.0087966,145982440.85418403,169633525.04169607,22749307.950390697,-9834222.03289947,1771186293.8155398,2043543962.003726,-272357668.1881863
DNK,202011,177651150.2758779,182248325.02207953,-4597174.746201634,169684310.6350256,166568189.38174152,166951727.3352312,157943226.97310352,2732583.299794376,8624962.408638,1802233461.372732,2043430168.450299,-241196707.0775673
DNK,202012,176429685.13329205,158419139.25106502,18010545.882227033,179953253.43542442,172789770.95834157,151714856.10177597,154883008.09706375,28238397.333648443,17906762.86127782,1841404902.613581,2021630084.9325197,-180225182.31893852
DNK,202101,173911722.71192378,145253795.00486922,28657927.707054555,169190154.84598693,172942572.97214565,140341462.40920523,153002681.94873747,28848692.436781704,19939891.023408175,1865417615.0016038,1993815153.0455897,-128397538.04398581
DNK,202102,163000519.02835134,168676462.17838517,-5675943.150033832,171387694.03845933,173510367.43995687,180866069.45871732,157640795.98989952,-9478375.420257986,15869571.450057358,1887834826.247453,2012902917.8064492,-125068091.5589962
DNK,202103,190416903.82628286,164716429.06003726,25700474.766245604,177056437.5021681,172544762.12887144,169070926.63643226,163426152.83478495,7985510.865735829,9118609.294086486,1924368138.9958487,2025704371.4470224,-101336232.45117402
DNK,202104,166250138.7298195,188723541.750834,-22473403.02101448,175668544.79487115,174704225.4451662,181756308.8313642,177231101.64217126,-6087764.036493063,-2526876.1970050633,1955277165.2307935,2061214637.8538249,-105937472.62303129
DNK,202105,163935515.22530615,156517780.85245597,7417734.37285018,170016493.01884648,174247158.43862858,170581412.7506973,173802882.73949793,-564919.7318508327,444275.69913065434,1990140046.1044421,2072373123.6300478,-82233077.52560577
DNK,202106,188607749.43674698,182758104.84485307,5849644.591893911,176256028.36036915,173980355.39136225,167232071.9364797,173189931.17284706,9023956.423889458,790424.2185151875,2033590579.1792176,2053593079.3291059,-20002500.149888337
DNK,202107,163613245.1965795,181680973.50147763,-18067728.304898143,173262019.5418167,173178180.30701077,192433609.82133514,176749031.5028374,-19171590.279518425,-3570851.19582662,2044686833.2995412,2024360422.5106936,20326410.788847566
DNK,202108,164151386.94683254,160793010.25695002,3358376.689882517,177232648.85067347,175583565.58428645,174362154.3254733,178009278.69442937,2870494.5252001584,-2425713.1101429164,2071330450.301895,2001785923.0835793,69544527.21831572
DNK,202109,186105543.23481506,260616940.96203133,-74511397.72721627,182216795.22009894,177570487.87086305,245567669.26567,204121144.47082615,-63350874.04557106,-26550656.5999631,2096963977.8524754,2093461656.2505445,3502321.6019310355
DNK,202110,184630589.31103027,190911813.88990906,-6281224.57887879,176109738.8654052,178519727.64539254,198785984.91754797,206238602.83623043,-22676246.05214277,-27718875.19083789,2098704149.056858,2141316316.5749474,-42612167.518089354
DNK,202111,184253369.5394139,202293213.93689838,-18039844.39748448,176944269.11709747,178423601.06753388,183815495.75458658,209389716.64593485,-6871226.63748911,-30966115.57840097,2105306368.3203938,2161361205.489766,-56054837.1693722
DNK,202112,172282771.16132617,195157572.68293357,-22874801.5216074,173513131.92282286,175522379.96844184,189483661.17632404,190695047.2828195,-15970529.253501177,-15172667.314377666,2101159454.348428,2198099638.9216347,-96940184.57320663
DNK,202201,179952048.60072327,195649689.88192844,-15697641.281205177,175806269.43290585,175421223.49094206,191166258.37663087,188155138.43584716,-15359988.94372502,-12733914.944905102,2107199780.2372274,2248495533.798694,-141295753.56146637
DNK,202202,164498783.1513531,171564227.8761679,-7065444.724814802,172979256.56783453,174099552.64118776,185374678.3806022,188674865.97785237,-12395421.812767684,-14575313.336664617,2108698044.3602293,2251383299.4964767,-142685255.13624734
DNK,202203,200676793.70938867,185357628.39267126,15319165.316717416,182906429.76717672,177230651.92263904,178186541.2632302,184909159.34015444,4719888.503946513,-7678507.417515397,2118957934.243335,2272024498.8291106,-153066564.58577552
DNK,202204,171668407.95980364,155683305.39859745,15985102.561206192,175462351.41405186,177116012.58302104,147802334.15990514,170454517.93457916,27660017.254146725,6661494.648441881,2124376203.473319,2238984262.4768744,-114608059.00355485
DNK,202205,180648168.98400444,173471083.11595553,7177085.868048906,187113326.9034617,181827369.36156344,185908801.79441878,170632559.07251802,1204525.1090429127,11194810.289045423,2141088857.2320175,2255937564.7403736,-114848707.50835612
DNK,202206,202261178.7842872,190575993.91298807,11685184.871299148,189604444.10250652,184060040.80667338,186369179.57422373,173360105.17618254,3235264.5282827914,10699935.63049084,2154742286.5795574,2263755453.808509,-109013167.22895089
DNK,202207,178247006.75543043,169320520.8964346,8926485.858995825,195044797.10614154,190587522.70403656,183478076.53698736,185252019.30187663,11566720.569154173,5335503.402159929,2169376048.1384087,2251395001.2034655,-82018953.06505692
DNK,202208,184460583.32076442,172966527.79571083,11494055.52505359,196711234.3504937,193786825.1863806,180890564.88234597,183579273.66451904,15820669.468147725,10207551.521861553,2189685244.5123405,2263568518.742226,-73883274.22988585
DNK,202209,196686720.18855593,199589469.84403744,-2902749.6554815173,190623109.88791955,194126380.44818494,186195723.0454919,183521454.8216084,4427386.842427641,10604925.626576543,2200266421.4660816,2202541047.6242323,-2274626.15815109
DNK,202210,187465495.83163822,171859218.0230875,15606277.808550715,189367691.08884,192234011.77575108,180426714.77751726,182504334.2351184,8940976.311322749,9729677.540632695,2203101327.986689,2183488451.757411,19612876.229278415
DNK,202211,193465398.37602177,203877786.12431872,-10412387.748296946,189251694.2954416,189747498.42406705,190449924.69080698,185690787.50460538,-1198230.3953653872,4056710.9194616675,2212313356.8232975,2185073023.9448314,27240332.87846595
DNK,202212,189843761.00072578,192084816.1816935,-2241055.1809677184,191380566.66487944,189999984.01638702,188918551.263095,186598396.91047308,2462015.40178445,3401587.105913937,2229874346.662697,2182000267.443591,47874079.21910563
DNK,202301,202166380.42915788,191023720.4896826,11142659.939475268,202245877.67120957,194292712.87717688,190755264.50326186,190041246.8190546,11490613.16794771,4251466.058122277,2252088678.491132,2177374298.0513453,74714380.43978608
DNK,202302,195307248.19239137,166514209.08564982,28793039.106741548,206243496.02308583,199956646.78639162,187864236.6506757,189179350.80567753,18379259.37241012,10777295.980714083,2282897143.53217,2172324279.260827,110572864.27134243
DNK,202303,202046232.82814962,219392135.0421029,-17345902.213953286,172882631.65964383,193790668.4513131,197061306.51496533,191893602.55630097,-24178674.855321497,1897065.8950121403,2284266582.650931,2206358785.9102592,77907796.74067172
DNK,202304,195641082.4152013,194330539.41428804,1310543.0009132624,194553956.30635983,191226694.66302982,181549875.41431394,188825139.52665165,13004080.892045885,2401555.136378169,2308239257.1063285,2245006019.9259496,63233237.180378795
DNK,202305,186734382.13762686,180948145.31196195,5786236.825664908,196109603.83860165,187848730.60153508,190205211.3420147,189605464.42376462,5904392.496586949,-1756733.8222295344,2314325470.2599506,2252483082.121956,61842388.137994796
DNK,202306,188309267.0643911,176108612.53863543,12200654.525755674,174340412.46065637,188334657.53520596,173929760.75068235,181894949.16900364,410651.7099740207,6439708.366202325,2300373558.540055,2238015700.7476034,62357857.79245132
DNK,202307,154197125.40730745,157845296.07098332,-3648170.6636758745,171902993.56466675,180784336.62130824,162909800.03499714,175681590.7092314,8993193.529669613,5102745.912076831,2276323677.1919317,2226540475.922152,49783201.26977962
DNK,202308,161301058.1737614,200058502.7460878,-38757444.57232639,166363873.7204989,170869093.24860734,202263001.21410996,179700853.99992982,-35899127.49361107,-8831760.751322478,2253164152.0449286,2253632450.872529,-468298.8276003599
DNK,202309,180505873.70093343,199692836.66228884,-19186962.961355418,170318479.41962343,169528448.90159637,189238508.55723765,184803769.93544826,-18920029.13761422,-15275321.033851892,2236983305.5573063,2253735817.69078,-16752512.13347426
DNK,202310,159448576.8055383,171524261.94721973,-12075685.141681433,166090920.6016797,167591091.24726734,185935772.9651528,192479094.24550018,-19844852.363473088,-24888002.99823284,2208966386.531206,2253400861.6149125,-44434475.08370641
DNK,202311,191491906.38059837,198698899.37546733,-7206992.994868964,196952306.51938257,177787235.5135619,197758766.99849933,190977682.8402966,-806460.4791167676,-13190447.326734692,2206992894.535783,2248221974.866061,-41229080.33027843
DNK,202312,176273222.65063095,156947144.34349945,19326078.3071315,172558612.81501222,178533946.64535818,156339268.81101403,180011269.5915554,16219344.00399819,-1477322.9461972117,2193422356.185688,2213084303.0278673,-19661946.84217921
DNK,202401,175585498.3729892,177843262.70717022,-2257764.3341810107,186625200.64142612,185378706.65860698,184137439.5874752,179411825.13232955,2487761.053950906,5966881.526277423,2166841474.1295195,2199903845.2453547,-33062371.115835488
DNK,202402,167950232.39626685,161118127.43810457,6832104.958162278,178601814.16128016,179261875.8725728,185144504.43713465,175207070.94520795,-6542690.275854498,4054804.927364856,2139484458.3333948,2194507763.59781,-55023305.26441476
DNK,202403,164482995.08965197,216998781.9450649,-52515786.85541293,129848815.5534205,165025276.7853756,180519446.15096584,183267130.05852523,-50670630.59754534,-18241853.27314964,2101921220.5948973,2192114410.5007715,-90193189.9058744
DNK,202404,189074638.72227356,320733242.69633377,-131658603.97406021,188826982.5896655,165759204.1014554,291809267.7654967,219157739.45119905,-102982285.17583117,-53398535.349743664,2095354776.9019694,2318517113.7828174,-223162336.88084787
DNK,202405,166383371.99123538,191627850.6383011,-25244478.64706573,176805777.6893586,165160525.27748153,197071432.35821444,223133382.09155902,-20265654.668855846,-57972856.8140775,2075003766.7555778,2329196819.109156,-254193052.3535785
DNK,202406,173675352.10772276,201090211.18586555,-27414859.078142792,158990197.07780367,174874319.1189426,198436619.46251893,229105773.19541,-39446422.38471526,-54231454.076467425,2060369851.7989097,2354178417.7563868,-293808565.957477
DNK,202407,165233260.24618673,153825653.11764818,11407607.128538549,186631917.66661614,174142630.81125948,153423051.1273738,182977034.31603575,33208866.539242327,-8834403.50477627,2071405986.6377888,2350158774.8030515,-278752788.1652625
DNK,202408,154163537.47824404,230126301.051682,-75962763.57343796,154574768.40594614,166732294.3834553,226857036.2764068,192905568.95543316,-72282267.87046066,-26173274.571977854,2064268465.9422715,2380226573.108646,-315958107.1663741
DNK,202409,177756864.84141555,278573934.6009726,-100817069.75955704,163692666.0509671,168299784.04117647,270930457.5384041,217070181.6473949,-107237791.48743701,-48770397.60621843,2061519457.0827537,2459107671.0473294,-397588213.9645757
DNK,202410,197984622.84915894,243712133.99743602,-45727511.148277074,212312984.6703304,176860139.7090812,274402565.2186011,257396686.34447065,-62089580.5482707,-80536546.63538945,2100055503.1263742,2531295543.0975456,-431240039.9711714
DNK,202411,193707968.5217007,208745086.8832565,-15037118.361555785,208212141.74313462,194739264.1548107,220219288.78988788,255184103.84896436,-12007147.046753258,-60444839.69415367,2102271565.2674766,2541341730.6053348,-439070165.3378582
DNK,202412,182789807.03677753,239444258.33467367,-56654451.29789615,173611470.45974872,198045532.29107127,241438306.43718174,245353386.81522357,-67826835.97743303,-47307854.52415231,2108788149.653623,2623838844.596509,-515050694.9428859
DNK,202501,198821768.3524024,301842076.7797504,-103020308.42734802,224683263.45806152,202168958.55364826,324027689.88574004,261895095.03760323,-99344426.42767853,-59726136.483954966,2132024419.6330364,2747837658.6690893,-615813239.0360528
DNK,202502,339468034.84121627,422702093.0597135,-83234058.21849722,363087734.4768837,253794156.13156465,495320665.9293537,353595554.08409184,-132232931.45247,-99801397.9525272,2303542222.077986,3009421624.290698,-705879402.2127123
DNK,202503,338530833.7810903,395248052.09786177,-56717218.31677145,247661481.50025094,278477493.14506537,306443004.10011595,375263786.63840324,-58781522.59986502,-96786293.49333787,2477590060.769424,3187670894.4434953,-710080833.6740708
DNK,202504,260309564.11241353,307199765.6126778,-46890201.50026429,263219547.94535258,291322921.3074958,270815834.419746,357526501.48307186,-7596286.474393398,-66203580.17557609,2548824986.1595645,3174137417.359839,-625312431.200275
DNK,202505,233623237.50924686,280776764.13187987,-47153526.62263301,251765250.9909568,254215426.8121868,282471543.6479224,286576794.0559281,-30706292.656965584,-32361367.243741304,2616064851.6775756,3263286330.853418,-647221479.1758422
DNK,202506,282392129.9625094,311297935.55497974,-28905805.592470348,255126471.88557935,256703756.94062957,305148395.3876233,286145257.8184306,-50021923.50204396,-29441500.87780103,2724781629.532362,3373494055.222532,-648712425.6901698
DNK,202507,238180858.545567,310672280.00884056,-72491421.46327356,271964774.4698524,259618832.44879618,298053782.9317195,295224573.98908836,-26089008.461867094,-35605741.54029217,2797729227.8317423,3530340682.113724,-732611454.281982
DNK,202508,269171171.0210697,290589026.8345931,-21417855.81352341,262044888.00976408,263045378.1217319,280163326.85622966,294455168.39185745,-18118438.846465588,-31409790.270125538,2912736861.374568,3590803407.8966355,-678066546.5220673
DNK,202509,295897973.39350086,291358766.7269661,4539206.666534781,265319106.25328064,266442922.91096568,291677228.43422294,289964779.40739065,-26358122.180942297,-23521856.496424973,3030877969.926654,3603588240.022629,-572710270.0959755
DNK,202510,243316094.89223674,254684436.58733734,-11368341.695100605,267535974.16583994,264966656.14296153,297664912.9127872,289835156.0677466,-30128938.74694726,-24868499.924785048,3076209441.9697313,3614560542.61253,-538351100.6427991
DNK,202511,235925908.87720218,283295177.9847235,-47369269.107521325,265618648.2409372,266157909.5533526,318201922.8015541,302514688.04952145,-52583274.56061688,-36356778.49616885,3118427382.325233,3689110633.7139974,-570683251.3887646
DNK,202512,294935361.027935,317736452.65557206,-22801091.62763703,271262914.9190229,268139179.10860002,324567348.59117067,313478061.43517065,-53304433.67214775,-45338882.32657063,3230572936.31639,3767402828.034896,-536829891.7185055
DNK,202601,219061951.73245272,294679439.89472663,-75617488.16227391,264624129.2862606,267168564.14874026,328063559.6358875,323610943.67620414,-63439430.3496269,-56442379.52746388,3250813119.6964407,3760240191.149872,-509427071.45343137
DNK,202602,251980773.01730728,282409919.22790974,-30429146.210602462,271461790.74443376,269116278.3165724,337007551.14772713,329879486.4582617,-65545760.40329337,-60763208.1416893,3163325857.872532,3619948017.318068,-456622159.4455366
DNK,202603,398449794.93027276,453954063.11314833,-55504268.18287557,269190667.0453228,268425529.02533904,327779122.8867427,330950077.89011914,-58588455.841419935,-62524548.8647801,3223244819.021714,3678654028.3333545,-455409209.31164074
DNK,202604,249652051.90706092,406273117.7755147,-156621065.8684538,256685385.8507403,265779281.21349895,345820241.7747151,336868971.936395,-89134855.92397481,-71089690.72289604,3212587306.8163614,3777727380.496192,-565140073.6798303
ESP,201701,113966973.16033304,351156764.9768211,-237189791.8164881,125553267.67079805,,345630542.2011855,,-220077274.53038746,,,,
ESP,201702,121603842.00584646,332008349.5794848,-210404507.57363838,129261467.70573455,,350181020.8478317,,-220919553.14209718,,,,
ESP,201703,133119843.304319,387287646.8000424,-254167803.4957234,128254039.42115027,127689591.59922762,356126623.6992731,350646062.2494301,-227872584.27812284,-222956470.6502025,,,
ESP,201704,108944428.90869787,315535956.1537308,-206591527.24503294,129603944.68887231,129039817.27191903,367247229.2030103,357851624.5833717,-237643284.514138,-228811807.3114527,,,
ESP,201705,143359147.85000443,402269819.91789836,-258910672.06789392,137354308.8434905,131737430.98450436,380985167.83042395,368119673.5775692,-243630858.98693344,-236382242.59306484,,,
ESP,201706,151739433.35561508,389225971.6613823,-237486538.30576724,137473616.19737694,134810623.2432466,387778703.9411647,378670366.991533,-250305087.74378774,-243859743.7482864,,,
ESP,201707,139374529.90704998,346749395.950769,-207374866.04371902,135526216.32985234,136784713.79023993,355635836.0333124,374799902.6016337,-220109619.70346004,-238015188.8113938,,,
ESP,201708,118301099.37527576,305868559.2450802,-187567459.8698044,138717153.75680602,137238995.42801178,375277654.6236331,372897398.1993701,-236560500.86682707,-235658402.7713583,,,
ESP,201709,132394856.49226817,412921147.6082112,-280526291.1159431,136789770.00251678,137011046.6963917,380814849.2316182,370576113.2961879,-244025079.22910145,-233565066.59979618,,,
ESP,201710,129260119.97490148,401625211.83143955,-272365091.85653806,101275762.11417106,125594228.62449794,369904163.9308134,375332222.59535486,-268628401.8166423,-249737993.9708569,,,
ESP,201711,146329395.289639,451061830.20073295,-304732434.91109395,139225313.04828873,125763615.0549922,446398421.3386949,399039144.8337088,-307173108.2904061,-273275529.7787166,,,
ESP,201712,134823042.07607868,423691397.7308635,-288868355.6547848,139719258.963362,126740111.37527394,390558918.11806625,402287167.7958582,-250839659.15470424,-275547056.42058426,1573216711.700029,4519402051.656456,-2946185339.956427
ESP,201801,152572031.24390718,415419603.6378082,-262847572.39390102,162794262.953239,147246278.3216299,403643126.19067335,413533488.5491448,-240848863.23743436,-266287210.2275149,1611821769.783603,4583664890.317444,-2971843120.53384
ESP,201802,138345491.49321988,375252754.9898259,-236907263.49660602,143469497.8173051,148661006.5779687,393884141.70475215,396028728.671164,-250414643.88744706,-247367722.0931953,1628563419.2709765,4626909295.727784,-2998345876.456808
ESP,201803,148701230.54103488,428132867.56229734,-279431637.02126247,142631513.89862072,149631758.22305492,391914758.090074,396480675.3284998,-249283244.19145328,-246848917.10544488,1644144806.5076923,4667754516.490039,-3023609709.982347
ESP,201804,149113526.6859697,395011482.1773076,-245897955.4913379,166174346.41117018,150758452.709032,448728888.18907124,411509262.66129917,-282554541.77790105,-260750809.95226717,1684313904.284964,4747230042.513617,-3062916138.228652
ESP,201805,135709226.9561565,374654300.0214117,-238945073.06525522,134539689.71360105,147781850.00779733,362651607.97477365,401098418.0846396,-228111918.2611726,-253316568.07684228,1676663983.3911161,4719614522.61713,-3042950539.226013
ESP,201806,153152099.83401158,374537781.7255109,-221385681.8914993,141065731.86738,147259922.66405043,368241118.04053473,393207204.7347932,-227175386.17315474,-245947282.07074276,1678076649.8695126,4704926332.681258,-3026849682.8117456
ESP,201807,147584035.81015262,400029903.8280194,-252445868.01786676,141747560.35105515,139117660.64401206,408237668.26321393,379710131.42617416,-266490107.9121588,-240592470.7821621,1686286155.7726154,4758206840.558508,-3071920684.785893
ESP,201808,116176536.38129656,305339688.4114006,-189163152.03010404,136892835.64627126,139902042.6215688,382612266.32220846,386363684.20865244,-245719430.6759372,-246461641.58708364,1684161592.7786365,4757677969.724829,-3073516376.9461927
ESP,201809,140734458.28186604,406277984.3307388,-265543526.04887274,146135294.18943518,141591896.72892052,379342695.0069564,390064209.86412627,-233207400.8175212,-248472313.13520575,1692501194.568234,4751034806.447356,-3058533611.8791223
ESP,201810,173082926.89467168,413733617.0023387,-240650690.10766703,145594005.4561006,142874045.09726903,383084569.4621577,381679843.5971076,-237490564.0060571,-238805798.49983856,1736324001.4880042,4763143211.618256,-3026819210.130251
ESP,201811,152972602.14049056,392739544.8415983,-239766942.7011077,146466675.6745076,146065325.10668114,382235325.58056366,381554196.6832259,-235768649.90605608,-235488871.5765448,1742967208.338856,4704820926.259121,-2961853717.920265
ESP,201812,118804755.75235736,384790920.92993844,-265986165.17758107,122761079.3382986,138273920.15630227,361781946.4643268,375700613.8356827,-239020867.12602818,-237426693.67938042,1726948922.0151346,4665920449.458196,-2938971527.4430614
ESP,201901,154326889.88966388,393309502.80414677,-238982612.9144829,159695917.76425835,142974557.59235483,378224765.6956295,374080679.24684,-218528847.93137112,-231106121.65448517,1728703780.6608913,4643810348.624535,-2915106567.963643
ESP,201902,140492502.8231374,363966947.947251,-223474445.12411362,142083795.97760224,141513597.6933864,380499767.48616374,373502159.88204,-238415971.5085615,-231988562.18865362,1730850791.9908087,4632524541.58196,-2901673749.5911508
ESP,201903,164549294.64324522,410339748.5701336,-245790453.9268884,157150828.93995705,152976847.56060588,374198046.960807,377640860.04753333,-217047218.02084997,-224664012.48692745,1746698856.093019,4614731422.589796,-2868032566.4967766
ESP,201904,149534254.57437372,329512225.9041445,-179977971.3297708,157486854.10459048,152240493.00738326,364922729.74596375,373206848.0643115,-207435875.64137328,-220966355.05692825,1747119583.9814231,4549232166.316632,-2802112582.3352094
ESP,201905,282305456.9347022,376181525.49802864,-93876068.56332642,289199241.97949487,201278975.0080141,371562618.5093782,370227798.40538293,-82363376.52988333,-168948823.39736882,1893715813.959969,4550759391.79325,-2657043577.8332806
ESP,201906,154631247.4124208,377818065.3896431,-223186817.97722226,144228408.1656599,196971501.41658175,365139509.77254945,367208286.00929713,-220911101.60688955,-170236784.59271538,1895194961.5383782,4554039675.457382,-2658844713.9190035
ESP,201907,159653721.3074488,380577776.6479277,-220924055.3404789,151622625.19180056,195016758.44565177,386498337.15750396,374400155.1464772,-234875711.9657034,-179383396.70082545,1907264647.035674,4534587548.27729,-2627322901.241616
ESP,201908,141161691.8262941,289388784.0206699,-148227092.19437578,167050055.91376132,154300363.09040725,369604298.3269422,373747381.7523319,-202554242.4131809,-219447018.66192466,1932249802.4806716,4518636643.8865595,-2586386841.4058876
ESP,201909,145056264.16830808,385866719.0518836,-240810454.8835755,151083276.1821839,156585319.09591526,364229212.8853886,373443949.45661163,-213145936.70320472,-216858630.36069638,1936571608.3671138,4498225378.607704,-2561653770.2405906
ESP,201910,171328478.82496178,410999990.8267914,-239671512.00182962,154496299.95659742,157543210.6841809,383607830.44181794,372480447.2180496,-229111530.48522052,-214937236.5338687,1934817160.297404,4495491752.432157,-2560674592.134753
ESP,201911,155568222.1234486,384960880.66983634,-229392658.54638773,149797445.2150664,151792340.45128256,367855001.5388111,371897348.2886725,-218057556.32374468,-220105007.83738995,1937412780.280362,4487713088.260395,-2550300307.980033
ESP,201912,144983283.05771887,348176218.87883896,-203192935.82112008,149325347.95642808,151206364.37603065,334348171.9201815,361937001.30027014,-185022823.96375343,-210730636.9242395,1963591307.5857234,4451098386.209295,-2487507078.6235723
ESP,202001,147254377.31170046,395874610.4087637,-248620233.09706324,147577060.7178617,148899951.29645205,380174677.6217467,360792617.0269131,-232597616.903885,-211892665.73046106,1956518795.00776,4453663493.813912,-2497144698.8061523
ESP,202002,160932027.90131465,362369280.4645743,-201437252.56325963,159036350.1694838,151979586.28125787,378047902.8454438,364190250.7957907,-219011552.67595997,-212210664.5145328,1976958320.0859375,4452065826.331236,-2475107506.2452984
ESP,202003,147062301.32585484,346994857.46357274,-199932556.1377179,139611170.75218096,148741527.2131755,315698191.1636365,357973590.54360896,-176087020.41145554,-209232063.33043346,1959471326.768547,4388720935.224675,-2429249608.4561276
ESP,202004,106778764.80642122,225159141.27126965,-118380376.46484843,106360399.97472812,135002640.29879764,243781215.21163586,312509103.07357204,-137420815.23690772,-177506462.7747744,1916715837.0005946,4284367850.5917997,-2367652013.5912056
ESP,202005,114277043.3298996,257467512.69831988,-143190469.3684203,120866897.10007694,122279489.275662,258329149.62578878,272602852.0003537,-137462252.52571183,-150323362.7246917,1748687423.3957918,4165653837.7920914,-2416966414.3962994
ESP,202006,128510116.8666498,342721146.81369686,-214211029.94704705,121068537.31836292,116098611.46438932,322372388.00236726,274827584.27993065,-201303850.68400434,-158728972.81554133,1722566292.8500206,4130556919.216145,-2407990626.366124
ESP,202007,167217179.4617764,379003266.85821253,-211786087.39643613,156701052.73549205,132878829.05131064,384039599.12774456,321580378.9186335,-227338546.3922525,-188701549.86732286,1730129751.0043485,4128982409.4264297,-2398852658.4220815
ESP,202008,124132706.97430098,274700735.4245586,-150568028.4502576,146114625.50127414,141294738.51837635,356785919.27660996,354399302.1355739,-210671293.77533582,-213104563.61719757,1713100766.1523552,4114294360.8303185,-2401193594.6779633
ESP,202009,146781741.06146,423549196.3280158,-276767455.2665558,152370253.0262467,151728643.75433764,403997722.961957,381607747.12210387,-251627469.93571028,-229879103.36776623,1714826243.0455072,4151976838.1064506,-2437150595.0609436
ESP,202010,158473094.10127777,437871846.33070266,-279398752.2294249,151885656.38395992,150123511.63716027,413847004.3609582,391543548.8665084,-261961347.9769983,-241420037.22934815,1701970858.3218231,4178848693.610362,-2476877835.288539
ESP,202011,167450182.61744055,436826034.1260979,-269375851.50865734,161043922.52058527,155099943.97693065,410420829.06136006,409421852.1280918,-249376906.5407748,-254321908.15116116,1713852818.815815,4230713847.0666237,-2516861028.2508082
ESP,202012,161173643.34333178,428585599.5006484,-267411956.1573166,164396538.54694504,159108705.8171634,419606107.30591184,414624646.90941006,-255209568.7589668,-255515941.09224665,1730043179.101428,4311123227.688433,-2581080048.5870047
ESP,202101,162939382.2727147,377373397.6969044,-214434015.42418972,168803356.69445106,164747939.25399378,364210912.24290144,398079282.87005776,-195407555.54845038,-233331343.61606398,1745728184.0624423,4292622014.976574,-2546893830.914131
ESP,202102,169775076.99630585,394053449.50831246,-224278372.5120066,162787651.80547124,165329182.34895578,414025369.17206174,399280796.24029166,-251237717.3665905,-233951613.89133587,1754571233.1574333,4324306184.020311,-2569734950.8628783
ESP,202103,179169940.04978627,455467201.69052976,-276297261.6407435,169101914.92964786,166897641.14319006,415731939.127027,397989406.8473301,-246630024.1973791,-231091765.70414004,1786678871.8813648,4432778528.247269,-2646099656.365904
ESP,202104,187271239.8129479,413458994.8239774,-226187755.0110295,187279230.17050606,173056265.63520837,435085448.3211853,421614252.206758,-247806218.15067923,-248557986.57154965,1867171346.8878915,4621078381.799976,-2753907034.912085
ESP,202105,158257450.65581772,410118711.74541587,-251861261.08959815,167331778.85868108,174570974.652945,410072412.7477281,420296600.0653135,-242740633.88904703,-245725625.4123685,1911151754.2138097,4773729580.847073,-2862577826.6332626
ESP,202106,187659969.7093396,463146675.7511582,-275486706.0418186,175438873.61879218,176683294.21599308,417617943.2169861,420925268.0952998,-242179069.59819394,-244241973.8793067,1970301607.0564995,4894155109.784534,-2923853502.7280345
ESP,202107,188761325.53217068,405003278.90261954,-216241953.37044886,177249399.469412,173340017.31562844,417596744.02975225,415095699.99815553,-240347344.56034026,-241755682.6825271,1991845753.1268938,4920155121.82894,-2928309368.7020473
ESP,202108,146977018.9139432,315949020.4901018,-168972001.5761586,171563665.76615703,174750646.28478706,407968099.8048486,414394262.350529,-236404434.03869158,-239643616.06574196,2014690065.066536,4961403406.8944845,-2946713341.827948
ESP,202109,165815872.59036633,436803199.0782263,-270987326.48785996,168927674.6437996,172580246.6264562,414629811.31314456,413398218.3825818,-245702136.66934496,-240817971.75612557,2033724196.5954425,4974657409.644694,-2940933213.049252
ESP,202110,167845689.37722492,423188227.0955945,-255342537.7183696,169974755.50695267,170155365.30563644,415996919.2506689,412864943.4562206,-246022163.7437162,-242709578.1505842,2043096791.8713896,4959973790.409587,-2916876998.5381966
ESP,202111,173117476.27357894,452583106.0248654,-279465629.75128645,164862528.19015652,167921652.7803029,418830608.51485914,416485779.6928909,-253968080.32470262,-248564126.91258797,2048764085.527528,4975730862.308354,-2926966776.780826
ESP,202112,163245994.734396,416229270.6389329,-252983275.90453687,165511963.0952838,166783082.26413098,417706505.0351994,417511344.2669091,-252194541.9399156,-250728262.00277814,2050836436.9185922,4963374533.446638,-2912538096.5280466
ESP,202201,184821584.7275285,420385997.67653316,-235564412.94900465,198550945.4267584,176308478.90406623,405513183.3822367,414016765.64409846,-206962237.9554783,-237708286.74003223,2072718639.373406,5006387133.426268,-2933668494.0528617
ESP,202202,178018373.16871977,391420591.86269265,-213402218.6939729,170328225.58406428,178130378.03536883,418131950.1978654,413783879.53843385,-247803724.61380115,-235653501.50306502,2080961935.54582,5003754275.780648,-2922792340.2348275
ESP,202203,175821909.00612098,449921154.5770342,-274099245.5709132,164719577.17832702,177866249.39638323,418230400.6334361,413958511.4045127,-253510823.45510906,-236092262.00812948,2077613904.5021546,4998208228.667152,-2920594324.164997
ESP,202204,156090256.32010654,380524112.96320665,-224433856.6431001,156941282.36313987,163996361.7085104,389969477.1143494,408777275.9818836,-233028194.75120956,-244780914.2733732,2046432921.009313,4965273346.806381,-2918840425.797068
ESP,202205,216052263.16089714,415238618.71561754,-199186355.5547204,217918344.41104996,179859734.65083894,411024655.56258786,406408177.77012444,-193106311.1515379,-226548443.1192855,2104227733.5143926,4970393253.776583,-2866165520.2621903
ESP,202206,172964211.06140962,422228214.94915473,-249264003.8877451,163149169.79898188,179336265.52439058,364911253.61955583,388635128.7654977,-201762083.82057396,-209298863.2411071,2089531974.8664627,4929474792.97458,-2839942818.1081166
ESP,202207,164433160.0687382,401082230.71188414,-236649070.64314595,158496598.15585157,179854704.12196112,420678866.75487334,398871591.97900563,-262182268.59902176,-219016887.85704452,2065203809.4030302,4925553744.783844,-2860349935.3808136
ESP,202208,150154912.59392464,358447186.7424726,-208292274.14854795,176225256.54763398,165957008.16748914,456288360.7668932,413959493.71377414,-280063104.21925926,-248002485.546285,2068381703.0830116,4968051911.036215,-2899670207.953203
ESP,202209,171281926.874252,429136292.51803315,-257854365.64378116,170485541.09128517,168402465.26492357,401086462.02066875,426017896.51414514,-230600920.92938358,-257615431.24922156,2073847757.366897,4960385004.476022,-2886537247.109124
ESP,202210,148285426.57657975,396717743.9340196,-248432317.35743988,140012408.0689238,162241068.56928098,398482985.55640596,418619269.4479893,-258470577.48748216,-256378200.8787083,2054287494.566252,4933914521.314446,-2879627026.7481947
ESP,202211,185430796.0528023,456494982.60124165,-271064186.5484394,173743583.8298451,161413844.330018,419518117.72275,406362521.76660824,-245774533.8929049,-244948677.43659022,2066600814.3454754,4937826397.890822,-2871225583.5453477
ESP,202212,146668404.538543,391059891.97512215,-244391487.43657917,148363392.47198188,154039794.79025027,413802951.486274,410601351.58847666,-265439559.01429212,-256561556.7982264,2050023224.1496224,4912657019.227013,-2862633795.0773897
ESP,202301,157835906.11611322,443170372.6188032,-285334466.50268996,175220701.9613201,165775892.75438237,428945664.01654273,420755577.7418556,-253724962.05522263,-254979684.98747325,2023037545.538207,4935441394.169282,-2912403848.631075
ESP,202302,171827579.64867085,472210517.8184694,-300382938.16979855,165093356.45767486,162892483.63032565,514219227.8868427,452322614.4632198,-349125871.42916787,-289430130.8328942,2016846752.0181582,5016231320.125059,-2999384568.106901
ESP,202303,212110692.24614587,630346261.0576509,-418235568.8115051,199748795.02665427,180020951.14854977,597781807.9735544,513648899.9589799,-398033012.9469001,-333627948.81043017,2053135535.258183,5196656426.605676,-3143520891.3474927
ESP,202304,189726670.425105,431819290.95929986,-242092620.53419486,196587563.65317208,187143238.37916708,444940085.0688752,518980373.6430907,-248352521.41570312,-331837135.26392365,2086771949.3631816,5247951604.601769,-3161179655.2385874
ESP,202305,207498192.77573577,443330312.5788439,-235832119.80310813,205976968.69795287,200771109.1259264,407453692.4852358,483391861.8425551,-201476723.78728294,-282620752.7166287,2078217878.9780202,5276043298.464995,-3197825419.486975
ESP,202306,211348480.2048671,516568992.4568237,-305220512.2519566,207414550.26060268,203326360.87057588,425001286.1708355,425798354.57498217,-217586735.9102328,-222471993.7044063,2116602148.1214776,5370384075.972664,-3253781927.8511868
ESP,202307,217188067.2035463,404024400.7064137,-186836333.5028674,216478190.25929466,209956569.7392834,436330484.3018898,422928487.6526537,-219852294.04259512,-212971917.91337028,2169357055.2562857,5373326245.967194,-3203969190.710908
ESP,202308,166425050.33411774,349872689.91159123,-183447639.5774735,196928476.65817472,206940405.72602403,443948719.9059641,435093496.79289645,-247020243.24778935,-228153091.06687242,2185627192.9964786,5364751749.1363125,-3179124556.1398335
ESP,202309,213485252.9972553,483450830.5777389,-269965577.58048356,207178661.91382822,206861776.27709922,439517828.3654644,439932344.1911061,-232339166.45163617,-233070567.91400686,2227830519.119482,5419066287.196018,-3191235768.076536
ESP,202310,162606234.06068558,479704616.37297654,-317098382.31229097,148563363.13680938,184223500.56960413,489213329.16438967,457559959.14527273,-340649966.02758026,-273336458.5756686,2242151326.603588,5502053159.634975,-3259901833.0313873
ESP,202311,226211130.1861742,473428870.95424336,-247217740.76806915,209275428.07143673,188339151.04069147,436292347.9043238,455007835.144726,-227016919.83288708,-266668684.1040345,2282931660.73696,5518987047.987977,-3236055387.251017
ESP,202312,199693867.67913195,396075066.4964238,-196381198.81729183,197303784.30041888,185047525.16955498,442868291.38045174,456124656.1497218,-245564507.08003286,-271077130.9801668,2335957123.8775487,5524002222.509278,-3188045098.6317296
ESP,202401,179979911.90077507,461334503.62099886,-281354591.7202238,198663593.4580502,201747601.94330195,456860677.7675327,445340439.0174361,-258197084.3094825,-243592837.07413414,2358101129.662211,5542166353.511475,-3184065223.849263
ESP,202402,213880993.5188471,392399006.1213369,-178518012.60248977,208170834.4742581,201379404.0775757,430973076.98409796,443567348.71069413,-222802242.50983986,-242187944.63311842,2400154543.5323873,5462354841.814342,-3062200298.2819543
ESP,202403,193537905.43394807,433190446.34789866,-239652540.9139506,182499506.22769126,196444644.71999988,415720454.1122465,434518069.6212924,-233220947.88455525,-238073424.90129253,2381581756.720189,5265199027.104589,-2883617270.3844
ESP,202404,191433801.537019,433523463.39173716,-242089661.85471815,200938242.82404593,197202861.17533174,447249060.39359564,431314197.1633134,-246310817.5695497,-234111335.98798165,2383288887.832103,5266903199.537026,-2883614311.704923
ESP,202405,211961572.7433081,418613301.03935236,-206651728.29604426,209344281.42246017,197594010.1580658,358132393.4206239,407033969.308822,-148788111.99816373,-209439959.15075618,2387752267.7996755,5242186187.997535,-2854433920.1978593
ESP,202406,189410791.88860375,442589330.62465173,-253178538.73604798,192775573.0974119,201019365.781306,346741795.7581414,384041083.190787,-153966222.6607295,-183021717.40948102,2365814579.4834123,5168206526.165363,-2802391946.681951
ESP,202407,176873600.0406656,413889228.722122,-237015628.68145642,181594810.4644399,194571554.99477065,461413727.1426003,388762638.7737885,-279818916.6781604,-194191083.77901787,2325500112.320532,5178071354.181072,-2852571241.86054
ESP,202408,141719545.6921659,336385994.6641142,-194666448.97194827,169639739.51764405,181336707.69316527,425021580.27214986,411059034.39096385,-255381840.7545058,-229722326.69779858,2300794607.67858,5164584658.933595,-2863790051.255015
ESP,202409,213701898.3198502,466772133.6407173,-253070235.32086712,202778415.67515385,184670988.5524126,412442855.9059929,432959387.773581,-209664440.23083907,-248288399.22116843,2301011253.0011744,5147905961.996573,-2846894708.9953985
ESP,202410,237948173.30530983,478085541.57900095,-240137368.27369112,210314556.07499295,194244237.08926365,495924669.16097677,444463035.1130398,-285610113.0859838,-250218798.02377614,2376353192.2457986,5146286887.202597,-2769933694.9567986
ESP,202411,232558207.91170955,532442008.0881575,-299883800.1764479,213693274.10404897,208928748.61806527,492247188.4975355,466871571.18816835,-278553914.39348656,-257942822.57010308,2382700269.9713345,5205300024.336512,-2822599754.365177
ESP,202412,207450695.8867898,420595582.1819437,-213144886.29515392,200159206.11583576,208055678.76495925,496160245.91344965,494777367.8573206,-296001039.79761386,-286721689.09236133,2390457098.1789923,5229820540.022032,-2839363441.843039
ESP,202501,182388538.1108121,492335688.29338837,-309947150.1825763,195598669.5139605,203150383.24461508,499736488.4479229,496047974.28630275,-304137818.93396235,-292897591.04168767,2392865724.389029,5260821724.694421,-2867956000.305392
ESP,202502,206066041.4968983,462777089.79350036,-256711048.29660207,203303489.1085313,199687121.5794425,512305761.5814413,502734165.3142713,-309002272.47291,-303047043.73482877,2385050772.36708,5331199808.366584,-2946149035.999504
ESP,202503,219928069.46735558,546382756.867307,-326454687.39995134,208605993.33463472,202502717.31904218,532728308.03628093,514923519.3552151,-324122314.7016462,-312420802.03617287,2411440936.400488,5444392118.885992,-3032951182.485505
ESP,202504,193239559.45486405,1006042115.9495544,-812802556.4946904,205600365.22388646,205836615.8890175,1042197179.0803522,695743749.5660248,-836596813.8564657,-489907133.6770073,2413246694.318333,6016910771.4438095,-3603664077.1254773
ESP,202505,197886277.91931286,694294605.1236372,-496408327.20432436,195878107.9883271,203361488.84894943,551444752.5845127,708790079.9003819,-355566644.5961856,-505428591.0514325,2399171399.4943376,6292592075.528095,-3893420676.033757
ESP,202506,199502380.27942812,745409769.053554,-545907388.7741259,210885974.99535096,204121482.73585486,555059468.7513702,716233800.138745,-344173493.75601923,-512112317.4028901,2409262987.885162,6595412513.956997,-4186149526.071835
ESP,202507,200406451.3671296,604478443.2157017,-404071991.84857213,212227275.53450164,206330452.83939323,697452674.6092259,601318965.3150363,-485225399.0747242,-394988512.47564304,2432795839.211626,6786001728.450577,-4353205889.238951
ESP,202508,173632330.11177483,451382406.941341,-277750076.8295661,210556707.99473047,211223319.50819436,568898945.4788979,607137029.6131647,-358342237.48416746,-395913710.10497034,2464708623.6312346,6900998140.727803,-4436289517.096569
ESP,202509,224441038.98361537,679304490.1507076,-454863451.1670922,208518904.07238913,210434295.86720708,582446651.4724374,616266090.520187,-373927747.40004826,-405831794.65297997,2475447764.295,7113530497.237793,-4638082732.942794
ESP,202510,241676598.48334,555820407.2761159,-314143808.79277587,206673548.29757628,208583053.4548986,585034512.6585819,578793369.8699723,-378360964.36100554,-370210316.41507375,2479176189.47303,7191265362.934909,-4712089173.461879
ESP,202511,222018630.7281992,515786876.908024,-293768246.1798248,202800633.84475908,205997695.40490815,478433942.04965705,548638368.7268921,-275633308.204898,-342640673.32198393,2468636612.28952,7174610231.754775,-4705973619.465256
ESP,202512,233658922.49065667,494435376.6085876,-260776454.11793095,219511265.22183162,209661815.78805566,615128487.7188084,559532314.1423491,-395617222.4969768,-349870498.35429347,2494844838.8933864,7248450026.181419,-4753605187.288033
ESP,202601,218226281.15455818,595624844.6446245,-377398563.4900663,225308251.95859173,215873383.67506084,621231627.8227452,571598019.1970702,-395923375.8641535,-355724635.5220094,2530682581.9371324,7351739182.532655,-4821056600.595523
ESP,202602,215464973.64123273,580978710.6167406,-365513736.97550786,215736078.14752573,220185198.4426497,646393316.1392927,627584477.2269487,-430657237.991767,-407399278.784299,2540081514.081467,7469940803.355896,-4929859289.274428
ESP,202603,228886636.41612273,653300788.0300667,-424414151.613944,218257711.29832605,219767347.1348145,645840496.5731261,637821813.5117213,-427582785.27480006,-418054466.37690675,2549040081.030235,7576858834.518655,-5027818753.488421
ESP,202604,60384264.290572725,513217325.478934,-452833061.1883613,65159067.36467763,166384285.6035098,535908263.4147924,609380692.0424037,-470749196.0501148,-442996406.4388939,2416184785.865943,7084034044.048036,-4667849258.182092
FRA,201701,1051785611.5877429,1099389656.9895933,-47604045.40185034,997827564.16389,,1066225362.5060952,,-68397798.34220517,,,,
FRA,201702,996915826.7223991,993849240.5740464,3066586.148352742,1018473625.4181455,,1075596734.235413,,-57123108.81726754,,,,
FRA,201703,1211667280.3836963,1147629992.7391431,64037287.644553185,1066505593.6124982,1027602261.0648446,1087672850.6705234,1076498315.8040106,-21167257.05802524,-48896054.73916602,,,
FRA,201704,949681457.0155874,1050257071.2148634,-100575614.19927597,1044139102.5871987,1043039440.5392809,1098728749.760459,1087332778.2221317,-54589647.17326021,-44293337.68285084,,,
FRA,201705,1002054985.7688781,1056553847.0988916,-54498861.33001351,1051671389.7470311,1054105361.9822426,1114912911.9008508,1100438170.7772777,-63241522.15381968,-46332808.795035124,,,
FRA,201706,1174582852.4239101,1194780414.4150252,-20197561.991115093,1117862611.9837754,1071224368.1060017,1155787928.6778226,1123143196.7797108,-37925316.69404721,-51918828.673709035,,,
FRA,201707,1034843542.6069967,1121906875.467348,-87063332.86035144,1078678781.846245,1082737594.5256836,1147996749.5471313,1139565863.3752682,-69317967.70088625,-56828268.84958458,,,
FRA,201708,1087887320.1359193,1105317385.8827567,-17430065.746837378,1162121481.6234267,1119554291.8178155,1172386246.6692631,1158723641.6314056,-10264765.045836449,-39169349.81359005,,,
FRA,201709,1203709056.3190053,1263008838.4046035,-59299782.08559823,1196195202.2815244,1145665155.2503986,1231454803.5492904,1183945933.2552283,-35259601.267766,-38280778.004829645,,,
FRA,201710,1178801309.0562322,1245332640.2775607,-66531331.2213285,1117063241.7803216,1158459975.2284243,1203008343.7961764,1202283131.3382432,-85945102.01585484,-43823156.109818935,,,
FRA,201711,1142009604.34253,1237745416.5167549,-95735812.17422485,1120715122.6924899,1144657855.5847785,1229230141.6055598,1221231096.317009,-108515018.91306996,-76573240.73223042,,,
FRA,201712,1149178482.4445562,1306674120.4730313,-157495638.02847505,1172825702.9681873,1136868022.480333,1255788413.9872837,1229342299.79634,-82962711.01909637,-92474277.3160069,13183117328.807453,13822445500.053617,-639328171.2461644
FRA,201801,1236381253.4521427,1282705311.2227821,-46324057.77063942,1202181627.8636413,1165240817.8414395,1237596918.0084424,1240871824.533762,-35415290.14480114,-75631006.6923225,13367712970.671852,14005761154.286806,-638048183.6149535
FRA,201802,1160579677.9845088,1192032822.1803553,-31453144.195846558,1199251879.3749478,1191419736.7355921,1259663934.9967296,1251016422.3308184,-60412055.621781826,-59596685.59522629,13531376821.933964,14203944735.893116,-672567913.9591528
FRA,201803,1339040805.6288216,1355207211.6231332,-16166405.994311571,1194822059.8666396,1198751855.701743,1279023495.6780367,1258761449.5610695,-84201435.81139708,-60009593.8593266,13658750347.179089,14411521954.777107,-752771607.5980176
FRA,201804,1257390205.0375874,1310025570.876432,-52635365.83884454,1360645943.874039,1251573294.3718755,1339449740.5656004,1292712390.4134557,21196203.30843854,-41139096.0415802,13966459095.20109,14671290454.438675,-704831359.2375861
FRA,201805,1208332161.1052651,1253554333.1052296,-45222171.999964476,1241421220.0596468,1265629741.2667751,1299857866.6699424,1306110367.6378598,-58436646.610295534,-40480626.37108469,14172736270.537476,14868290940.445013,-695554669.9075371
FRA,201806,1281942222.1160624,1318885999.0320466,-36943776.915984154,1216075782.0143247,1272714315.3160036,1295343439.2212005,1311550348.8189144,-79267657.2068758,-38836033.50291085,14280095640.229628,14992396525.062035,-712300884.8324062
FRA,201807,1272205549.0199513,1306079255.9645793,-33873706.944628,1322737612.3466983,1260078204.8068898,1340404512.5075562,1311868606.1328995,-17666900.160857916,-51790401.32600975,14517457646.642582,15176568905.559265,-659111258.9166827
FRA,201808,1141530176.3662517,1198388706.4953213,-56858530.12906957,1214105524.2673547,1250972972.876126,1291528372.2309554,1309092107.9865706,-77422847.96360064,-58119135.110444546,14571100502.872915,15269640226.17183,-698539723.2989149
FRA,201809,1220157446.6675828,1231765785.530508,-11608338.862925291,1198249495.4587355,1245030877.3575962,1209418535.1721468,1280450473.3035529,-11169039.713411331,-35419595.94595671,14587548893.22149,15238397173.297733,-650848280.076242
FRA,201810,1329238957.2607484,1304870015.9182103,24368941.34253812,1282733447.991019,1231696155.9057033,1269641672.8568885,1256862860.0866635,13091775.134130478,-25166704.18096018,14737986541.42601,15297934548.938385,-559948007.5123754
FRA,201811,1341937597.036471,1261342632.8855965,80594964.15087438,1326718132.932471,1269233692.1274085,1259503110.261935,1246187772.7636569,67215022.67053604,23045919.36375165,14937914534.11995,15321531765.307224,-383617231.1872761
FRA,201812,1234902867.097728,1227645602.7116773,7257264.386050701,1239730428.9392838,1283060669.954258,1202247581.2135448,1243797454.777456,37482847.725739,39263215.17680192,15023638918.77312,15242503247.545872,-218864328.77275038
FRA,201901,1315530819.2074404,1342613816.9878883,-27082997.78044796,1313158515.492925,1293202359.1215599,1291521808.8784878,1251090833.4513226,21636706.614437103,42111525.6702373,15102788484.52842,15302411753.310978,-199623268.78255892
FRA,201902,1320297170.0335028,1264331116.6355696,55966053.397933245,1383085538.7339401,1311991494.3887165,1306069140.21638,1266612843.4361374,77016398.51756024,45378650.95257902,15262505976.577414,15374710047.766193,-112204071.18877912
FRA,201903,1362726147.612721,1396292208.608926,-33566060.99620509,1230619726.219686,1308954593.4821837,1312060571.2036765,1303217173.432848,-81440844.98399043,5737420.049335718,15286191318.561312,15415795044.751984,-129603726.19067264
FRA,201904,1215543794.732548,1219557981.5004556,-4014186.7679076195,1296780926.6575825,1303495397.2037363,1218762769.0495539,1278964160.1565368,78018157.60802865,24531237.047199488,15244344908.256271,15325327455.376009,-80982547.11973572
FRA,201905,1284915558.0804904,1198270780.0359085,86644778.04458189,1295718921.632518,1274373191.5032623,1221967870.6368508,1250930403.630027,73751050.99566722,23442787.873235226,15320928305.231499,15270043902.306688,50884402.92481065
FRA,201906,1235844004.143593,1169049387.4239793,66794616.71961379,1162864001.4869182,1251787949.9256728,1161650699.764574,1200793779.816993,1213301.72234416,50994170.10867977,15274830087.25903,15120207290.69862,154622796.5604086
FRA,201907,1200134611.1586363,1160113084.401037,40021526.757599354,1243296083.2866223,1233959668.8020194,1192233555.9364557,1191950708.7792938,51062527.35016656,42008960.02272558,15202759149.397715,14974241119.135078,228518030.26263595
FRA,201908,1158460330.3361075,1090038075.1695554,68422255.16655207,1222192659.3427424,1209450914.705428,1192362968.833094,1182082408.1780412,29829690.50964856,27368506.527386665,15219689303.367569,14865890487.809313,353798815.5582576
FRA,201909,1249464968.9849963,1182278814.0925055,67186154.89249086,1211857773.0700874,1225782171.8998175,1169640395.9049478,1184745640.2248323,42217377.165139675,41036531.67498517,15248996825.684984,14816403516.37131,432593309.31367373
FRA,201910,1301314149.509498,1207179695.571919,94134453.93757892,1280127214.4909222,1238059215.6345842,1184471820.044214,1182158394.9274187,95655394.4467082,55900820.70716548,15221072017.933731,14718713196.025017,502358821.90871453
FRA,201911,1262566961.998479,1148821071.3795018,113745890.61897707,1258878005.547624,1250287664.3695445,1153996612.4960043,1169369609.481722,104881393.05161977,80918054.88782239,15141701382.89574,14606191634.518925,535509748.3768172
FRA,201912,1313748834.505903,1193650446.359864,120098388.14603901,1298707903.327239,1279237707.7885952,1192341524.2300932,1176936652.2567704,106366379.0971458,102301055.53182483,15220547350.303915,14572196478.16711,648350872.1368055
FRA,202001,1166060583.740939,1221739876.5816083,-55679292.84066939,1200707529.506027,1252764479.4602966,1171334655.7191486,1172557597.4817486,29372873.786878347,80206881.97854805,15071077114.837414,14451322537.76083,619754577.0765841
FRA,202002,1144372924.4759805,1132363274.7410138,12009649.734966755,1218061226.0979538,1239158886.3104067,1142347400.0788147,1168674526.676019,75713826.01913905,70484359.63438773,14895152869.279892,14319354695.866274,575798173.4136176
FRA,202003,1319680783.8689213,1172110566.4501855,147570217.41873574,1204286531.7345045,1207685095.779495,1094844445.5396895,1136175500.4458842,109442086.19481492,71509595.33361077,14852107505.536093,14095173053.707535,756934451.8285584
FRA,202004,897411051.2133977,940509767.1715428,-43098715.95814502,940878217.4341248,1121075325.0888612,920428526.2507768,1052540123.9564271,20449691.18334806,68535201.13243413,14533974762.016941,13816124839.378622,717849922.638321
FRA,202005,991226032.7328165,965351917.2984519,25874115.434364557,982878187.7373812,1042680978.9686702,969216099.4827474,994829690.4244046,13662088.254633784,47851288.54426563,14240285236.669268,13583205976.641163,657079260.0281037
FRA,202006,1097961164.4765592,1109226665.7347946,-11265501.258235455,1022394165.6125014,982050190.2613358,1115366179.379003,1001670268.3708425,-92972013.76650167,-19620078.109506607,14102402397.002234,13523383254.951979,579019142.0502545
FRA,202007,1120852785.8803947,1087095348.6940293,33757437.186365366,1161030563.9213772,1055434305.7570866,1120217872.1347666,1068266716.998839,40812691.7866106,-12832411.241752386,14023120571.723991,13450365519.244972,572755052.4790205
FRA,202008,1087844230.4341488,1029231390.2612715,58612840.17287731,1126701247.3146625,1103375325.6161804,1141635484.0466793,1125739845.1868162,-14934236.732016802,-22364519.570635796,13952504471.822033,13389558834.336687,562945637.4853457
FRA,202009,1254731884.0482132,1227741480.7616875,26990403.286525726,1196718680.6308436,1161483497.2889612,1219555169.6324985,1160469508.604648,-22836489.001654863,1013988.6843130589,13957771386.88525,13435021501.00587,522749885.8793806
FRA,202010,1140467809.821524,1193015077.7854736,-52547267.96394968,1146048246.1722448,1156489391.3725836,1181933411.7035065,1181041355.1275613,-35885165.53126168,-24551963.754977703,13796925047.197277,13420856883.219425,376068163.977852
FRA,202011,1117646499.6714458,1199702936.2141297,-82056436.54268384,1130771364.7800517,1157846097.19438,1213137684.8067906,1204875422.0475986,-82366320.02673888,-47029324.853218555,13652004584.870243,13471738748.054052,180265836.81619108
FRA,202012,1164812493.9375925,1174581243.3395717,-9768749.401979208,1133001672.7936618,1136607094.5819862,1193753895.95245,1196274997.4875824,-60752223.158788204,-59667902.905596256,13503068244.301933,13452669545.03376,50398699.26817286
FRA,202101,1101317288.0861151,1221356572.3522162,-120039284.26610112,1190467381.5326278,1151413473.0354471,1176172852.0402634,1194354810.9331682,14294529.492364407,-42941337.89772105,13438324948.64711,13452286240.804369,-13961292.157258868
FRA,202102,1067697098.9163612,1223256395.5894532,-155559296.673092,1157883862.779896,1160450972.3687286,1217698437.129494,1195875061.7074025,-59814574.34959793,-35424089.33867383,13361649123.08749,13543179361.652807,-181530238.56531763
FRA,202103,1323339422.5171537,1305797772.6242974,17541649.89285636,1204147359.5429919,1184166201.2851717,1215344683.3786092,1203071990.8494556,-11197323.835617304,-18905789.564283848,13365307761.735722,13676866567.82692,-311558806.091197
FRA,202104,1135930465.5593731,1284375783.2873356,-148445317.7279625,1199263648.1928267,1187098290.1719048,1233118427.6720128,1222053849.393372,-33854779.47918606,-34955559.22146726,13603827176.081697,14020732583.94271,-416905407.8610145
FRA,202105,1208101639.3298757,1248609396.2937632,-40507756.96388745,1188969438.3080173,1197460148.6812785,1240289655.095356,1229584255.3819926,-51320216.78733873,-32124106.70071411,13820702782.678757,14303990062.938025,-483287280.2592665
FRA,202106,1399187590.5104914,1307498407.1110659,91689183.3994255,1279993995.0431888,1222742360.5146778,1306814432.446521,1260074171.7379634,-26820437.403332233,-37331811.223285675,14121929208.712688,14502261804.314295,-380332595.60160553
FRA,202107,1227679843.8417885,1314576482.6570241,-86896638.81523561,1271530542.335704,1246831325.2289698,1356384328.896272,1301162805.479383,-84853786.56056786,-54331480.25041318,14228756266.674084,14729742938.27729,-500986671.6032065
FRA,202108,1325306170.6678534,1157371915.3283834,167934255.3394699,1303097837.3098526,1284874124.8962486,1299367188.0093868,1320855316.4507265,3730649.300465822,-35981191.55447793,14466218206.90779,14857883463.344402,-391665256.4366139
FRA,202109,1395012406.4029858,1287788951.3609114,107223455.04207444,1286679974.0705085,1287102784.5720217,1274318425.529108,1310023314.1449223,12361548.541400433,-22920529.572900534,14606498729.26256,14917930933.943624,-311432204.6810652
FRA,202110,1258823426.9984274,1331770415.3387182,-72946988.34029078,1293521650.284881,1294433153.8884141,1351247493.6185303,1308311035.7190084,-57725843.33364916,-13877881.830594301,14724854346.439465,15056686271.49687,-331831925.0574063
FRA,202111,1577357093.8019254,1310457678.7489088,266899415.05301666,1617719714.2593093,1399307112.8715665,1335451363.4467535,1320339094.1981306,282268350.8125558,78968018.67343593,15184564940.569944,15167441014.031649,17123926.538294196
FRA,202112,1420894162.8855302,1294812386.8678951,126081776.0176351,1359724713.60114,1423655359.3817768,1294772106.8129585,1327156987.959414,64952606.78818154,96498371.4223628,15440646609.51788,15287672157.559973,152974451.9579085
FRA,202201,1508921122.4789124,1416488439.015203,92432683.46370935,1648323205.3431833,1541922544.4012108,1373286571.1793165,1334503347.146343,275036634.16386676,207419197.2548678,15848250443.910679,15482804024.22296,365446419.687719
FRA,202202,1486611726.2134147,1412006652.9977102,74605073.21570444,1621785997.2642138,1543277972.0695124,1409774317.0644038,1359277665.018893,212011680.19981003,184000307.05061936,16267165071.207731,15671554281.631216,595610789.5765154
FRA,202203,1530202569.7797804,1557853391.3087366,-27650821.528956175,1416105980.545467,1562071727.717621,1416307531.9639857,1399789473.4025686,-201551.41851878166,162282254.3150525,16474028218.47036,15923609900.315655,550418318.1547029
FRA,202204,1335541848.5061672,1503216845.4240942,-167674996.91792703,1444162481.7199113,1494018153.1765308,1440072020.034351,1422051289.68758,4090461.6855602264,71966863.48895073,16673639601.417152,16142450962.452415,531188638.96473837
FRA,202205,1518575279.0439286,1466751999.7023485,51823279.34158015,1478640659.9513388,1446303040.7389057,1454433348.140351,1436937633.3795626,24207311.81098771,9365407.359343052,16984113241.131205,16360593565.860998,623519675.270206
FRA,202206,1804732405.2581432,1424043865.740501,380688539.51764226,1610121020.7335432,1510974720.8015976,1406597966.2320163,1433701111.4689062,203523054.50152683,77273609.33269143,17389658055.878857,16477139024.490435,912519031.3884227
FRA,202207,1364408643.9684296,1352187082.9612665,12221561.007163048,1423638656.9242623,1504133445.8697147,1386906217.6640594,1415979177.3454754,36732439.260202885,88154268.5242393,17526386856.005497,16514749624.794678,1011637231.2108214
FRA,202208,1638169670.4809108,1287931316.4024029,350238354.0785079,1710948896.2697232,1581569524.6425095,1462739716.023468,1418747966.639848,248209180.24625516,162821558.00266147,17839250355.818554,16645309025.868696,1193941329.9498594
FRA,202209,1544406512.2227821,1438909404.3734636,105497107.8493185,1364313522.3872273,1499633691.8604043,1427164954.8295195,1425603629.5056822,-62851432.44229221,74030062.35472202,17988644461.63835,16796429478.881248,1192214982.7571034
FRA,202210,1326188446.863081,1335125863.8842995,-8937417.021218538,1355691876.508372,1476984765.0551074,1383422589.4311042,1424442420.0946972,-27730712.922732115,52542344.96041012,18056009481.503006,16799784927.42683,1256224554.0761757
FRA,202211,1334004258.8125932,1354550103.716484,-20545844.90389085,1364420751.4231863,1361475383.4395952,1385446188.6415036,1398677910.9673758,-21025437.21831727,-37202527.52778053,17812656646.51367,16843877352.394405,968779294.1192682
FRA,202212,1423386738.3582659,1308475726.5348182,114911011.8234477,1297270242.090855,1339127623.3408043,1268888360.269413,1345919046.114007,28381881.82144189,-6791422.773202658,17815149221.98641,16857540692.061329,957608529.9250808
FRA,202301,1362805655.3479917,1466859500.1525896,-104053844.80459785,1520453937.3346903,1394048310.2829103,1441464215.6665308,1365266254.859149,78989721.66815948,28782055.423761368,17669033754.855488,16907911753.198713,761122001.6567736
FRA,202302,1242380296.6641748,1215689854.865409,26690441.798765898,1357752271.2591565,1391825483.561567,1220167488.6800423,1310173354.8719952,137584782.5791142,81652128.68957186,17424802325.306248,16711594955.066414,713207370.239835
FRA,202303,1737442933.0636697,1585648963.9064443,151793969.15722537,1647676530.0737844,1508627579.555877,1396458833.2407553,1352696845.8624427,251217696.83302903,155930733.69343424,17632042688.590137,16739390527.664122,892652160.9260166
FRA,202304,1479480681.896216,1241929523.7065063,237551158.18970966,1663540348.7329571,1556323050.021966,1199010908.7039118,1271879076.874903,464529440.02904534,284443973.147063,17775981521.980186,16478103205.946533,1297878316.0336533
FRA,202305,1347255509.4552422,1423105291.715092,-75849782.25984979,1321104996.4822893,1544107291.7630103,1440668111.5356584,1345379284.4934418,-119563115.05336905,198728007.26956844,17604661752.391502,16434456497.959278,1170205254.4322233
FRA,202306,1439152918.3550515,1450273359.2894022,-11120440.934350729,1248332584.0716112,1410992643.0956192,1455247407.2041218,1364975475.814564,-206914823.13251066,46017167.28105521,17239082265.488407,16460685991.508179,778396273.9802303
FRA,202307,1375290725.2948062,1389478265.0505817,-14187539.755775452,1458191789.9640362,1342543123.5059788,1434592016.7156599,1443502511.8184803,23599773.24837637,-100959388.31250143,17249964346.814785,16497977173.597492,751987173.2172918
FRA,202308,1591354496.7226737,1179810659.2177663,411543837.50490737,1757195177.052202,1487906517.0292833,1365381391.290193,1418406938.4033248,391813785.7620089,69499578.62595844,17203149173.056545,16389856516.412855,813292656.6436913
FRA,202309,1529891953.273315,1395899762.7430074,133992190.53030753,1263907900.7755039,1493098289.263914,1362544149.5296364,1387505852.5118296,-98636248.75413251,105592436.7520845,17188634614.10708,16346846874.7824,841787739.3246803
FRA,202310,1276755764.5906365,1287360921.9606822,-10605157.370045662,1284867760.9061425,1435323612.9112828,1335903039.6553829,1354609526.8250706,-51035278.7492404,80714086.08621216,17139201931.834637,16299081932.858782,840119998.9758532
FRA,202311,1244506248.9891164,1378772433.8961864,-134266184.90706992,1240369937.0093484,1263048532.8969982,1423090229.0184822,1373845806.067834,-182720292.00913382,-110797273.17083573,17049703922.01116,16323304263.038485,726399658.9726741
FRA,202312,1466486020.0883343,1441643928.6064308,24842091.481903553,1239102129.798376,1254779942.571289,1326779575.040095,1361924281.2379868,-87677445.24171901,-107144338.66669774,17092803203.741228,16456472465.110096,636330738.63113
FRA,202401,1110347442.5425901,1386959797.415276,-276612354.8726859,1279753692.9020185,1253075253.236581,1414516943.702024,1388128915.9202006,-134763250.80000544,-135053662.6836195,16840344990.935825,16376572762.372786,463772228.5630419
FRA,202402,1142289886.2035768,1269561017.867014,-127271131.66343713,1293898628.7121618,1270918150.4708521,1290261126.2542453,1343852548.3321214,3637502.457916498,-72934397.86126924,16740254580.475227,16430443925.37439,309810655.1008389
FRA,202403,1257100061.9787395,1317592456.1397598,-60492394.16102028,1227220494.2872496,1266957605.3004768,1059255252.0967768,1254677774.017682,167965242.19047272,12279831.282794714,16259911709.390297,16162387417.607704,97524291.78259325
FRA,202404,1043162045.3794947,1286866158.0409024,-243704112.6614077,1216275549.833659,1245798224.2776902,1262522144.9306242,1204012841.093882,-46246595.09696531,41785383.18380809,15823593072.873577,16207324051.942102,-383730979.0685241
FRA,202405,1083381363.8939157,1200036924.0495293,-116655560.15561366,1076058583.146869,1173184875.755926,1248609498.5984025,1190128965.2086012,-172550915.45153356,-16944089.452675343,15559718927.31225,15984255684.276537,-424536756.964288
FRA,202406,1450538567.6019368,1226868875.7572725,223669691.84466434,1215884853.3243744,1169406328.7683008,1258374221.600988,1256501955.043338,-42489368.276613474,-87095626.27503729,15571104576.559135,15760851200.744408,-189746624.18527293
FRA,202407,1069085061.6305534,1169444301.033252,-100359239.40269864,1147794034.504785,1146579156.9920094,1219098571.947114,1242027430.7155015,-71304537.44232893,-95448273.72349215,15264898912.894882,15540817236.72708,-275918323.8321961
FRA,202408,1083185851.8006551,1299506637.8874166,-216320786.08676147,1259517323.8358612,1207732070.555007,1535798375.1993024,1337757056.2491348,-276281051.3634412,-130024985.6941278,14756730267.972864,15660513215.39673,-903782947.423865
FRA,202409,1381322518.2345965,1205256245.9420795,176066272.29251695,1067691534.8381015,1158334297.7262492,1154397573.4204717,1303098173.522296,-86706038.58237016,-144763875.79604673,14608160832.934145,15469869698.595802,-861708865.6616555
FRA,202410,998864915.6816732,1147512057.7411609,-148647142.0594877,988599875.5676187,1105269578.080527,1188085491.4075937,1292760480.0091226,-199485615.839975,-187490901.92859554,14330269984.025183,15330020834.376282,-999750850.3510976
FRA,202411,1066527098.397326,1173261461.2727969,-106734362.87547088,1032227641.7328181,1029506350.7128462,1220155922.909804,1187546329.2459564,-187928281.17698598,-158039978.53311026,14152290833.433392,15124509861.752892,-972219028.3194985
FRA,202412,1586113898.0765963,1253315876.8390589,332798021.2375374,1237650203.1546748,1086159240.1517038,1094262990.1702774,1167501468.1625586,143387212.9843974,-81342228.01085472,14271918711.421654,14936181809.98552,-664263098.5638647
FRA,202501,1035461859.9121366,1136321409.7991557,-100859549.88701916,1239496771.2240903,1169791538.703861,1196871033.3144224,1170429982.1315014,42625737.90966797,-638443.4276404381,14197033128.7912,14685543422.369398,-488510293.57819796
FRA,202502,1074941595.6163442,1050956259.3129475,23985336.3033967,1285958419.3506424,1254368464.5764692,1081352912.778321,1124162312.0876734,204605506.57232141,130206152.48879576,14129684838.203968,14466938663.81533,-337253825.6113641
FRA,202503,1584280071.929843,1212607738.332706,371672333.597137,1592954087.6560793,1372803092.743604,909955476.2316273,1062726474.1081234,682998611.424452,310076618.6354805,14456864848.155071,14361953946.008278,94910902.14679313
FRA,202504,1008497701.9765474,1146036737.8005755,-137539035.82402813,1215122607.6953592,1364678371.5673602,1141912342.440559,1044406910.4835024,73210265.25480032,320271461.0838578,14422200504.752125,14221124525.76795,201075978.9841727
FRA,202505,1239024010.873643,1173064188.670884,65959822.20275903,1248706664.1982942,1352261119.849911,1256597718.6673162,1102821845.779834,-7891054.469022036,249439274.07007694,14577843151.731852,14194151790.389307,383691361.3425454
FRA,202506,1617248732.015055,1192026929.7669144,425221802.2481406,1302160581.89963,1255329951.264428,1251178456.2575545,1216562839.1218097,50982125.64207554,38767112.14261818,14744553316.144968,14159309844.398949,585243471.7460216
FRA,202507,1191190600.2051477,1232637711.7725601,-41447111.56741238,1296422227.1338358,1282429824.4105866,1297198681.4669988,1268324952.130623,-776454.333163023,14104872.279963493,14866658854.719564,14222503255.138256,644155599.5813079
FRA,202508,1023402860.5092114,1088594002.1382122,-65191141.62900078,1254534790.0932775,1284372533.0422478,1313193027.315191,1287190055.013248,-58658237.221913576,-2817521.9710001945,14806875863.42812,14011590619.389051,795285244.0390686
FRA,202509,1785888175.9507554,1448580947.9762194,337307227.97453594,1288315873.5968833,1279757630.2746656,1358961258.488486,1323117655.756892,-70645384.89160275,-43360025.48222637,15211441521.14428,14254915321.423191,956526199.7210876
FRA,202510,1314989974.230165,1352998589.970995,-38008615.740829945,1278494489.666593,1273781717.7855847,1392481767.5108654,1354878684.4381807,-113987277.84427238,-81096966.652596,15527566579.692772,14460401853.653025,1067164726.0397453
FRA,202511,1381837213.4546788,1293090672.0674736,88746541.38720512,1295533653.2259057,1287448005.4964607,1354071240.8264644,1368504755.6086054,-58537587.60055876,-81056750.11214471,15842876694.750124,14580231064.4477,1262645630.3024213
FRA,202512,1825392594.9073827,1670406422.2831337,154986172.62424898,1310542490.755278,1294856877.8825924,1380920467.1968184,1375824491.844716,-70377976.44154024,-80967613.96212363,16082155391.58091,14997321609.891777,1084833781.689133
FRA,202601,1031709090.4704499,1288497092.968965,-256788002.49851513,1289335590.9130075,1298470578.298064,1404162095.1723855,1379717934.398556,-114826504.25937796,-81247356.100492,16078402622.139225,15149497293.061586,928905329.077637
FRA,202602,975786584.7689927,1361178725.707499,-385392140.93850636,1242118836.7895863,1280665639.4859574,1416949644.7264092,1400677402.365204,-174830807.9368229,-120011762.87924671,15979247611.291872,15459719759.456137,519527851.8357339
FRA,202603,1266775414.9558835,2058727275.077682,-791951860.1217985,1310773121.7418218,1280742516.4814718,1439638114.1186798,1420249951.339158,-128864992.376858,-139507434.85768628,15661742954.317911,16305839296.201115,-644096341.8832016
FRA,202604,1088975817.8428319,1436219273.445506,-347243455.60267425,1352432602.1009784,1301774853.544129,1453004184.6022,1436530647.8157628,-100571582.50122166,-134755794.27163386,15742221070.184196,16596021831.846045,-853800761.6618477
GBR,201701,780793706.1989409,837921189.8625739,-57127483.66363299,742020069.8921256,,807660806.6308273,,-65640736.7387017,,,,
GBR,201702,710704671.4157956,753318473.00368,-42613801.587884426,748125200.7229518,,808776597.1947933,,-60651396.47184157,,,,
GBR,201703,811287168.4838029,936853806.2754189,-125566637.79161596,737167726.0213184,742437665.5454654,869443619.1803206,828627007.6686472,-132275893.15900218,-86189342.12318182,,,
GBR,201704,673672944.7100766,821943947.6155024,-148271002.9054258,737321112.241726,740871346.3286654,892096964.7899637,856772393.7216926,-154775852.54823768,-115901047.39302719,,,
GBR,201705,721734782.0477607,826602180.9147949,-104867398.8670342,749356733.8044431,741281857.3558292,910698359.2046438,890746314.3916427,-161341625.40020072,-149464457.03581345,,,
GBR,201706,753040019.2012485,987561753.9587119,-234521734.75746334,764890574.7529831,750522806.9330508,955480691.557975,919425338.5175276,-190590116.80499196,-168902531.58447683,,,
GBR,201707,715809815.8834444,923553140.7195618,-207743324.8361174,760738001.8452917,758328436.8009061,945561268.0405971,937246772.9344053,-184823266.19530535,-178918336.13349926,,,
GBR,201708,741578460.0425023,937650413.362141,-196071953.31963873,795578648.6904216,773735741.7628988,974823892.3150915,958621950.637888,-179245243.6246699,-184886208.87498915,,,
GBR,201709,887220730.2957728,1007773697.8365628,-120552967.54078996,821241020.4529835,792519223.662899,989046565.4200013,969810575.2585634,-167805544.96701777,-177291351.59566438,,,
GBR,201710,892809787.8622056,988793916.4094387,-95984128.5472331,813068036.4473331,809962568.5302461,953683128.3034586,972517862.0128504,-140615091.85612547,-162555293.48260427,,,
GBR,201711,835252312.3753256,1008287338.4771996,-173035026.101874,804783144.0899554,813030733.663424,969733250.3269199,970820981.3501266,-164950106.23696446,-157790247.6867026,,,
GBR,201712,816073748.415117,1086845718.5495853,-270771970.1344683,836835103.026477,818228761.1879219,1038609103.0483637,987341827.2262474,-201774000.0218867,-169113066.03832555,9339978146.931993,11117105576.98517,-1777127430.0531783
GBR,201801,820756630.9539258,1081262188.7118418,-260505557.75791597,811086514.9463662,817568254.0209328,1044213388.5389365,1017518580.6380733,-233126873.5925703,-199950326.61714053,9379941071.686977,11360446575.834438,-1980505504.1474614
GBR,201802,749919501.7275462,996710842.0836124,-246791340.35606623,795258812.1382173,814393476.7036868,1060126236.2985651,1047649575.9619551,-264867424.16034782,-233256099.25826824,9419155901.99873,11603838944.914371,-2184683042.915643
GBR,201803,898559202.5825166,1106567550.880403,-208008348.2978865,808702292.3440757,805015873.1428865,999990254.756791,1034776626.5314308,-191287962.41271532,-229760753.38854432,9506427936.097443,11773552689.519356,-2267124753.4219136
GBR,201804,759824343.9695933,973446026.8675073,-213621682.89791405,816301288.5012113,806754130.9945015,1041387620.0731616,1033834703.7095059,-225086331.57195032,-227080572.71500444,9592579335.356958,11925054768.77136,-2332475433.4144015
GBR,201805,800359590.7150049,944694692.3648374,-144335101.6498325,811671443.9419641,812225008.262417,1022165566.0172734,1021181146.9490753,-210494122.07530928,-208956138.68665838,9671204144.024202,12043147280.221403,-2371943136.1972003
GBR,201806,891261152.0082612,1004097753.0527259,-112836601.0444647,899350527.9827859,842441086.8086538,996569493.726487,1020040893.2723074,-97218965.7437011,-177599806.46365356,9809425276.831215,12059683279.315416,-2250258002.4842014
GBR,201807,773629106.779933,974302014.7247367,-200672907.9448037,806670273.0622331,839230748.3289944,1002992573.5170225,1007242544.420261,-196322300.4547894,-168011796.09126663,9867244567.727705,12110432153.320591,-2243187585.592888
GBR,201808,728273069.5606513,952491511.2229497,-224218441.66229844,775644524.6137078,827221775.2195755,1003969388.8318156,1001177152.0251083,-228324864.21810782,-173955376.8055328,9853939177.245853,12125273251.1814,-2271334073.935548
GBR,201809,806896150.0512515,1050563527.41788,-243667377.36662853,769021514.0478176,783778770.574586,1030553265.8869087,1012505076.0785822,-261531751.83909106,-228726305.50399613,9773614597.001331,12168063080.762718,-2394448483.761386
GBR,201810,791747613.4877044,1105218120.3581765,-313470506.8704721,730370366.8632563,758345468.5082606,1057866945.0519978,1030796533.2569073,-327496578.18874145,-272451064.74864674,9672552422.626831,12284487284.711456,-2611934862.0846252
GBR,201811,801871095.2023115,1124254768.2630224,-322383673.0607109,774278344.3603424,757890075.0904721,1076584718.2722979,1055001643.0704013,-302306373.9119555,-297111567.9799292,9639171205.453817,12400454714.49728,-2761283509.043462
GBR,201812,758797506.3747742,1022459033.2335849,-263661526.85881066,769237636.135994,757962115.7865309,1005591667.6959473,1046681110.3400809,-236354031.55995333,-288718994.55355,9581894963.413475,12336068029.181278,-2754173065.767804
GBR,201901,748540286.6131412,1136111111.0644784,-387570824.4513372,768124404.3839633,770546794.9600998,1103428011.751681,1061868132.5733088,-335303607.36771774,-291321337.613209,9509678619.07269,12390916951.533916,-2881238332.4612255
GBR,201902,752874001.1481936,1070950356.9435037,-318076355.79531014,804352916.2831534,780571652.2677035,1131993753.6222632,1080337811.0232973,-327640837.3391098,-299766158.7555938,9512633118.493336,12465156466.393805,-2952523347.9004693
GBR,201903,921235207.1844096,1237437512.8401933,-316202305.65578365,823821446.7267442,798766255.7979536,1093352534.3790681,1109591433.2510042,-269531087.65232396,-310825177.4530506,9535309123.09523,12596026428.353596,-3060717305.2583666
GBR,201904,772448653.3256371,937225803.2896694,-164777149.9640323,818149703.8845762,815441355.6314913,986233764.3496909,1070526684.1170074,-168084060.4651147,-255085328.48551607,9547933432.451275,12559806204.775759,-3011872772.324485
GBR,201905,801890393.6408981,946066424.9402453,-144176031.29934716,796738234.0257279,812903128.2123494,1005517346.9984988,1028367881.9090859,-208779112.97277093,-215464753.69673645,9549464235.377167,12561177937.351166,-3011713701.9739995
GBR,201906,801722733.6536592,989039707.9453875,-187316974.29172826,803668128.8378682,806185355.5827241,1003080820.1445098,998277310.4975666,-199412691.30664158,-192091954.9148425,9459925817.022566,12546119892.243828,-3086194075.221263
GBR,201907,826823313.0819459,1000419738.9416455,-173596425.8596996,846055798.1162968,815487386.9932976,1035204933.0239899,1014601033.3889995,-189149134.90769315,-199113646.3957019,9513120023.324577,12572237616.460737,-3059117593.136159
GBR,201908,733665888.3194491,910902977.3454199,-177237089.02597082,774702555.7869203,808142160.913695,971731278.7036798,1003339010.6240598,-197028722.9167595,-195196849.71036482,9518512842.083376,12530649082.583206,-3012136240.4998317
GBR,201909,767721598.7228574,918454484.5374621,-150732885.81460476,752131954.4651145,790963436.1227771,898823271.6804167,968586494.4693621,-146691317.21530223,-177623058.34658504,9479338290.754982,12398540039.702787,-2919201748.947808
GBR,201910,815675752.8329024,1028781512.1969235,-213105759.36402106,762325668.0915548,763053392.7811966,978940217.7261685,949831589.3700885,-216614549.63461375,-186778196.58889186,9503266430.100178,12322103431.541536,-2818837001.441356
GBR,201911,800933835.1905408,971710350.1277041,-170776514.93716335,775344070.7119193,763267231.0895295,927441272.9900132,935068254.1321994,-152097202.27809393,-171801023.0426699,9502329170.08841,12169559013.406218,-2667229843.317809
GBR,201912,705683259.5151435,915301280.0537523,-209618020.5386088,706418120.9341046,748029286.5791928,924729225.2944783,943703572.0035534,-218311104.36037374,-195674285.42436063,9449214923.228777,12062401260.226385,-2613186336.997607
GBR,202001,720940715.1145288,975654916.66336,-254714201.54883122,767581195.8954194,749781129.1804811,959744720.8729715,937305073.0524877,-192163524.97755218,-187523943.87200665,9421615351.730165,11901945065.825266,-2480329714.095101
GBR,202002,694904953.6340557,899651200.4819002,-204746246.84784448,745556862.3872862,739852059.7389368,947296343.0493467,943923429.7389321,-201739480.6620605,-204071369.99999535,9363646304.216028,11730645909.363663,-2366999605.1476355
GBR,202003,726383196.9325134,918509287.496236,-192126090.5637226,645006119.5430163,719381392.6085739,790864954.9081247,899302006.2768143,-145858835.36510837,-179920613.66824043,9168794293.964132,11411717684.019705,-2242923390.0555744
GBR,202004,606923924.7279816,729672371.3843138,-122748446.65633225,637998526.0754374,676187169.3352466,756684828.2980323,831615375.4185013,-118686302.22259486,-155428206.0832547,9003269565.366476,11204164252.11435,-2200894686.7478743
GBR,202005,635138171.355521,762408546.3128759,-127270374.9573549,620844894.8186135,634616513.4790224,796323047.3744552,781290943.5268707,-175478152.55584168,-146674430.04784834,8836517343.081099,11020506373.48698,-2183989030.405882
GBR,202006,741664942.7186263,893250634.7087401,-151585691.99011385,738167927.9668288,665670449.6202933,917521088.4897952,823509654.7207608,-179353160.52296638,-157839205.10046756,8776459552.146067,10924717300.250334,-2148257748.104268
GBR,202007,738535885.8085829,909394778.19047,-170858892.38188708,741523263.068944,700178695.2847954,940355154.2723756,884733096.7122086,-198831891.2034316,-184554401.42741323,8688172124.872702,10833692339.499157,-2145520214.6264553
GBR,202008,536689716.3889867,933565821.5035132,-396876105.1145265,560664945.741831,680118712.2592012,999051683.920388,952309308.8941864,-438386738.17855704,-272190596.6349852,8491195952.942241,10856355183.657251,-2365159230.7150106
GBR,202009,769089947.8855689,1036284356.6114682,-267194408.72589934,771669528.4261159,691285912.4122969,1010430489.5912904,983279109.2613512,-238760961.16517448,-291993196.84905434,8492564302.104952,10974185055.731258,-2481620753.6263056
GBR,202010,824553601.820108,1062189625.9972389,-237636024.17713082,778853685.5361979,703729386.5680481,1005760513.9950528,1005080895.835577,-226906828.4588549,-301351509.2675289,8501442151.092157,11007593169.531572,-2506151018.4394155
GBR,202011,800647163.3763024,1122828349.2648993,-322181185.8885969,775288033.9556872,775270415.9726671,1070934415.6043819,1029041806.3969083,-295646381.64869475,-253771390.4242412,8501155479.277919,11158711168.668766,-2657555689.390849
GBR,202012,797390868.225446,997144694.18603,-199753825.96058404,787674358.1132842,780605359.2017231,1027820879.6129012,1034838603.0707787,-240146521.49961698,-254233243.86905563,8592863087.988222,11240554582.801046,-2647691494.812824
GBR,202101,518116028.84660685,931293692.5178739,-413177663.67126703,566722859.688066,709895083.9190125,940945409.3596787,1013233568.1923207,-374222549.67161274,-303338484.27330816,8390038401.7203,11196193358.65556,-2806154956.93526
GBR,202102,607538266.5186768,918288747.9568268,-310750481.43815005,642432580.3176845,665609932.706345,995524600.1407745,988096963.0377847,-353092019.82308996,-322487030.33143973,8302671714.60492,11214830906.130487,-2912159191.525565
GBR,202103,878614056.7365311,1171466976.810736,-292852920.0742048,786066017.8173847,665073819.2743784,1003664839.4526036,980044949.651019,-217598821.63521886,-314971130.37664056,8454902574.408938,11467788595.444986,-3012886021.0360475
GBR,202104,749750310.7626618,1023943642.4210565,-274193331.6583947,789723817.0090758,739407471.714715,1050485638.9135419,1016558359.5023066,-260761821.90446615,-277150887.7875916,8597728960.443619,11762059866.48173,-3164330906.03811
GBR,202105,847471857.4525353,1030348013.3115304,-182876155.85899508,831448627.755763,802412820.8607411,1068542856.6969739,1040897778.3543731,-237094228.94121087,-238484957.49363196,8810062646.540632,12029999333.480383,-3219936686.93975
GBR,202106,826611794.6517755,1013101297.473753,-186489502.8219775,822937233.9001374,814703226.2216587,1016981792.4769433,1045336762.6958197,-194044558.57680583,-230633536.47416103,8895009498.473782,12149849996.245396,-3254840497.771614
GBR,202107,819010366.3854179,993322559.1543056,-174312192.76888764,817621316.389327,824002392.6817425,1017226067.5700837,1034250238.914667,-199604751.1807567,-210247846.23292446,8975483979.050617,12233777777.209232,-3258293798.158614
GBR,202108,791168255.3735269,895078238.1985432,-103909982.82501626,818175842.4510554,819578130.9135066,930891513.789753,988366457.9455934,-112715671.33869755,-168788327.03208673,9229962518.035158,12195290193.904263,-2965327675.8691044
GBR,202109,810074502.7202276,1125406542.6199315,-315332039.89970386,819198993.9832554,818332050.9412127,1084279814.5834098,1010799131.9810821,-265080820.6001544,-192467081.03986943,9270947072.869816,12284412379.912724,-3013465307.0429087
GBR,202110,865128725.708154,1081765200.536085,-216636474.82793093,818964692.4361284,818779842.9568132,1033064869.254251,1016078732.5424713,-214100176.81812263,-197298889.58565807,9311522196.757862,12303987954.45157,-2992465757.6937084
GBR,202111,831658712.6763344,1052179412.5303013,-220520699.85396695,799070235.8367386,812411307.4187075,1008118312.0211297,1041820998.6195968,-209048076.18439114,-229409691.20088935,9342533746.057894,12233339017.716974,-2890805271.659079
GBR,202112,867533992.9467496,993318119.3059297,-125784126.3591801,829579202.1064314,815871376.7930994,1017397384.5833693,1019526855.28625,-187818182.4769379,-203655478.4931506,9412676870.779198,12229512442.836872,-2816835572.057675
GBR,202201,722930330.8727913,1156814732.9277902,-433884402.0549989,810548399.4149615,813065945.7860438,1195555285.8525603,1073690327.4856864,-385006886.4375988,-260624381.69964266,9617491172.805382,12455033483.246788,-2837542310.4414067
GBR,202202,862721678.416966,966810886.9436733,-104089208.52670729,905768200.8169236,848631934.1127721,1068902343.6362455,1093951671.3573916,-163134142.81932187,-245319737.2446195,9872674584.70367,12503555622.233635,-2630881037.5299644
GBR,202203,908860174.2838706,1275284789.930031,-366424615.6461605,818473739.3820568,844930113.2046472,1112187975.0438664,1125548534.8442242,-293714235.66180956,-280618421.63957703,9902920702.25101,12607373435.35293,-2704452733.1019197
GBR,202204,884069159.6875368,1081159527.6757457,-197090367.9882089,928889583.2682979,884377174.4890928,1123083738.3020272,1101391352.3273797,-194194155.0337293,-217014177.83828688,10037239551.175886,12664589320.607618,-2627349769.431734
GBR,202205,806533756.0534924,1022215530.388908,-215681774.3354156,802388112.8454511,849917145.1652685,1066705416.1026678,1100659043.1495206,-264317303.2572167,-250741897.9842521,9996301449.776844,12656456837.684998,-2660155387.9081545
GBR,202206,820490192.7395061,1149077173.8414507,-328586981.10194457,810096289.5581632,847124661.8906374,1128336184.8442762,1106041779.749657,-318239895.286113,-258917117.85901952,9990179847.864574,12792432714.052696,-2802252866.1881213
GBR,202207,839216279.9043325,1100779464.6846254,-261563184.78029287,834840410.3041961,815774937.5692701,1116451974.9955466,1103831191.9808302,-281611564.69135046,-288056254.41156006,10010385761.38349,12899889619.583015,-2889503858.199527
GBR,202208,815611647.584021,1098148914.391776,-282537266.8077551,846138429.5137205,830358376.4586934,1108376056.9704278,1117721405.6034167,-262237627.45670724,-287363029.1447233,10034829153.593983,13102960295.776247,-3068131142.1822653
GBR,202209,797900278.5453182,1087463921.1770236,-289563642.6317054,816655556.0489912,832544798.6223027,1029076815.8177226,1084634949.2612321,-212421259.76873136,-252090150.6389295,10022654929.419073,13065017674.33334,-3042362744.9142666
GBR,202210,849890527.8217185,1120043119.008549,-270152591.1868305,813254394.347091,825349459.9699341,1081849925.4584868,1073100932.7488791,-268595531.11139584,-247751472.77894497,10007416731.532639,13103295592.805805,-3095878861.2731667
GBR,202211,849518127.0196455,1139307434.3174956,-289789307.29785013,811224559.8783182,813711503.4248,1115396681.7572834,1075441141.0111644,-304172121.87896526,-261729637.5863644,10025276145.87595,13190423614.592999,-3165147468.7170496
GBR,202212,857682153.9595579,1070060259.6992205,-212378105.73966265,809135263.3481542,811204739.1911877,1097552358.3526099,1098266321.8561268,-288417095.0044557,-287061582.66493905,10015424306.888756,13267165754.98629,-3251741448.0975323
GBR,202301,691262788.7446885,946493596.3769642,-255230807.6322757,792229913.860411,804196579.0289612,955821264.2557716,1056256768.1218883,-163591350.3953606,-252060189.0929271,9983756764.760654,13056844618.435463,-3073087853.6748095
GBR,202302,752607137.9732399,939392610.635448,-186785472.66220808,768468669.3711392,789944615.526568,1040680373.7068521,1031351332.1050779,-272211704.3357129,-241406716.5785098,9873642224.316929,13029426342.127237,-3155784117.81031
GBR,202303,864781187.7686044,1138890949.962288,-274109762.1936835,769955914.2093904,776884832.4803137,998588871.0200429,998363502.9942222,-228632956.8106525,-221478670.5139085,9829563237.801662,12893032502.159494,-3063469264.357833
GBR,202304,741378008.1939517,904944821.7266084,-163566813.53265667,748998808.9696048,762474464.1833782,960609767.4226539,999959670.7165164,-211610958.45304906,-237485206.53313816,9686872086.308077,12716817796.210358,-3029945709.902281
GBR,202305,750298754.5108134,954093139.6846193,-203794385.17380595,780257400.2195141,766404041.1328365,995744262.2403218,984980966.8943396,-215486862.02080762,-218576925.7615031,9630637084.765396,12648695405.50607,-3018058320.740671
GBR,202306,765827139.0823559,1102137150.1167445,-336310011.03438866,757511186.5594096,762255798.5828428,1098211068.534571,1018188366.065849,-340699881.9751613,-255932567.48300612,9575974031.108248,12601755381.781363,-3025781350.6731153
GBR,202307,743769036.3314122,1028860156.8769753,-285091120.5455631,739230136.3045835,758999574.3611692,1062239941.9422699,1052065090.9057208,-323009805.6376864,-293065516.5445516,9480526787.535326,12529836073.973711,-3049309286.4383855
GBR,202308,673274700.2801034,1059672248.6492583,-386397548.3691548,723982795.5111526,740241372.7917153,1033083239.5733074,1064511416.6833826,-309100444.06215477,-324270043.89166737,9338189840.23141,12491359408.231195,-3153169567.9997854
GBR,202309,700507263.4408959,1041825329.6258643,-341318066.18496835,735247391.9352014,732820107.9169792,957068387.694814,1017463856.4034637,-221820995.75961256,-284643748.4864845,9240796825.126987,12445720816.680037,-3204923991.553048
GBR,202310,745298820.1765761,1020439013.2515193,-275140193.0749432,718785135.9591993,726005107.8018512,1051407325.571915,1013852984.2800121,-332622189.6127157,-287847876.478161,9136205117.481846,12346116710.923004,-3209911593.441161
GBR,202311,784072406.9128621,983662044.3543564,-199589637.44149435,756984615.0513481,737005714.3152496,988201542.5954843,998892418.6207377,-231216927.54413617,-261886704.3054881,9070759397.375061,12190471320.959866,-3119711923.5848045
GBR,202312,720245648.6413113,985113274.3541483,-264867625.71283698,668661435.0897523,714810395.3667666,1023142300.9522308,1020917056.37321,-354480865.8624785,-306106661.0064434,8933322892.056814,12105524335.614794,-3172201443.5579796
GBR,202401,607814534.4911668,998062927.1223855,-390248392.6312187,707530961.5778509,711059003.9063171,958545343.8245871,989963062.457434,-251014382.24673617,-278904058.55111694,8849874637.803293,12157093666.360216,-3307219028.556922
GBR,202402,697371094.6562716,899612902.6883291,-202241808.03205752,714985396.4595213,697059264.3757081,1012008522.1601981,997898722.3123387,-297023125.7006768,-300839457.9366306,8794638594.486324,12117313958.413097,-3322675363.9267716
GBR,202403,732726146.8703116,986970695.664929,-254244548.7946174,587602765.1349872,670039707.7241198,851767630.0715631,940773832.0187827,-264164864.9365759,-270734124.29466295,8662583553.588032,11965393704.115738,-3302810150.527706
GBR,202404,632984274.2396812,857329238.4769691,-224344964.23728788,592264234.9218678,631617465.5054588,847128091.3769288,903634747.8695635,-254863856.45506096,-272017282.3641046,8554189819.633762,11917778120.866098,-3363588301.232337
GBR,202405,609737048.213967,887692744.073586,-277955695.859619,665433536.1172543,615100178.7247032,923768149.072744,874221290.1737453,-258334612.95548975,-259121111.44904208,8413628113.336915,11851377725.255066,-3437749611.91815
GBR,202406,745127522.4546237,998589896.8860221,-253462374.4313984,745797327.6651616,667831699.5680946,1015818209.8442444,928904816.764639,-270020882.17908275,-261073117.1965444,8392928496.709184,11747830472.024342,-3354901975.31516
GBR,202407,686975464.0671998,1019825125.5625565,-332849661.4953567,684459436.137365,698563433.3065935,1083516722.8371356,1007701027.2513746,-399057286.69977057,-309137593.94478106,8336134924.444971,11738795440.709925,-3402660516.264953
GBR,202408,682631407.1055425,1139436192.1473365,-456804785.04179394,770399245.3183146,733552003.0402803,1079729321.5442717,1059688084.7418839,-309330076.22595716,-326136081.70160353,8345491631.27041,11818559384.208002,-3473067752.9375925
GBR,202409,683547572.5017828,1341522947.7505786,-657975375.2487959,739272710.6993936,731377130.7183577,1207297157.6742792,1123514400.6852288,-468024446.9748856,-392137269.96687114,8328531940.331297,12118257002.332716,-3789725062.00142
GBR,202410,735052725.43101,1296289270.2580364,-561236544.8270264,714327654.8940296,741333203.637246,1426395089.775396,1237807189.664649,-712067434.8813665,-496473986.027403,8318285845.585731,12394107259.339233,-4075821413.753503
GBR,202411,739497106.4671412,1108936244.9651115,-369439138.49797034,723725311.3281016,725775225.6405083,1145252014.72121,1259648087.390295,-421526703.39310837,-533872861.74978673,8273710545.140009,12519381459.94999,-4245670914.8099794
GBR,202412,722591526.4289148,997510164.9686024,-274918638.53968763,663741740.1786524,700598235.4669279,1047735728.7176719,1206460944.4047594,-383993988.53901947,-505862708.9378315,8276056422.927613,12531778350.564442,-4255721927.63683
GBR,202501,665072058.9526285,1418486541.496369,-753414482.5437404,786096658.9018908,724521236.8028816,1296150775.273521,1163046172.904134,-510054116.3716302,-438524936.10125244,8333313947.389074,12952201964.938427,-4618888017.549352
GBR,202502,661401666.1214586,1172964175.0847223,-511562508.96326363,673003302.5636506,707613900.5480646,1348322330.9775555,1230736278.3229163,-675319028.4139049,-523122377.7748517,8297344518.854261,13225553237.33482,-4928208718.480557
GBR,202503,845171152.204408,1449201415.2406893,-604030263.0362812,631599759.3614998,696899906.942347,1233748582.1569052,1292740562.8026607,-602148822.7954054,-595840655.8603137,8409789524.188357,13687783956.91058,-5277994432.722221
GBR,202504,908493860.875059,1261328996.8851,-352835136.0100409,784659044.8301961,696420702.2517823,1183124053.1516597,1255064988.7620401,-398465008.3214636,-558644286.5102578,8685299110.823736,14091783715.31871,-5406484604.494974
GBR,202505,735663787.767331,1346090183.4887977,-610426395.7214667,841447090.082534,752568631.4247433,1391339059.1152716,1269403898.141279,-549891969.0327376,-516835266.7165357,8811225850.3771,14550181154.733921,-5738955304.356822
GBR,202506,824349687.2958422,1307682536.114155,-483332848.8183129,833957298.5029904,820021144.4719068,1363549012.0235038,1312670708.0968115,-529591713.5205134,-492649563.62490475,8890448015.218319,14859273793.962055,-5968825778.743736
GBR,202507,902032844.2288157,1244523349.9193923,-342490505.6905767,900182101.9842739,858528830.1899327,1364723799.3302362,1373203956.8230038,-464541697.3459623,-514675126.63307106,9105505395.379934,15083972018.318892,-5978466622.938956
GBR,202508,741041834.9407567,1562334420.787062,-821292585.8463053,877155999.3319383,870431799.9397341,1440092529.8898926,1389455113.7478774,-562936530.5579543,-519023313.80814326,9163915823.215149,15506870246.958616,-6342954423.743468
GBR,202509,829482920.7395779,1658820998.9296281,-829338078.1900502,923898599.3571488,900412233.557787,1453907891.2863433,1419574740.1688242,-530009291.92919457,-519162506.61103725,9309851171.452944,15824168298.137667,-6514317126.684722
GBR,202510,1003644341.5956345,1259482048.2427363,-255837706.64710188,981271417.2261139,927442005.3050671,1482390222.7599678,1458796881.312068,-501118805.5338539,-531354876.0070009,9578442787.617569,15787361076.122366,-6208918288.504797
GBR,202511,858019031.5476218,1492944759.9398773,-634925728.3922554,855588283.3379213,920252766.6403947,1584210185.2278082,1506836099.7580397,-728621901.889887,-586583333.117645,9696964712.698048,16171369591.097132,-6474404878.399083
GBR,202512,1118559674.192959,1534770753.1655588,-416211078.97259974,1015732676.9209894,950864125.8283415,1633100428.4753919,1566566945.4877224,-617367751.5544025,-615702819.6593809,10092932860.462093,16708630179.294086,-6615697318.831995
GBR,202601,1862741169.353089,1893244795.012053,-30503625.65896392,2231148431.452018,1367489797.2369761,1633440342.2211113,1616916985.3081036,597708089.2309065,-249427188.0711274,11290601970.862555,17183388432.809772,-5892786461.947218
GBR,202602,1061837430.0794046,1381136000.294449,-319298570.2150445,1070373562.8700784,1439084890.4143617,1621447089.6885939,1629329286.7950325,-551073526.8185154,-190244396.3806708,11691037734.8205,17391560258.019497,-5700522523.198999
GBR,202603,1589621346.7586982,2145302637.8748937,-555681291.1161954,1104878697.5392299,1468800230.6204422,1797887604.0869672,1684258345.3322241,-693008906.5477374,-215458114.71178198,12435487929.37479,18087661480.6537,-5652173551.2789135
GBR,202604,1460917721.9350336,2159025379.7359138,-698107657.8008802,1159139037.1570907,1111463765.8554664,1916284823.3362308,1778539839.0372639,-757145786.1791401,-667076073.1817975,12987911790.434765,18985357863.504517,-5997446073.069754
HKG,201701,5496835166.090225,10184524874.252167,-4687689708.161942,5763791950.644987,,11527949751.045673,,-5764157800.400686,,,,
HKG,201702,4998628155.719988,10689011164.598768,-5690383008.87878,6372641020.961141,,14957572914.223087,,-8584931893.261947,,,,
HKG,201703,6201559865.696652,12510098342.39805,-6308538476.701398,6055148387.909187,6063860453.171772,11982570292.328417,12822697652.532393,-5927421904.4192295,-6758837199.3606205,,,
HKG,201704,5888925609.185365,12210821350.680805,-6321895741.4954405,6161274172.985803,6196354527.2853775,12488293177.527569,13142812128.026358,-6327019004.541766,-6946457600.74098,,,
HKG,201705,6115911296.869129,12377571978.274708,-6261660681.405579,6183356213.151017,6133259591.34867,12486306278.939186,12319056582.931725,-6302950065.788169,-6185796991.583055,,,
HKG,201706,6820440396.121957,13771226009.039097,-6950785612.91714,6644855474.586677,6329828620.241165,13047765050.265892,12674121502.244217,-6402909575.679215,-6344292882.003052,,,
HKG,201707,6719370789.727853,13400550880.029875,-6681180090.302022,6705965292.596035,6511392326.777909,13122307219.744865,12885459516.316648,-6416341927.14883,-6374067189.538739,,,
HKG,201708,7143828052.88491,14891591079.337402,-7747763026.452493,6610131640.017942,6653650802.400218,13287025615.613071,13152365961.874609,-6676893975.595129,-6498715159.474391,,,
HKG,201709,7602021468.103246,14291642278.630306,-6689620810.5270605,6901074330.309289,6739057087.641089,14134625082.916624,13514652639.424852,-7233550752.607335,-6775595551.783763,,,
HKG,201710,6929521798.052322,14542387431.165081,-7612865633.112759,6721785112.973215,6744330361.100148,13825842902.95285,13749164533.827515,-7104057789.979635,-7004834172.727366,,,
HKG,201711,7806507053.18516,15817610009.75027,-8011102956.565111,7334260606.999336,6985706683.42728,14887051285.627403,14282506423.832293,-7552790678.628067,-7296799740.405012,,,
HKG,201712,7570280493.91042,16699157375.04168,-9128876881.13126,7476031422.274323,7177359047.415626,14945751801.257826,14552881996.612694,-7469720378.983502,-7375522949.197068,79293830145.54723,161386192773.1982,-82092362627.65099
HKG,201801,7471196976.887781,14397683361.470541,-6926486384.58276,7686434188.934382,7498908739.40268,15923843204.21911,15252215430.368113,-8237409015.284728,-7753306690.965432,81268191956.34479,165599351260.4166,-84331159304.07181
HKG,201802,5517647389.477637,11375942985.308945,-5858295595.831307,7058968623.015387,7407144744.741364,15488809443.89832,15452801483.125086,-8429840820.882933,-8045656738.383722,81787211190.10243,166286283081.12677,-84499071891.02432
HKG,201803,8566819949.773779,16988769758.749954,-8421949808.976175,8322242863.209355,7689215225.053042,16266278948.998728,15892977199.03872,-7944036085.789372,-8203761973.985677,84152471274.17957,170764954497.47867,-86612483223.2991
HKG,201804,7648355881.842073,15645648127.069231,-7997292245.227158,7929398189.795629,7770203225.340123,15942090607.069885,15899059666.655645,-8012692417.274257,-8128856441.315522,85911901546.83627,174199781273.8671,-88287879727.03082
HKG,201805,8158570259.267233,16612117453.538406,-8453547194.2711735,8213277907.481815,8154972986.828934,16883720411.124393,16364029989.064337,-8670442503.642578,-8209057002.235403,87954560509.23438,178434326749.1308,-90479766239.89641
HKG,201806,7860808296.35844,16556822616.652716,-8696014320.294275,7779223046.637596,7973966381.305013,15959520046.706978,16261777021.633753,-8180297000.069382,-8287810640.32874,88994928409.47086,181219923356.74442,-92224994947.27356
HKG,201807,1983286099.3975878,16611132874.994482,-14627846775.596893,1974662599.8975556,5989054518.005656,16243091210.322706,16362110556.051361,-14268428610.42515,-10373056038.045704,84258843719.1406,184430505351.709,-100171661632.56842
HKG,201808,8690892140.115572,17483005690.038754,-8792113549.923182,8124556543.760929,5959480730.098694,16228204850.079279,16143605369.036322,-8103648306.31835,-10184124638.937628,85805907806.37125,187021919962.41037,-101216012156.03912
HKG,201809,8772501674.76127,18475638069.962963,-9703136395.201693,7965365249.101952,6021528130.920146,17798228295.609154,16756508118.67038,-9832863046.507202,-10734979987.750233,86976388013.02928,191205915753.743,-104229527740.71375
HKG,201810,8510586428.741418,17170560443.657526,-8659974014.916107,8328234660.709356,8139385484.524078,16529122547.909779,16851851897.866072,-8200887887.200422,-8712466413.341993,88557452643.71837,193834088766.23547,-105276636122.51709
HKG,201811,7786176806.9354925,15380851543.26937,-7594674736.333877,7407956325.524408,7900518745.111905,14721594706.986704,16349648516.835213,-7313638381.462296,-8449129771.723308,88537122397.4687,193397330299.75458,-104860207902.28586
HKG,201812,7367099618.791819,13975032394.94588,-6607932776.154062,7209742999.97402,7648644662.0692625,12410631970.534775,14553783075.143753,-5200888970.560755,-6905138413.074491,88333941522.3501,190673205319.65875,-102339263797.30865
HKG,201901,7756861496.000279,13546382800.381538,-5789521304.381259,7840166740.032703,7485955355.177044,14607020838.698755,13913082505.406746,-6766854098.666052,-6427127150.229702,88619606041.4626,189821904758.56976,-101202298717.10715
HKG,201902,5152992378.07669,11397651258.959095,-6244658880.882405,6609993470.333878,7219967736.7802,15078251652.238398,14031968153.823977,-8468258181.90452,-6812000417.0437765,88254951030.06166,189843613032.2199,-101588662002.15826
HKG,201903,7773744404.522294,15690063384.114475,-7916318979.592181,7497804716.947447,7315988309.104675,15001002002.552856,14895424831.163338,-7503197285.60541,-7579436522.058662,87461875484.81017,188544906657.5844,-101083031172.77426
HKG,201904,7571948093.579487,14277272015.716114,-6705323922.136627,7777987522.159732,7295261903.147018,14482611858.663836,14853955171.151697,-6704624336.504104,-7558693268.004679,87385467696.54758,187176530546.23132,-99791062849.68373
HKG,201905,7838841573.379148,14698434675.01994,-6859593101.640792,7858041064.96545,7711277768.024209,15042407724.62006,14842007195.278921,-7184366659.65461,-7130729427.254712,87065739010.6595,185262847767.71283,-98197108757.05336
HKG,201906,6955036030.316518,15071592069.663885,-8116556039.347367,6962620772.64972,7532883119.924968,14763410746.608492,14762810109.964132,-7800789973.958772,-7229926990.039165,86159966744.61757,183777617220.72403,-97617650476.10645
HKG,201907,7886478363.373197,15189087617.02899,-7302609253.655793,7827635299.795324,7549432379.13683,14843062001.104443,14882960157.444334,-7015426701.309118,-7333527778.307504,92063159008.59319,182355571962.75854,-90292412954.16534
HKG,201908,8602879582.643349,16002880113.827732,-7400000531.184383,8120355840.242486,7636870637.5625105,15463053146.184124,15023175297.965689,-7342697305.941638,-7386304660.403178,91975146451.12097,180875446386.54752,-88900299935.42654
HKG,201909,8598715484.996355,15732176905.331831,-7133461420.335476,7800265209.7216,7916085449.919804,14734890775.396639,15013668640.895071,-6934625565.675039,-7097583190.975267,91801360261.35605,178131985221.91638,-86330624960.56033
HKG,201910,8590769593.09521,15782381990.420506,-7191612397.325296,8471722202.735325,8130781084.233136,15382362357.467379,15193435426.34938,-6910640154.732054,-7062654342.116244,91881543425.70984,176743806768.67935,-84862263342.96951
HKG,201911,8929007890.65051,15977298812.688066,-7048290922.037556,8598662133.697067,8290216515.384664,15555673238.651688,15224308790.505236,-6957011104.95462,-6934092275.120572,93024374509.42485,177340254038.09805,-84315879528.67319
HKG,201912,8901223230.997324,17076108704.847088,-8174885473.849764,8641828302.331987,8570737546.254794,15045118573.724344,15327718056.614471,-6403290271.392357,-6756980510.359677,94558498121.63036,180441330347.99924,-85882832226.36891
HKG,202001,6781596600.63279,13141542821.89624,-6359946221.263451,6742899177.898042,7994463204.642365,13880353471.90975,14827048428.095263,-7137454294.011708,-6832585223.452897,93583233226.26286,180036490369.51395,-86453257143.25108
HKG,202002,6446787287.943115,12166885688.2451,-5720098400.301985,8312189837.750634,7898972439.326888,15595987572.820675,14840486539.484924,-7283797735.070041,-6941514100.158036,94877028136.12929,180805724798.8,-85928696662.67067
HKG,202003,8832280708.506762,16105421423.947052,-7273140715.44029,8488885707.1155815,7847991574.254753,15396599744.66496,14957646929.798462,-6907714037.549379,-7109655355.543709,95935564440.11375,181221082838.63254,-85285518398.51878
HKG,202004,8535490351.564674,16025263752.967272,-7489773401.402597,8700723285.978071,8500599610.281429,16194905526.198353,15729164281.227997,-7494182240.220282,-7228564670.946568,96899106698.09895,182969074575.8837,-86069967877.78474
HKG,202005,8782187922.79112,15266939638.49572,-6484751715.704599,8799038224.946539,8662882406.013397,15764213416.399294,15785239562.42087,-6965175191.452755,-7122357156.407473,97842453047.51093,183537579539.3595,-85695126491.84856
HKG,202006,8433832092.358655,16490101303.200094,-8056269210.841439,8572503413.974049,8690754974.966219,16373246507.30415,16110788483.3006,-7800743093.330101,-7420033508.334381,99321249109.55307,184956088772.8957,-85634839663.34264
HKG,202007,9201517149.81644,17425795372.304897,-8224278222.488457,9120639800.995989,8830727146.638859,17076478595.583088,16404646173.095512,-7955838794.587099,-7573919026.456654,100636287895.9963,187192796528.17157,-86556508632.1753
HKG,202008,9335491473.981394,16493402440.711359,-7157910966.729965,8934226844.316147,8875790019.762062,16618124300.177979,16689283134.355074,-7683897455.861832,-7813493114.593012,101368899787.33435,187683318855.0552,-86314419067.72087
HKG,202009,10729908538.73825,19216717290.371414,-8486808751.633163,9757291858.695103,9270719501.335745,17493759601.973785,17062787499.244951,-7736467743.278683,-7792067997.909206,103500092841.07623,191167859240.09482,-87667766399.01855
HKG,202010,8919776354.103964,17940021604.856434,-9020245250.75247,8904170397.603071,9198563033.538107,17768333574.782875,17293405825.644882,-8864163177.179804,-8094842792.106775,103829099602.085,193325498854.53073,-89496399252.44574
HKG,202011,9892127515.653694,18838890618.01881,-8946763102.365116,9622168743.785975,9427877000.02805,18578701865.547634,17946931680.7681,-8956533121.76166,-8519054680.740051,104792219227.08818,196187090659.86148,-91394871432.7733
HKG,202012,10686549329.702318,22293535379.48475,-11606986049.78243,10285352361.868809,9603897167.752619,19530373489.815598,18625802976.715374,-9245021127.946789,-9021905808.962755,106577545325.79317,201404517334.49915,-94826972008.70596
HKG,202101,10286219787.97928,18951097071.2641,-8664877283.284819,9975389734.940422,9960970280.198402,19230632863.618607,19113236072.993946,-9255243128.678185,-9152265792.795544,110082168513.13968,207214071583.867,-97131903070.72733
HKG,202102,8990215172.314693,16272531618.964958,-7282316446.650265,11295411448.490606,10518717848.433279,20793758516.126667,19851588289.853626,-9498347067.63606,-9332870441.420347,112625596397.51125,211319717514.58685,-98694121117.0756
HKG,202103,12420476375.877932,21608433874.081585,-9187957498.203653,11957707285.800346,11076169489.743792,20435785984.817406,20153392454.85423,-8478078699.017059,-9077222965.110437,116213792064.88242,216822729964.72137,-100608937899.83897
HKG,202104,11188959518.114662,21067103310.718773,-9878143792.60411,11407220720.882946,11553446485.057966,21253863623.439804,20827802708.12796,-9846642902.556858,-9274356223.069994,118867261231.4324,221864569522.4729,-102997308291.0405
HKG,202105,11491759816.56402,20667383737.77509,-9175623921.21107,11556034738.474085,11640320915.05246,21730250029.717705,21139966545.991642,-10174215291.24362,-9499645630.939182,121576833125.20529,227265013621.75226,-105688180496.54697
HKG,202106,12481720327.62667,21564030677.760593,-9082310350.133923,12582369566.691246,11848541675.349426,21351461292.391747,21445191648.516422,-8769091725.7005,-9596649973.166996,125624721360.47331,232338942996.31274,-106714221635.83943
HKG,202107,12609233602.162872,22118733545.664608,-9509499943.501736,12333144132.975863,12157182812.713732,22019657718.899624,21700456347.003025,-9686513585.923761,-9543273534.289293,129032437812.81975,237031881169.6725,-107999443356.85272
HKG,202108,13206559187.967632,23623348674.67514,-10416789486.707508,12964816322.858791,12626776674.1753,24548615962.540447,22639911657.943943,-11583799639.681656,-10013134983.768642,132903505526.806,244161827403.63626,-111258321876.83026
HKG,202109,13634255834.457106,25319174077.026005,-11684918242.5689,12385795856.928833,12561252104.254496,21995797197.56829,22854690293.00279,-9610001340.639458,-10293438188.748293,135807852822.52486,250264284190.29083,-114456431367.766
HKG,202110,12276441490.374537,21400493600.691875,-9124052110.317339,12434486551.048315,12595032910.278646,21710192087.695084,22751535082.601276,-9275705536.646769,-10156502172.32263,139164517958.7954,253724756186.12628,-114560238227.33087
HKG,202111,14152102907.995,23835005303.61954,-9682902395.62454,13950654955.784029,12923645787.920393,23757120001.53815,22487703095.60051,-9806465045.754122,-9564057307.680117,143424493351.13672,258720870871.72702,-115296377520.5903
HKG,202112,15446229595.040678,27154562445.20627,-11708332850.16559,14923604741.066267,13769582082.632868,23652369743.086727,23039893944.10666,-8728765002.02046,-9270311861.473791,148184173616.4751,263581897937.44855,-115397724320.97345
HKG,202201,14415663726.667841,22223469487.84858,-7807805761.180738,13799342598.997967,14224534098.616089,21795145636.492012,23068211793.70563,-7995803037.494045,-8843677695.089542,152313617555.16367,266854270354.03302,-114540652798.86937
HKG,202202,10446715082.303162,19346998142.343647,-8900283060.040485,13058801532.453045,13927249624.172426,24815733720.772293,23421083033.450348,-11756932188.319248,-9493833409.277922,153770117465.15213,269928736877.41168,-116158619412.2596
HKG,202203,13016372639.044859,22186821980.26936,-9170449341.2245,12485670567.135262,13114604899.528757,20474328193.679783,22361735850.314697,-7988657626.544521,-9247130950.78594,154366013728.31903,270507124983.5995,-116141111255.28044
HKG,202204,12713298345.910698,20354384754.85711,-7641086408.946411,12975222777.93213,12839898292.506813,20748705261.54332,22012922391.99847,-7773482483.611189,-9173024099.491657,155890352556.11508,269794406427.73782,-113904053871.62274
HKG,202205,12596689252.392855,22115486051.646603,-9518796799.253748,12538093448.517103,12666328931.194832,23493884803.545795,21572306086.2563,-10955791355.028692,-8905977155.06147,156995281991.9439,271242508741.6093,-114247226749.66542
HKG,202206,12744048525.74799,23941633594.353123,-11197585068.605133,12717546224.759249,12743620817.069494,23436343839.03476,22559644634.707962,-10718797614.27551,-9816023817.638468,157257610190.06522,273620111658.20187,-116362501468.13663
HKG,202207,12642413119.326532,18947121223.46138,-6304708104.134848,12292379782.398798,12516006485.225052,19196010938.112293,22042079860.230953,-6903631155.713495,-9526073375.005901,157290789707.22888,270448499335.99863,-113157709628.76974
HKG,202208,11999593826.850029,18175682579.642166,-6176088752.792137,11959053855.603615,12322993287.58722,19132994869.89291,20588449882.346657,-7173941014.289295,-8265456594.759438,156083824346.1113,265000833240.96567,-108917008894.85437
HKG,202209,13379228860.549532,24217775415.746643,-10838546555.197111,12305287785.023256,12185573807.675224,20715653776.256588,19681553194.753933,-8410365991.233332,-7495979387.078709,155828797372.2037,263899434579.6863,-108070637207.48257
HKG,202210,12064137546.476482,18151730516.864483,-6087592970.3880005,12257608271.14202,12173983303.922964,18610091013.979702,19486246553.376404,-6352482742.837683,-7312263249.45344,155616493428.30563,260650671495.85892,-105034178067.55324
HKG,202211,11262682158.294512,18085173172.526505,-6822491014.231993,11250745305.407022,11937880453.857431,18039996220.814316,19121913670.350204,-6789250915.407293,-7184033216.492773,152727072678.60516,254900839364.76587,-102173766686.16069
HKG,202212,12036689120.04561,21082303890.280537,-9045614770.234926,11806421094.255632,11771591556.93489,18239497332.343773,18296528189.045933,-6433076238.0881405,-6524936632.111042,149317532203.6101,248828580809.84012,-99511048606.23003
HKG,202301,8672926993.522125,12984105784.069227,-4311178790.547102,8200691560.724876,10419285986.795843,12904551757.884644,16394681770.34758,-4703860197.159767,-5975395783.551737,143574795470.4644,239589217106.0608,-96014421635.59639
HKG,202302,9023080491.655537,13687909982.016748,-4664829490.361212,11527783901.204922,10511632185.395144,17529756641.125412,16224601910.451279,-6001972739.92049,-5712969725.056135,142151160879.81677,233930128945.7339,-91778968065.91711
HKG,202303,11672491336.435835,21035239968.612286,-9362748632.17645,11318457756.66801,10348977739.532602,18941988798.63025,16458765732.54677,-7623531041.962238,-6109787993.014168,140807279577.20773,232778546934.0768,-91971267356.86906
HKG,202304,10389861504.324976,17242735095.281097,-6852873590.956121,10589392402.242115,11145211353.371683,17827419642.834305,18099721694.19666,-7238027240.59219,-6954510340.824976,138483842735.622,229666897274.5008,-91183054538.87878
HKG,202305,9664526460.103165,16855893027.92818,-7191366567.825016,8831592288.702711,10246480815.870947,17829228139.095608,18199545526.85339,-8997635850.392897,-7953064710.982443,135551679943.33232,224407304250.78235,-88855624307.45006
HKG,202306,11056503603.84754,19433280886.439873,-8376777282.592333,10825799247.111065,10082261312.685297,18827764092.206604,18161470624.712173,-8001964845.095539,-8079209312.026876,133864135021.43187,219898951542.8691,-86034816521.43726
HKG,202307,10491660423.353518,18470144232.935905,-7978483809.582388,10011279808.484385,9889557114.766054,19231535903.66751,18629509378.323242,-9220256095.183126,-8739952263.557188,131713382325.45886,219421974552.34366,-87708592226.88478
HKG,202308,11336715839.385506,18329805886.603302,-6993090047.217796,11395809753.433361,10744296269.676271,19172876869.1979,19077392288.35734,-7777067115.764538,-8333096018.68107,131050504337.99434,219576097859.30478,-88525593521.31046
HKG,202309,12523725411.25933,22761842886.469543,-10238117475.210213,11737035764.886604,11048041775.60145,19989865735.594326,19464759502.819912,-8252829970.707722,-8416717727.218462,130195000888.70413,218120165330.02768,-87925164441.32355
HKG,202310,11844312883.08506,18910964639.65735,-7066651756.5722885,12292921052.401651,11808588856.907206,19776106030.86888,19646282878.553707,-7483184978.46723,-7837694021.646502,129975176225.31271,218879399452.82056,-88904223227.50784
HKG,202311,12551494469.91475,20055566459.763527,-7504071989.848778,12954024713.269096,12327993843.519117,20147565276.770145,19971179014.411118,-7193540563.501049,-7643185170.892,131263988536.93295,220849792740.0576,-89585804203.12462
HKG,202312,12126647903.104624,23227550669.87928,-11100902766.774656,12072229510.4175,12439725092.029417,20294417533.355297,20072696280.331444,-8222188022.937798,-7632971188.302027,131353947319.99197,222995039519.6563,-91641092199.66435
HKG,202401,12772423065.725943,18851767252.219826,-6079344186.493883,12493262645.274666,12506505622.98709,18275899966.263325,19572627592.129593,-5782637320.988659,-7066121969.142504,135453443392.19579,228862700987.80692,-93409257595.61113
HKG,202402,9339249184.644684,15941924714.322376,-6602675529.677692,12150201750.725609,12238564635.472593,20287890236.952885,19619402578.857174,-8137688486.227276,-7380837943.384581,135769612085.18494,231116715720.11255,-95347103634.92763
HKG,202403,13130568355.943697,22805848419.26558,-9675280063.321882,12519549950.123217,12387671448.70783,19911475039.304657,19491755080.84029,-7391925089.18144,-7104083632.13246,137227689104.6928,232887324170.76584,-95659635066.07306
HKG,202404,12860505292.87627,19969318678.042614,-7108813385.166344,12847633842.234491,12505795181.027771,19335973663.098316,19845112979.78529,-6488339820.863825,-7339317798.757519,139698332893.24408,235613907753.52734,-95915574860.28326
HKG,202405,12584543577.287539,19366990573.972027,-6782446996.684488,10828905016.492876,12065362936.28353,20571464948.841206,19939637883.748062,-9742559932.34833,-7874274947.464533,142618350010.42847,238125005299.57123,-95506655289.14275
HKG,202406,12989878985.744822,21826663307.08412,-8836784321.3393,12420966450.836956,12032501769.854774,21096993448.83883,20334810686.92612,-8676026998.001873,-8302308917.071346,144551725392.32574,240518387720.21545,-95966662327.88971
HKG,202407,13885001320.44155,19461948111.40555,-5576946790.963999,13002901297.214392,12084257588.18141,20937695808.534092,20868718068.73804,-7934794511.3197,-8784460480.556631,147945066289.4138,241510191598.6851,-93565125309.27133
HKG,202408,13561713613.771585,20994567752.462357,-7432854138.690771,13706322626.661152,13043396791.570833,22060579772.030518,21365089676.467815,-8354257145.369366,-8321692884.896982,150170064063.79987,244174953464.54413,-94004889400.7443
HKG,202409,14599040873.63736,23459420845.026474,-8860379971.389114,13897522696.04258,13535582206.639374,21282318904.93328,21426864828.4993,-7384796208.890701,-7891282621.859924,152245379526.17786,244872531423.10107,-92627151896.9232
HKG,202410,13766069053.353561,20599302238.457302,-6833233185.103741,14592060651.759283,14065301991.48767,22062724070.76815,21801874249.243988,-7470663419.008867,-7736572257.756317,154167135696.44638,246560869021.90103,-92393733325.45465
HKG,202411,14611699496.552853,22411192871.086792,-7799493374.533939,15542162847.651266,14677248731.81771,22807934501.555595,22050992492.41901,-7265771653.904329,-7373743760.601299,156227340723.0845,248916495433.2243,-92689154710.13982
HKG,202412,15091545314.528406,25245292703.936672,-10153747389.408266,15211181411.838139,15115134970.41623,22243816956.82351,22371491843.049088,-7032635544.985371,-7256356872.632858,159192238134.50827,250934237467.2817,-91741999332.77342
HKG,202501,24654068485.89184,17878581009.65278,6775487476.239063,24964005684.734768,18572449981.40806,17261601895.694424,20771117784.69118,7702403789.040344,-2198667803.283123,171073883554.6742,249961051224.71463,-78887167670.04048
HKG,202502,22839763658.57182,18485526071.697678,4354237586.874142,30304167582.05094,23493118226.207947,22986544779.57877,20830654544.032238,7317622802.472172,2662463682.175709,184574398028.60132,252504652582.08997,-67930254553.48863
HKG,202503,33138790024.97495,26565658359.061775,6573131665.913174,31057672546.148495,28775281937.644733,22423455579.9864,20890534085.086533,8634216966.162094,7884747852.558201,204582619697.63254,256264462521.88614,-51681842824.253586
HKG,202504,30349239858.517494,23599209324.96933,6750030533.548164,29747878529.571102,30369906219.256847,21755719696.70527,22388573352.09015,7992158832.865833,7981332867.166698,222071354263.27377,259894353168.81287,-37822998905.53908
HKG,202505,28770980931.161896,24124205308.83674,4646775622.325157,23292151620.00523,28032567565.241608,25628785480.97134,23269320252.55434,-2336633860.96611,4763247312.687267,238257791617.14813,264651567903.67755,-26393776286.529434
HKG,202506,28075898822.53558,26606263458.923435,1469635363.6121445,26182585524.853317,26407538558.143215,25643451389.274906,24342652188.98384,539134135.5784111,2064886369.1593742,253343811453.9389,269431168055.51688,-16087356601.577986
HKG,202507,29351531046.595314,23972685246.03736,5378845800.557953,26972379706.692482,25482372283.85034,26621734071.803574,25964656980.683277,350645634.8889084,-482284696.83293533,268810341180.09265,273941905190.14868,-5131564010.056034
HKG,202508,28135927965.039803,25285769363.11087,2850158601.928932,28529178686.969746,27228047972.838512,26688365067.80327,26317850176.293915,1840813619.1664772,910197796.5445976,283384555531.36084,278233106800.79724,5151448730.563669
HKG,202509,31458045385.828953,29543048525.46567,1914996860.3632812,30443724767.426136,28648427720.36279,27822586225.103348,27044228454.9034,2621138542.3227882,1604199265.4593887,300243560043.5525,284316734481.2364,15926825562.316065
HKG,202510,29334303511.67647,26138155345.838413,3196148165.8380585,31880395296.854355,30284432917.083416,28672833136.592396,27727928143.16634,3207562160.261959,2556504773.917076,315811794501.87537,289855587588.6175,25956206913.257866
HKG,202511,30843565976.126965,28220420786.151283,2623145189.9756813,33888492802.830574,32070870955.70369,29119863142.682095,28538427501.45928,4768629660.148479,3532443454.2444115,332043660981.44946,295664815503.682,36378845477.76749
HKG,202512,35509952045.30476,34788579017.85751,721373027.4472504,36260573792.20418,34009820630.629704,30906942675.36575,29566546318.213413,5353631116.8384285,4443274312.41629,352462067712.2259,305208101817.60284,47253965894.623
HKG,202601,35694669304.70693,33173472944.790825,2521196359.916107,37586729577.91804,35911932057.65093,31879828996.00627,30635544938.01804,5706900581.911766,5276387119.632893,363502668531.04095,320502993752.7409,42999674778.30005
HKG,202602,30140110942.213177,27432484441.000744,2707626501.212433,40757245985.65384,38201516451.925354,33152614089.395565,31979795253.5892,7604631896.258274,6221721198.336155,370803015814.6823,329449952122.04395,41353063692.638336
HKG,202603,46907100608.166,42332020956.20361,4575079651.962387,43159419461.23816,40501131674.936676,34539075165.239525,33190506083.54712,8620344295.998634,7310625591.389557,384571326397.8734,345216314719.1858,39355011678.687546
HKG,202604,47644530221.28679,40580337519.94375,7064192701.34304,45751232105.64573,43222632517.51258,35480737099.967476,34390808784.86752,10270495005.678253,8831823732.645058,401866616760.64264,362197442914.1602,39669173846.48242
HUN,201701,229333647.18326062,428712115.7854803,-199378468.6022197,291932262.33625406,,433377413.32291204,,-141445150.98665798,,,,
HUN,201702,251584610.8618546,396294451.594647,-144709840.73279238,307283079.88868,,440866487.60708207,,-133583407.71840209,,,,
HUN,201703,418006181.8836577,495740019.68470484,-77733837.80104715,338503315.283424,312572885.83611935,466129427.7249574,446791109.5516505,-127626112.44153339,-134218223.71553117,,,
HUN,201704,254583895.46862474,431805301.25402516,-177221405.78540042,307049544.03596497,317611979.73602295,451306222.5666837,452767379.2995744,-144256678.53071874,-135155399.56355143,,,
HUN,201705,309606843.87152475,453340197.96039677,-143733354.08887202,319242470.1223168,321598443.1472352,472367961.82496387,463267870.705535,-153125491.7026471,-141669427.55829978,,,
HUN,201706,398228624.0021767,489994234.59130424,-91765610.58912754,313920766.21656305,313404260.12494826,470678752.41501254,464784312.26888674,-156757986.1984495,-151380052.14393848,,,
HUN,201707,276881395.17493564,431662521.0176921,-154781125.84275645,323964816.0787152,319042684.13919836,463142798.57130617,468729837.6037609,-139177982.49259096,-149687153.46456254,,,
HUN,201708,311854773.91046876,476320638.8523587,-164465864.94188994,324803711.77325827,320896431.3561788,482101180.3632076,471974243.78317547,-157297468.5899493,-151077812.42699665,,,
HUN,201709,367658278.42988974,526011597.32601565,-158353318.8961259,321308089.4584928,323358872.4368221,497890336.3306572,481044771.75505704,-176582246.87216437,-157685899.31823492,,,
HUN,201710,316972923.948973,497129638.84473705,-180156714.89576405,332531166.0832969,326214322.4383493,490829310.77721846,490273609.1570277,-158298144.69392157,-164059286.7186784,,,
HUN,201711,338116575.5992558,572514967.7142209,-234398392.11496508,314124387.46728075,322654547.66969013,518625041.74694765,502448229.6182744,-204500654.2796669,-179793681.94858426,,,
HUN,201712,435110795.36657476,517797616.8214353,-82686821.45486051,352739302.5085404,333131618.6863727,519465942.7858751,509640098.4366804,-166726640.2773347,-176508479.75030768,3907938545.7011967,5717323301.447018,-1809384755.7458212
HUN,201801,294438430.3893403,546995162.5328184,-252556732.14347816,368455723.5932032,345106471.1896748,539626431.0331553,525905805.18865937,-171170707.43995214,-180799333.99898458,3973043328.9072766,5835606348.194356,-1862563019.2870796
HUN,201802,297986144.295435,491350685.45495754,-193364541.15952253,351032074.3459827,357409033.4825754,536220368.5550021,531770914.1246775,-185188294.20901942,-174361880.64210206,4019444862.3408566,5930662582.054667,-1911217719.71381
HUN,201803,380538050.84558165,553516052.0505816,-172978001.20499992,312706601.6569867,344064799.86539084,530680727.5735186,535509175.72055864,-217974125.91653186,-191444375.8551678,3981976731.302781,5988438614.420544,-2006461883.1177626
HUN,201804,325808198.2973079,567622371.4439523,-241814173.1466444,384109923.4201651,349282866.47437817,590541079.4580139,552480725.1955115,-206431156.03784877,-203197858.7211333,4053201034.131464,6124255684.610471,-2071054650.4790065
HUN,201805,336248906.84948695,500592689.66696143,-164343782.81747448,345448303.7200699,347421609.5990739,517981916.38522047,546401241.1389176,-172533612.66515058,-198979631.53984368,4079843097.1094265,6171508176.317036,-2091665079.207609
HUN,201806,459139887.57913196,579781277.1241196,-120641389.54498768,374351208.4708834,367969811.8703728,578422507.2693841,562315167.7042061,-204071298.79850072,-194345355.83383334,4140754360.6863813,6261295218.849851,-2120540858.163469
HUN,201807,294115626.8463755,545404924.1949999,-251289297.3486244,336606039.02747107,352135183.7394748,572284240.741744,556229554.798783,-235678201.71427298,-204094371.05930817,4157988592.3578215,6375037622.027159,-2217049029.6693373
HUN,201808,313666608.0501162,644663648.4304876,-330997040.38037145,336547561.169835,349168269.5560632,651740786.5479234,600815844.8530172,-315193225.3780885,-251647575.29695404,4159800426.497469,6543380631.605288,-2383580205.1078186
HUN,201809,415491919.67462003,584645678.2064493,-169153758.53182924,354076281.6326946,342409960.6100002,555683389.2171273,593236138.8355983,-201607107.58443272,-250826178.22559816,4207634067.742199,6602014712.485722,-2394380644.7435217
HUN,201810,310614075.6328612,561879702.7362009,-251265627.10333973,328154861.12633955,339592901.30962306,558907083.493324,588777086.4194583,-230752222.3669845,-249184185.1098352,4201275219.4260874,6666764776.377185,-2465489556.951098
HUN,201811,388704701.545214,598008984.0624385,-209304282.5172245,366715648.01172006,349648930.256918,541972050.8412329,552187507.8505614,-175256402.82951283,-202538577.59364337,4251863345.3720455,6692258792.725403,-2440395447.353357
HUN,201812,410150166.93941015,466043265.1258302,-55893098.18642002,342555240.492484,345808583.21018124,473579040.0201446,524819391.4515672,-131023799.52766061,-179010808.24138594,4226902716.944881,6640504441.029798,-2413601724.0849166
HUN,201901,281745131.13704616,575471849.0749211,-293726717.937875,347328822.0674326,352199903.5238789,553530455.8248489,523027182.2287421,-206201633.7574163,-170827278.70486325,4214209417.692587,6668981127.5719,-2454771709.8793135
HUN,201902,294288236.2579424,525775238.4351541,-231487002.1772117,334219741.852502,341367934.8041395,563432523.6494443,530180673.16481256,-229212781.79694235,-188812738.36067307,4210511509.655094,6703405680.552096,-2492894170.897002
HUN,201903,423036702.198587,543435478.305588,-120398776.107001,351559080.2231352,344369214.7143566,528755243.58719426,548572741.0204959,-177196163.3640591,-204203526.3061393,4253010161.008099,6693325106.807103,-2440314945.7990036
HUN,201904,285017081.91679615,535200298.7556139,-250183216.83881778,327286235.72050494,337688352.59871405,554145637.5952499,548777801.6106294,-226859401.87474495,-211089449.0119154,4212219044.627588,6660903034.118765,-2448683989.491177
HUN,201905,355816041.88416815,592231042.1347485,-236415000.2505803,363222923.7138106,347356079.8858169,610376391.238984,564425757.4738094,-247153467.52517337,-217069677.5879925,4231786179.6622686,6752541386.586552,-2520755206.9242826
HUN,201906,405187385.3378747,512983874.29310507,-107796488.95523036,340033708.6972602,343514289.3771919,527801468.97332686,564107832.6025202,-187767760.27606666,-220593543.22532833,4177833677.421012,6685743983.755537,-2507910306.334525
HUN,201907,358616178.9070617,564302904.4901386,-205686725.58307695,401666336.7993698,368307656.40348023,580117837.5316695,572765232.5813268,-178451500.7322997,-204457576.1778466,4242334229.481698,6704641964.050675,-2462307734.568978
HUN,201908,375679410.42617935,589080302.3488963,-213400891.92271692,416555301.4487945,386085115.6484749,595358233.3172425,567759179.9407463,-178802931.86844802,-181674064.29227144,4304347031.85776,6649058617.969084,-2344711586.1113234
HUN,201909,460006113.7064493,586042639.3480958,-126036525.6416465,381961243.15105784,400060960.46640736,558561790.4900901,578012620.446334,-176600547.3390323,-177951659.97992665,4348861225.88959,6650455579.11073,-2301594353.221141
HUN,201910,379418188.8984275,595835646.7964193,-216417457.89799178,405600670.8457275,401372405.1485266,598920384.4308563,584280136.0793964,-193319713.58512884,-182907730.93086976,4417665339.155156,6684411523.17095,-2266746184.015793
HUN,201911,399750680.1360355,618955571.7514876,-219204891.6154521,384087941.5088268,390549951.83520406,561821909.2293026,573101361.3834164,-177733967.72047585,-182551409.54821235,4428711317.745978,6705358110.859998,-2276646793.1140203
HUN,201912,404437497.27857524,544046432.6443424,-139608935.36576718,345852758.3512472,378513790.23526716,559789912.2467569,573510735.3023053,-213937153.89550972,-194996945.06703818,4422998648.085143,6783361278.37851,-2360362630.2933674
HUN,202001,299109638.68127507,584787764.5649418,-285678125.8836667,367939446.84366864,365960048.90124756,548921399.935762,556844407.1372739,-180981953.0920934,-190884358.23602635,4440363155.629372,6792677193.868531,-2352314038.239159
HUN,202002,340174216.72375673,528365183.095346,-188190966.37158924,374363220.16876066,362718475.12122554,557165032.8049408,555292114.9958199,-182801812.63618016,-192573639.8745944,4486249136.095186,6795267138.528723,-2309018002.4335365
HUN,202003,420092630.91971517,661866339.5863143,-241773708.66659915,348791255.3528472,363697974.1217589,653852077.8763442,586646170.2056823,-305060822.523497,-222948196.0839234,4483305064.816315,6913697999.809449,-2430392934.993135
HUN,202004,322803677.3339022,539534912.354278,-216731235.0203758,363512178.0899939,362222217.87053394,558334448.2743716,589783852.9852189,-194822270.18437773,-227561635.11468494,4521091660.23342,6918032613.4081135,-2396940953.1746926
HUN,202005,337467154.71480197,456367274.7872709,-118900120.07246894,341123062.31408334,351142165.2523082,465360569.5587891,559182365.2365017,-124237507.24470574,-208040199.9841935,4502742773.0640545,6782168846.060636,-2279426072.9965816
HUN,202006,415616867.41691995,522457141.0824794,-106840273.66555947,359112316.53582597,354582518.9799678,550908783.4694833,524867933.7675479,-191796466.9336573,-170285414.78758013,4513172255.1431,6791642112.85001,-2278469857.7069106
HUN,202007,298123085.84382665,551467411.1331829,-253344325.28935623,325462954.8915881,341899444.5804991,557950283.2146128,524739878.7476284,-232487328.32302475,-182840434.16712928,4452679162.0798645,6778806619.493055,-2326127457.41319
HUN,202008,313551842.794515,530047845.72339463,-216496002.92887962,359717782.02594066,348097684.4844516,532576164.13936096,547145076.9411523,-172858382.1134203,-199047392.45670074,4390551594.4482,6719774162.867554,-2329222568.4193525
HUN,202009,427638266.6056425,593474202.8955185,-165835936.28987604,346403170.64273906,343861302.52008927,566415070.0837814,552313839.1459184,-220011899.4410423,-208452536.6258291,4358183747.347394,6727205726.414976,-2369021979.067582
HUN,202010,351086922.26913863,576313549.5445464,-225226627.27540773,378881041.9950671,361667331.5545823,585806342.4870436,561599192.2367285,-206925300.4919765,-199931860.68214625,4329852480.718104,6707683629.163103,-2377831148.444998
HUN,202011,375745250.1501297,674047310.3001063,-298302060.1499766,371816174.0594987,365700128.8991017,610838636.7608477,587686683.1105576,-239022462.70134896,-221986554.21145588,4305847050.732199,6762775367.711721,-2456928316.9795227
HUN,202012,416095711.96165884,581485632.7284606,-165389920.7668017,362782653.5453738,371159956.5333132,604693077.028364,600446018.7587517,-241910423.48299015,-229286062.22543854,4317505265.415282,6800214567.79584,-2482709302.380557
HUN,202101,385147055.636096,687067293.870866,-301920238.23476994,473853616.3278825,402817481.31091833,641203691.0151498,618911801.6014538,-167350074.6872673,-216094320.29053545,4403542682.370103,6902494097.101764,-2498951414.7316604
HUN,202102,399011857.3712207,604953199.8379507,-205941342.46673,440208572.4013154,425614947.4248572,634499888.2017984,626798885.415104,-194291315.80048305,-201183937.99024683,4462380323.017568,6979082113.844369,-2516701790.8268013
HUN,202103,487341008.25208473,626956214.467828,-139615206.2157433,391411935.40532017,435158041.3781727,606315994.4700813,627339857.8956765,-214904059.06476116,-192181816.5175038,4529628700.3499365,6944171988.725883,-2414543288.375945
HUN,202104,358093812.6458061,634845618.7916263,-276751806.14582026,394300731.60358083,408640413.1367388,667465039.8056846,636093640.8258548,-273164308.20210373,-227453227.689116,4564918835.66184,7039482695.163231,-2474563859.50139
HUN,202105,393576359.6464091,610095673.7863204,-216519314.13991135,393503156.5347933,393071941.18123144,618028543.319884,630603192.5318834,-224525386.78509063,-237531251.35065192,4621028040.593448,7193211094.16228,-2572183053.5688324
HUN,202106,418795403.47829294,747350559.6820842,-328555156.20379126,355110638.1582356,380971508.7655366,769521895.370576,685005159.4987148,-414411257.2123404,-304033650.7331782,4624206576.654821,7418104512.761885,-2793897936.107064
HUN,202107,382176529.23894894,646775648.7939106,-264599119.55496168,417877571.46773374,388830455.3869209,659775179.0578907,682441872.5827836,-241897607.5901569,-293611417.19586265,4708260020.049943,7513412750.422613,-2805152730.372669
HUN,202108,314627475.7745014,631955314.1530746,-317327838.37857324,364945372.79775745,379311194.14124227,643429341.6763166,690908805.3682611,-278483968.8785592,-311597611.22701883,4709335653.029929,7615320218.852292,-2905984565.8223634
HUN,202109,494707455.65885574,708464511.134676,-213757055.47582024,397166400.80754066,393329781.69101065,672968141.2734324,658724220.6692132,-275801740.4658917,-265394438.97820252,4776404842.083143,7730310527.09145,-2953905685.008307
HUN,202110,329967970.2383426,598934924.9772842,-268966954.7389416,367806203.881255,376639325.82885104,622461930.719548,646286471.2230991,-254655726.83829302,-269647145.39424807,4755285890.052347,7752931902.524188,-2997646012.4718413
HUN,202111,376438660.50520825,682866284.3265713,-306427623.8213631,387713815.0000691,384228806.5629549,639502844.468868,644977638.8206161,-251789029.46879894,-260748832.25766122,4755979300.407425,7761750876.5506525,-3005771576.1432276
HUN,202112,482464511.61846745,581961891.3726866,-99497379.75421917,422690223.9345552,392736747.6052931,599268399.9660538,620411058.3848233,-176578176.03149867,-227674310.77953023,4822348100.064234,7762227135.194879,-2939879035.1306453
HUN,202201,327101074.8382503,571189399.1215116,-244088324.2832613,401033359.9469659,403812466.29386336,530524640.87090135,589765295.101941,-129491280.92393547,-185952828.80807763,4764302119.266388,7646349240.445524,-2882047121.1791368
HUN,202202,366664444.1810746,584755668.4603542,-218091224.2792796,408381304.0336631,410701629.30506134,610076377.1054178,579956472.6474576,-201695073.07175475,-169254843.34239626,4731954706.076242,7626151709.067928,-2894197002.991686
HUN,202203,534062991.1262382,672393406.0373216,-138330414.91108334,409563609.64989936,406326091.21017617,614868335.0200382,585156450.9987859,-205304725.37013888,-178830359.78860968,4778676688.950396,7671588900.637422,-2892912211.6870265
HUN,202204,403774537.81442946,569388571.8105497,-165614033.99612027,439531900.6941302,419158938.1258976,611959436.8896805,612301383.0050455,-172427536.19555032,-193142444.87914795,4824357414.119019,7606131853.656344,-2781774439.537326
HUN,202205,466401524.19550556,595150238.1708864,-128748713.97538084,466737521.06062245,438611010.4682174,612237695.1266252,613021822.345448,-145500174.06600273,-174410811.87723064,4897182578.668115,7591186418.040912,-2694003839.3727956
HUN,202206,610587581.2587359,617637944.778815,-7050363.520079136,512132335.640122,472800585.7982915,613067352.5948644,612421494.87039,-100935016.95474237,-139620909.07209855,5088974756.448559,7461473803.137642,-2372499046.6890836
HUN,202207,415132038.95569927,579079922.144369,-163947883.18866974,453476511.3549207,477448789.35188836,593595604.5490282,606300217.4235059,-140119093.19410747,-128851428.07161754,5121930266.165309,7393778076.4881,-2271847810.3227916
HUN,202208,535466677.0827025,578600136.7351005,-43133459.65239799,610367841.1800735,525325562.7250387,587222539.4380882,597961832.1939936,23145301.74198532,-72636269.46895486,5342769467.47351,7340422899.070127,-1997653431.5966163
HUN,202209,636705366.9790024,612862428.1221182,23842938.856884122,511123301.9895608,524989218.17485166,583358820.9831933,588058988.3234366,-72235518.9936325,-63069770.14858496,5484767378.793656,7244820816.057569,-1760053437.2639122
HUN,202210,426292081.2770264,543185791.3685158,-116893710.09148943,477462846.21085817,532984663.1268308,566201720.2917335,578927693.571005,-88738874.08087534,-45943030.44417417,5581091489.83234,7189071682.4488,-1607980192.6164598
HUN,202211,441380551.2218452,736387951.5956277,-295007400.37378246,449921413.08205104,479502520.42749,723537770.2320589,624366103.8356619,-273616357.15000784,-144863583.4081719,5646033380.548977,7242593349.717856,-1596559969.168879
HUN,202212,610981203.3555167,612931493.4630419,-1950290.1075252295,555350945.2076714,494245068.16686016,624917992.2280835,638219160.917292,-69567047.02041209,-143974092.75043184,5774550072.286026,7273562951.808212,-1499012879.5221853
HUN,202301,438194957.8220618,625493341.4410845,-187298383.61902273,535502646.95807844,513591668.4159336,585027241.3505877,644494334.6035768,-49524594.39250928,-130902666.18764317,5885643955.269838,7327866894.127785,-1442222938.8579466
HUN,202302,430161797.10772026,564555563.8588945,-134393766.7511742,486983015.8074059,525945535.9910519,588912624.8731898,599619286.1506203,-101929609.06578392,-73673750.15956843,5949141308.196484,7307666789.526324,-1358525481.3298411
HUN,202303,738929651.4679502,694886293.3550042,44043358.11294603,561503576.0740432,527996412.9465092,587223478.255126,587054448.1596345,-25719902.181082845,-59058035.21312529,6154007968.538196,7330159676.8440075,-1176151708.305812
HUN,202304,482152667.7755661,522227871.4797137,-40075203.70414758,520493780.56775403,522993457.4830677,593566271.484567,589900791.5376276,-73072490.91681302,-66907334.05455989,6232386098.499332,7282998976.513172,-1050612878.0138392
HUN,202305,517744692.8077601,540541492.5248723,-22796799.717112184,544656717.3318429,542218024.65788,559473569.7907188,580087773.176804,-14816852.458875895,-37869748.518924,6283729267.111588,7228390230.867157,-944660963.7555704
HUN,202306,654513039.1164465,638253091.6155971,16259947.500849366,566536169.7267767,543895555.8754579,640785357.854917,597941733.0434009,-74249188.12814033,-54046177.167943,6327654724.969297,7249005377.703939,-921350652.734642
HUN,202307,485030380.2317697,573094440.941852,-88064060.7100823,536673686.5090227,549288857.8558807,608331998.5425781,602863642.062738,-71658312.03355539,-53574784.206857204,6397553066.245368,7243019896.501423,-845466830.2560546
HUN,202308,499617209.4307577,610860234.426318,-111243024.99556035,557708305.1538551,553639387.1298848,627423932.6449064,625513763.0141338,-69715627.49105132,-71874375.88424897,6361703598.593423,7275279994.19264,-913576395.5992169
HUN,202309,624808268.5901597,676231913.1863656,-51423644.59620595,482958236.7332968,525780076.1320582,683032171.1081462,639596034.0985435,-200073934.37484938,-113815957.96648532,6349806500.20458,7338649479.256887,-988842979.052307
HUN,202310,477885648.85316586,614164039.034299,-136278390.18113315,501862538.3645948,514176360.08391553,649264459.0194329,653240187.5908285,-147401920.6548381,-139063827.506913,6401400067.78072,7409627726.92267,-1008227659.1419507
HUN,202311,605945816.819856,600895078.109447,5050738.710409045,620520319.7545303,535113698.28414065,632819619.0938853,655038749.7404882,-12299299.339354992,-119925051.45634753,6565965333.378731,7274134853.43649,-708169520.0577592
HUN,202312,552788524.4014874,610503315.9646246,-57714791.56313729,531494156.81313527,551292338.3107535,659553534.3112296,647212537.4748492,-128059377.49809432,-95920199.16409576,6507772654.424702,7271706675.938072,-763934021.5133712
HUN,202401,447907433.2114843,604816878.3347296,-156909445.12324524,546409922.7641971,566141466.4439543,508112943.59560144,600162032.333572,38296979.16859567,-34020565.88961768,6517485129.814124,7251030212.8317175,-733545083.0175939
HUN,202402,523550566.3636973,569975430.6964331,-46424864.33273578,551720445.4101863,543208174.9958396,529693722.579152,565786733.4953276,22026722.831034303,-22578558.499487996,6610873899.070101,7256450079.669256,-645576180.5991554
HUN,202403,603879756.0634573,642361035.1489818,-38481279.08552456,470647637.5883266,522926001.9209034,528480356.5833446,522095674.2526994,-57832718.995018005,830327.6682040095,6475824003.665607,7203924821.463234,-728100817.797626
HUN,202404,518438600.76243395,627198831.6804775,-108760230.91804355,540185134.0245395,520851072.3410174,551662627.130607,536612235.43103456,-11477493.106067538,-15761163.09001714,6512109936.652475,7308895781.663998,-796785845.011522
HUN,202405,556026928.3009086,654804581.6041775,-98777653.30326891,625322659.240396,545385143.617754,704532620.9662023,594891868.226718,-79209961.72580624,-49506724.60896397,6550392172.145624,7423158870.743303,-872766698.5976787
HUN,202406,694222547.3141009,648681540.2845703,45541007.029530525,629495356.0036397,598334383.0895251,690294508.948895,648829919.0152348,-60799152.94525528,-50495535.925709724,6590101680.343278,7433587319.412276,-843485639.0689976
HUN,202407,569740437.1958339,662168056.3626258,-92427619.16679192,644297401.5008688,633038472.2483015,748851050.54075,714559393.4852824,-104553649.03988123,-81520921.23698092,6674811737.307343,7522660934.83305,-847849197.5257072
HUN,202408,607741259.2020634,652303917.9309932,-44562658.72892976,667744873.6395301,647179210.3813462,691190579.3644736,710112046.2847061,-23445705.72494352,-62932835.90335989,6782935787.078649,7564104618.337725,-781168831.2590766
HUN,202409,818179322.7687874,622710867.5955445,195468455.17324293,609289890.534074,640444055.2248243,674583848.2488506,704875159.3846914,-65293957.714776635,-64431104.15986705,6976306841.257277,7510583572.746904,-534276731.48962766
HUN,202410,728573018.025097,661471945.6295083,67101072.395588756,717428458.4796242,664821074.2177428,713858536.9689126,693210988.1940789,3569921.5107115507,-28389913.97633612,7226994210.429207,7557891479.3421135,-330897268.91290575
HUN,202411,732730468.4403538,540361812.060189,192368656.38016474,755342866.4725392,694020405.1620791,613073356.3030331,667171913.8402654,142269510.16950607,26848491.321813703,7353778862.0497055,7497358213.292855,-143579351.24315006
HUN,202412,648773746.9881084,532368536.9699272,116405210.0181812,658652583.7876072,710474636.2465901,608029204.2798218,644987032.5172558,50623379.50778544,65487603.729334354,7449764084.636326,7419223434.298158,30540650.338168442
HUN,202501,826804436.361673,556693365.6847227,270111070.67695034,1008651869.2719437,807549106.5106968,434915181.4424506,552005914.0084351,573736687.829493,255543192.50226164,7828661087.786515,7371099921.648151,457561166.138364
HUN,202502,643661156.2542096,560906392.0716151,82754764.18259454,629641535.341554,765648662.8003683,485344959.8941083,509429781.8721269,144296575.44744575,256218880.92824143,7948771677.677027,7362030883.023334,586740794.6536944
HUN,202503,1037282705.2745436,661794792.4629651,375487912.8115785,826528440.0655686,821607281.5596887,520329031.7111868,480196391.0159152,306199408.35438174,341410890.5437735,8382174626.888114,7381464640.3373165,1000709986.5507975
HUN,202504,855310091.8887954,581073898.8230529,274236193.0657425,859796470.3550688,771988815.254064,441459367.63010335,482377786.4117995,418337102.72496545,289611028.8422645,8719046118.014475,7335339707.479892,1383706410.5345836
HUN,202505,691751215.9911798,702849690.1036603,-11098474.112480521,836096856.2584647,840807255.5597006,775535028.2716029,579107809.2042977,60561827.986861825,261699446.35540295,8854770405.704746,7383384815.979374,1471385589.7253718
HUN,202506,907349654.9729925,694623432.8281993,212726222.14479327,870225948.5171506,855373091.7102281,780912884.9543736,665969093.6186932,89313063.56277704,189403998.09153485,9067897513.363638,7429326708.523004,1638570804.8406346
HUN,202507,826425689.996825,669576181.7160784,156849508.28074658,954996346.619218,887106383.7982779,797496348.3578676,784648087.1946148,157499998.2613504,102458296.60366309,9324582766.164629,7436734833.876455,1887847932.2881732
HUN,202508,901026130.1609938,631516596.103163,269509534.0578308,977063471.3670453,934095255.5011379,684037680.6410861,754148971.3177757,293025790.7259592,179946284.18336213,9617867637.12356,7415947512.048626,2201920125.0749335
HUN,202509,1617445494.5047765,756217867.6119893,861227626.8927872,1158686762.2097166,1030248860.0653267,873824386.3921195,785119471.7970244,284862375.81759703,245129388.26830232,10417133808.859547,7549454512.06507,2867679296.794478
HUN,202510,1218559040.5841014,815169968.862578,403389071.7215234,1116592996.5181856,1084114410.0316494,890712295.6892086,816191454.2408047,225880700.828977,267922955.79084468,10907119831.418552,7703152535.298141,3203967296.1204123
HUN,202511,1035961214.3594949,765748149.1808031,270213065.17869186,1074981476.0358715,1116753744.921258,929085965.7059593,897874215.9290957,145895510.3299122,218879528.99216223,11210350577.337694,7928538872.418754,3281811704.9189396
HUN,202512,1201711358.6098225,774932955.1446798,426778403.4651427,1289792261.185613,1160455577.9132235,934304699.3790448,918034320.258071,355487561.80656815,242421257.65515256,11763288188.959408,8171103290.593507,3592184898.365901
HUN,202601,1048972043.0491854,1373493746.1160843,-324521703.06689894,1279365864.3771365,1214713200.5328739,988065552.6778189,950485405.920941,291300311.6993176,264227794.61193287,11985455795.646921,8987903671.024868,2997552124.622052
HUN,202602,1517730442.6304772,1274436882.5343895,243293560.0960877,1369919204.6177201,1313025776.726823,1021443534.1860006,981271262.0809549,348475670.43171954,331754514.6458682,12859525082.023188,9701434161.487642,3158090920.5355453
HUN,202603,1687902191.2505665,1388439215.1813293,299462976.06923723,1378444468.7551618,1342576512.5833397,1041189745.9671335,1016899610.9436508,337254722.78802824,325676901.63968885,13510144567.99921,10428078584.206007,3082065983.7932043
HUN,202604,1556229028.9935973,1691256564.095631,-135027535.10203362,1501070323.634448,1416477999.0024433,1102693397.2067192,1055108892.4532844,398376926.4277289,361369106.54915893,14211063505.104012,11538261249.478584,2672802255.625428
IDN,201701,76704312.51374565,294666785.7242533,-217962473.21050763,81994679.00056484,,293321468.25838774,,-211326789.2578229,,,,
IDN,201702,78123865.85711634,254092274.6052197,-175968408.74810335,85451052.89235301,,287959314.8424958,,-202508261.9501428,,,,
IDN,201703,88546254.14018366,287779890.786379,-199233636.64619532,86795651.53162704,84747127.80818163,291676934.9274594,290985906.00944763,-204881283.39583236,-206238778.201266,,,
IDN,201704,80827810.96239068,363678530.1427535,-282850719.1803628,85860400.05864042,86035701.49420683,335444732.81368667,305026994.19454724,-249584332.75504625,-218991292.7003404,,,
IDN,201705,94697597.60052197,287883733.9536458,-193186136.35312384,89613732.1453374,87423261.24520163,298654636.4494926,308592101.3968796,-209040904.30415517,-221168840.15167797,,,
IDN,201706,83806076.47907504,273002116.7392486,-189196040.26017353,94175645.20541672,89883259.13646485,311873433.9348905,315324267.7326899,-217697788.72947377,-225441008.59622508,,,
IDN,201707,93517101.13353425,330332928.2586204,-236815827.12508613,90333866.11723225,91374414.48932879,327439268.4066168,312655779.59699994,-237105402.28938454,-221281365.10767114,,,
IDN,201708,95791765.52278982,333031247.7173845,-237239482.19459468,92631137.83542219,92380216.38602372,330784366.8523107,323365689.73127264,-238153229.01688853,-230985473.34524894,,,
IDN,201709,105916276.95965564,357731854.2217839,-251815577.26212823,101995118.20034237,94986707.38433225,344643228.8683625,334288954.70909667,-242648110.66802013,-239302247.32476443,,,
IDN,201710,111471566.02435452,342616510.1111496,-231144944.0867951,100346860.76997194,98324372.26857883,340660349.0383292,338695981.5863341,-240313488.26835725,-240371609.31775528,,,
IDN,201711,108208697.90201299,423325764.8787017,-315117066.9766887,101239713.08066604,101193897.35032678,363909234.006468,349737603.9710532,-262669520.92580196,-248543706.6207264,,,
IDN,201712,90453272.35909684,377515252.47563696,-287061980.11654013,96177736.37453456,99254770.0750575,383160612.84222907,362576731.9623421,-286982876.4676945,-263321961.88728458,1108064597.4544773,3925656889.614777,-2817592292.1602993
IDN,201801,98361711.31059659,375741987.70793587,-277380276.3973393,102655161.02937736,100024203.49485932,372974835.04121983,373348227.29663897,-270319674.0118425,-273324023.8017796,1129721996.2513282,4006732091.5984597,-2877010095.3471313
IDN,201802,100661037.85643417,341076406.3396659,-240415368.48323172,109406530.02158864,102746475.80850019,379061000.3411438,378398816.0748642,-269654470.31955516,-275652340.26636404,1152259168.250646,4093716223.332906,-2941457055.0822597
IDN,201803,106836412.7253819,395405905.049978,-288569492.3245961,102051950.29901792,104704547.11666131,390325472.47183853,380787102.61806744,-288273522.1728206,-276082555.50140613,1170549326.8358443,4201342237.5965047,-3030792910.76066
IDN,201804,98152315.86921044,372694691.20617354,-274542375.3369631,100972103.4111534,104143527.91058666,354981092.0861258,374789188.2997027,-254008988.6749724,-270645660.38911605,1187873831.742664,4210358398.6599245,-3022484566.9172606
IDN,201805,103654301.64690979,403533159.4053166,-299878857.7584068,99817155.66659753,100947069.79225628,410012974.3234526,385106512.9604723,-310195818.65685505,-284159443.168216,1196830535.7890518,4326007824.111595,-3129177288.3225436
IDN,201806,88886257.83184311,369007632.6607947,-280121374.8289516,97757995.12245992,99515751.4000703,410542134.8216377,391845400.41040534,-312784139.69917774,-292329649.010335,1201910717.14182,4422013340.033141,-3220102622.8913217
IDN,201807,101742378.48133083,381780574.204435,-280038195.7231042,98859503.56531873,98811551.45145874,383674450.35005033,401409853.1650469,-284814946.7847316,-302598301.7135881,1210135994.4896166,4473460985.978956,-3263324991.48934
IDN,201808,101403110.33849251,382087885.89809424,-280684775.5596017,101227629.90687016,99281709.53154962,385924438.9775494,393380341.3830791,-284696809.0706792,-294098631.8515295,1215747339.3053193,4522517624.159666,-3306770284.8543468
IDN,201809,90336403.30235988,402753055.74865305,-312416652.4462932,89635439.6550744,96574191.0424211,391267239.6537508,386955376.3271168,-301631799.99867636,-290381185.2846957,1200167465.6480236,4567538825.686535,-3367371360.0385118
IDN,201810,97394421.97037074,406882154.8891237,-309487732.9187529,90644034.61949837,93835701.39381431,400194518.43034357,392462065.68721455,-309550483.8108452,-298626364.2934002,1186090321.59404,4631804470.464509,-3445714148.8704696
IDN,201811,93776749.09851651,426222402.35541844,-332445653.2569019,89695732.59800643,89991735.62419307,384833311.70095444,392098356.5950163,-295137579.102948,-302106620.9708232,1171658372.7905433,4634701107.941226,-3463042735.1506824
IDN,201812,92093359.996471,363869036.51398486,-271775676.5175139,94485080.76470143,91608282.66073541,363463262.6153776,382830364.24889183,-268978181.8506762,-291222081.5881564,1173298460.4279175,4621054891.979573,-3447756431.5516567
IDN,201901,95338330.01003541,359468327.3215051,-264129997.31146973,97507765.17027655,93896192.84432812,356066980.8005057,368121185.0389459,-258559215.63022915,-274224992.1946178,1170275079.1273563,4604781231.593143,-3434506152.465787
IDN,201902,81579775.24531643,380624046.08205914,-299044270.8367427,88032065.7109847,93341637.21532089,415624286.0452122,378384843.1536985,-327592220.3342275,-285043205.9383776,1151193816.5162387,4644328871.335536,-3493135054.819298
IDN,201903,93576134.28741305,415109813.802791,-321533679.51537794,87388465.19460997,90976098.69195707,400221685.81192124,390637650.8858797,-312833220.61731124,-299661552.19392264,1137933538.0782697,4664032780.088349,-3526099242.01008
IDN,201904,93584513.70727968,388431424.76715523,-294846911.05987555,93812785.32667884,89744438.74409117,380132620.0023534,398659530.61982894,-286319834.67567456,-308915091.8757378,1133365735.916339,4679769513.649331,-3546403777.732992
IDN,201905,102827011.82796896,392094181.07066923,-289267169.2427003,100840915.94651534,94014055.48926806,391781285.9198068,390711863.91136044,-290940369.97329146,-296697808.4220924,1132538446.097398,4668330535.314684,-3535792089.2172856
IDN,201906,78048973.58893147,352879137.77431977,-274830164.1853883,83757318.81747797,92803673.36355738,381770536.3260734,384561480.7494113,-298013217.50859547,-291757807.3858539,1121701161.8544865,4652202040.428209,-3530500878.5737224
IDN,201907,95660752.55461358,391603390.2415542,-295942637.6869406,93737995.3759748,92778743.37998939,398735372.5977931,390762398.2812244,-304997377.2218183,-297983654.90123504,1115619535.9277692,4662024856.465328,-3546405320.5375586
IDN,201908,80877640.5959001,398542262.9240047,-317664622.32810456,83094183.97539805,86863166.05628361,409378163.44028276,396628024.12138313,-326283979.4648847,-309764858.06509954,1095094066.1851768,4678479233.491239,-3583385167.3060617
IDN,201909,81383836.55518071,372573511.24252146,-291189674.68734074,82002986.9852777,86278388.77888352,364356069.2772257,390823201.77176714,-282353082.29194796,-304544812.9928836,1086141499.4379976,4648299688.985106,-3562158189.547109
IDN,201910,69712952.37373196,385255560.81562567,-315542608.4418937,67002045.65536895,77366405.53868157,375914159.100235,383216130.6059144,-308912113.44486606,-305849725.06723285,1058460029.8413588,4626673094.911609,-3568213065.07025
IDN,201911,69862888.65957886,393736829.0137502,-323873940.35417134,68283247.14756645,72429426.59607102,371484489.0234912,370584905.8003173,-303201241.87592477,-298155479.2042463,1034546169.4024212,4594187521.569941,-3559641352.167519
IDN,201912,82689941.94819649,366021494.3700218,-283331552.42182535,82112362.95060599,72465885.25118046,359796839.86310494,369065162.66227704,-277684476.91249895,-296599277.4110966,1025142751.3541467,4596339979.425978,-3571197228.0718307
IDN,202001,77395746.9866495,418837424.4140108,-341441677.4273613,77852771.83385873,76082793.97734372,415987912.39217603,382423080.4262574,-338135140.5583173,-306340286.44891363,1007200168.3307607,4655709076.518483,-3648508908.187722
IDN,202002,71332109.51549923,322348366.66049784,-251016257.1449986,76798150.01517002,78921094.93321158,346474978.5856715,374086576.9469841,-269676828.57050145,-295165482.01377255,996952502.6009436,4597433397.096922,-3600480894.4959784
IDN,202003,88253543.76174411,383350355.84643376,-295096812.0846896,81082232.5041845,78577718.11773776,363107845.70410025,375190245.5606492,-282025613.19991577,-296612527.44291145,991629912.0752747,4565673939.140565,-3574044027.06529
IDN,202004,78843885.4596882,347368426.8022739,-268524541.34258574,77464498.60116161,78448293.70683871,345269119.72333324,351617314.671035,-267804621.12217164,-273169020.96419626,976889283.8276832,4524610941.175684,-3547721657.348
IDN,202005,73053580.51783805,282453355.78421175,-209399775.2663737,72963471.35564475,77170067.48699695,279454836.48346186,329277267.3036318,-206491365.1278171,-252107199.81663483,947115852.5175523,4414970115.889226,-3467854263.3716736
IDN,202006,68049548.44476192,338420799.292842,-270371250.84808004,71075815.73128106,73834595.22936247,357793386.95905393,327505781.055283,-286717571.2277729,-253671185.82592052,937116427.3733827,4400511777.407748,-3463395350.034365
IDN,202007,72904249.70667404,356817760.97465855,-283913511.2679845,72004687.10686505,72014658.06459695,366717719.44117576,334655314.29456383,-294713032.3343107,-262640656.22996688,914359924.5254432,4365726148.140852,-3451366223.615409
IDN,202008,67543259.8433377,345065839.90413713,-277522580.0607994,71154767.52587205,71411756.78800605,359602360.65108305,361371155.6837709,-288447593.125211,-289959398.8957648,901025543.7728808,4312249725.120985,-3411224181.348104
IDN,202009,65083583.490013845,411815934.9125551,-346732351.42254126,64714289.38335056,69291248.00536256,405059386.5077911,377126488.8666833,-340345097.12444055,-307835240.86132073,884725290.707714,4351492148.7910185,-3466766858.0833044
IDN,202010,72086363.23995432,318558253.7091615,-246471890.4692072,71555506.48271285,69141521.13064514,310616381.27289957,358426042.8105912,-239060874.7901867,-289284521.67994606,887098701.5739362,4284794841.6845546,-3397696140.110618
IDN,202011,73111014.92868596,366510900.5179145,-293399885.5892285,73025460.16132434,69765085.34246258,360102976.53341806,358592914.77136964,-287077516.37209374,-288827829.42890704,890346827.8430433,4257568913.1887183,-3367222085.3456755
IDN,202012,77782047.67280135,468720828.3999268,-390938780.7271254,75022470.09121841,73201145.57841854,450879418.774598,373866258.86030525,-375856948.6833796,-300665113.2818867,885438933.5676483,4360268247.218624,-3474829313.650975
IDN,202101,73149395.37415896,434629268.9785069,-361479873.60434794,73832753.99130699,73960228.08128326,427002108.22178197,412661501.1765993,-353169354.23047495,-338701273.09531605,881192581.9551578,4376060091.78312,-3494867509.827962
IDN,202102,72613689.66472052,433491522.8959678,-360877833.23124725,77115536.47908261,75323586.85386933,463344518.3223527,447075348.4395776,-386228981.84327006,-371751761.58570826,882474162.1043789,4487203248.01859,-3604729085.9142103
IDN,202103,85741691.7851845,505198556.942982,-419456865.1577975,79156201.28833818,76701497.25290926,483777991.55389994,458041539.36601156,-404621790.26556176,-381340042.1131023,879962310.1278193,4609051449.115138,-3729089138.987318
IDN,202104,79806298.51132728,508716782.63063216,-428910484.1193049,80211958.70302294,78827898.82348125,491412812.21501577,479511774.03042275,-411200853.5119928,-400683875.2069415,880924723.1794585,4770399804.943497,-3889475081.7640376
IDN,202105,79258107.33972427,496844020.2063873,-417585912.866663,79658073.50153516,79675411.16429877,504057172.09914035,493082658.6226854,-424399098.59760517,-413407247.4583866,887129250.0013447,4984790469.365671,-4097661219.364327
IDN,202106,86600293.0717595,518237052.14282286,-431636759.07106334,86100042.48184292,81990024.89546701,538910243.6385069,511460075.984221,-452810201.15666395,-429470051.08875394,905679994.6283423,5164606722.215652,-4258926727.5873103
IDN,202107,80635597.20259087,483621906.17895705,-402986308.97636616,81230535.09100683,82329550.35812831,490500134.92027754,511155850.2193083,-409269599.8292707,-428826299.86118,913411342.1242591,5291410867.419951,-4377999525.2956915
IDN,202108,102569724.82173789,504297307.8117796,-401727582.99004173,108158940.45894971,91829839.34393315,535635751.31796366,521682043.2922494,-427476810.8590139,-429852203.9483162,948437807.1026592,5450642335.327594,-4502204528.224934
IDN,202109,109396876.32268487,546991300.9318202,-437594424.60913527,106356663.4407303,98582046.33022894,532976196.42104816,519704027.5530965,-426619532.98031783,-421121981.22286755,992751099.9353303,5585817701.346859,-4593066601.411529
IDN,202110,96107522.49535087,612804717.3231066,-516697194.8277558,96732390.40899634,103749331.43622546,614671081.5430554,561094343.0940224,-517938691.1340591,-457345011.6577969,1016772259.1907268,5880064164.960804,-4863291905.770077
IDN,202111,98608017.08293967,624678264.0466732,-526070246.9637335,100514348.53547388,101201134.12840016,622197578.4471972,589948285.4704336,-521683229.9117233,-488747151.34203345,1042269261.3449806,6138231528.489562,-5095962267.144582
IDN,202112,95609232.78241648,634244973.3459661,-538635740.5635496,91739306.16598167,96328681.70348398,604045093.7963281,613637917.9288602,-512305787.6303464,-517309236.2253762,1060096446.4545957,6303755673.435602,-5243659226.981006
IDN,202201,93005792.88232765,617239553.484277,-524233760.60194933,94886068.17431764,95713240.95859106,601530551.753801,609257741.332442,-506644483.57948333,-513544500.373851,1079952843.9627643,6486365957.941372,-5406413113.978607
IDN,202202,90534905.4554712,595050561.7419771,-504515656.2865059,95600714.00717458,94075362.78249131,613656324.4239724,606410656.6580337,-518055610.41679776,-512335293.8755424,1097874059.753515,6647924996.787381,-5550050937.033866
IDN,202203,99619256.32339063,672402868.2100071,-572783611.8866165,94188886.3221622,94891889.50121814,648621802.3218793,621269559.4998842,-554432915.9997171,-526377669.9986661,1111751624.2917213,6815129308.054406,-5703377683.762686
IDN,202204,90332720.9581598,754018280.4760227,-663685559.5178629,93958601.22484715,94582733.85139464,716666797.8938583,659648308.2132367,-622708196.6690111,-565065574.361842,1122278046.7385538,7060430805.899797,-5938152759.161243
IDN,202205,98326991.7936824,694149942.3186582,-595822950.5249758,95004768.1028658,94384085.21662505,728937506.2456472,698075368.8204616,-633932738.1427814,-603691283.6038365,1141346931.1925118,7257736728.012068,-6116389796.819556
IDN,202206,105621504.7086536,718104832.7426202,-612483328.0339667,98922759.54014923,95962042.95595406,732584688.7503653,726062997.6299568,-633661929.210216,-630100954.6740028,1160368142.8294058,7457604508.611865,-6297236365.782459
IDN,202207,104372341.20117989,830063450.2072448,-725691109.0060649,104735160.2603584,99554229.30112447,815492112.6350185,759004769.2103437,-710756952.37466,-659450539.9092193,1184104886.8279948,7804046052.640153,-6619941165.812158
IDN,202208,101546237.37489088,799245045.3306675,-697698807.9557766,106600688.4537371,103419536.08474822,867589008.1058922,805221936.4970919,-760988319.652155,-701802400.4123436,1183081399.3811479,8098993790.15904,-6915912390.777893
IDN,202209,117273845.14505687,896766671.9185191,-779492826.7734623,110527688.69387326,107287845.80265625,879241034.2041178,854107384.9816761,-768713345.5102445,-746819539.1790198,1190958368.2035198,8448769161.14574,-7257810792.94222
IDN,202210,100820802.84696949,730010726.2079594,-629189923.3609899,101483560.41927594,106203979.1889621,756295870.9576708,834375304.4225603,-654812310.5383949,-728171325.2335982,1195671648.5551386,8565975170.030592,-7370303521.475454
IDN,202211,106139114.82463343,789871292.6635553,-683732177.8389218,113669349.28689931,108560199.46668284,770273629.7512301,801936844.9710063,-656604280.4643308,-693376645.5043235,1203202746.2968323,8731168198.647474,-7527965452.350642
IDN,202212,119380183.9086382,936507000.1506155,-817126816.2419772,114148263.065621,109767057.59059875,926911826.5521584,817827109.0870198,-812763563.4865373,-708060051.4964211,1226973697.423054,9033430225.452124,-7806456528.02907
IDN,202301,127721945.49817646,942590493.1814761,-814868547.6832997,132832793.9358117,120216802.09611066,932518743.8695513,876568066.7243133,-799685949.9337397,-756351264.6282026,1261689850.038903,9358781165.149323,-8097091315.110419
IDN,202302,114612425.95071328,838271626.1078218,-723659200.1571085,125043793.15989104,124008283.38710791,812653686.9250733,890694752.4489275,-687609893.7651823,-766686469.0618196,1285767370.5341449,9602002229.515167,-8316234858.981023
IDN,202303,166873658.3299073,829224146.9948313,-662350488.664924,162373640.48285115,140083409.1928513,832927282.260896,859366571.0185069,-670553641.7780448,-719283161.8256556,1353021772.5406616,9758823508.299992,-8405801735.75933
IDN,202304,114895080.27784802,629697629.589039,-514802549.31119096,122354701.15899545,136590711.60057923,593949242.8303422,746510070.6721039,-471594541.6713467,-609919359.0715246,1377584131.86035,9634502857.413008,-8256918725.552658
IDN,202305,139867139.10956198,678293086.6498474,-538425947.5402853,128984668.99623996,137904336.8793622,711765483.1116276,712880669.4009553,-582780814.1153877,-574976332.5215931,1419124279.1762295,9618646001.744196,-8199521722.567968
IDN,202306,138575542.86107802,776330020.552594,-637754477.6915159,124789718.91507336,125376363.02343626,786667780.5793383,697460835.5071027,-661878061.6642649,-572084472.4836664,1452078317.3286538,9676871189.554173,-8224792872.225517
IDN,202307,184611892.47725183,793846740.533988,-609234848.0567362,177337895.1684721,143704094.3599285,762691928.2380724,753708397.3096794,-585354033.0696003,-610004302.9497509,1532317868.6047256,9640654479.880915,-8108336611.276189
IDN,202308,145486188.762578,661937704.9251008,-516451516.1625228,148516977.44544652,150214863.84299734,716243762.7842503,755201157.2005535,-567726785.3388038,-604986293.3575562,1576257819.9924128,9503347139.475348,-7927089319.482934
IDN,202309,127141593.39548498,720782862.6361125,-593641269.2406275,119976285.36407155,148610385.9926634,680491946.2250152,719809212.4157792,-560515660.8609436,-571198826.4231158,1586125568.2428408,9327363330.192942,-7741237761.9501
IDN,202310,125628090.59703515,698637881.9969019,-573009791.3998667,121918008.20507973,130137090.33819927,728386168.0662941,708373959.0251865,-606468159.8612144,-578236868.6869873,1610932855.9929066,9295990485.981882,-7685057629.9889765
IDN,202311,108395570.15663683,825213807.9744984,-716818237.8178616,125440316.5793388,122444870.0494967,803556805.6184016,737478306.6365703,-678116489.0390629,-615033436.5870737,1613189311.3249102,9331333001.292828,-7718143689.9679165
IDN,202312,98629720.89343652,709895504.5871468,-611265783.6937102,94447965.05597763,113935429.94679873,733653800.4273258,755198924.7040071,-639205835.3713483,-641263494.7572085,1592438848.3097084,9104721505.729359,-7512282657.419649
IDN,202401,115196406.48038834,792535644.3266599,-677339237.8462715,123691366.99605201,114526549.54378949,812521585.3528523,783244063.7995266,-688830218.3568003,-668717514.2557371,1579913309.2919202,8954666656.87454,-7374753347.582622
IDN,202402,111599393.73923461,635670099.2960175,-524070705.5567829,132089195.0883834,116742842.38013768,561947285.05575,702707556.9453094,-429858089.9673666,-585964714.5651717,1576900277.0804417,8752065130.062737,-7175164852.982295
IDN,202403,128713250.52840373,808236149.1416637,-679522898.6132599,128816169.88217336,128198910.65553625,895406970.0835885,756625280.1640636,-766590800.2014151,-628426369.5085273,1538739869.278938,8731077132.20957,-7192337262.930632
IDN,202404,113292576.77466446,822738588.2841332,-709446011.5094688,119029881.3991233,126645082.12322669,799629714.4304307,752327989.8565897,-680599833.0313073,-625682907.733363,1537137365.7757545,8924118090.904665,-7386980725.12891
IDN,202405,142602206.97328553,730643098.6718066,-588040891.698521,124907041.92929722,124251031.07019795,747571106.7775769,814202597.0971986,-622664064.8482797,-689951566.0270007,1539872433.639478,8976468102.926622,-7436595669.287145
IDN,202406,154273948.52527004,772862865.3202938,-618588916.7950237,134315525.29426333,126084149.54089463,773720610.2299432,773640477.1459836,-639405084.9356798,-647556327.605089,1555570839.30367,8973000947.694323,-7417430108.390653
IDN,202407,131311044.60736775,960396971.8215333,-829085927.2141656,120606190.47874345,126609585.900768,911610263.5834343,810967326.8636516,-791004073.1046909,-684357740.9628836,1502269991.433786,9139551178.981869,-7637281187.548082
IDN,202408,123258602.80957428,727729677.2786317,-604471074.4690574,121773793.16145742,125565169.6448214,781010637.0815519,822113836.9649764,-659236843.9200945,-696548667.320155,1480042405.4807823,9205343151.3354,-7725300745.854617
IDN,202409,133912969.1096905,873068550.4962032,-739155581.3865126,124305945.37894137,122228643.00638075,785138807.169859,825919902.6116152,-660832861.7909176,-703691259.6052344,1486813781.1949875,9357628839.19549,-7870815058.000502
IDN,202410,99026977.74019064,780836890.4026966,-681809912.662506,92634727.76357262,112904822.1013238,798794061.4533051,788314501.9015721,-706159333.6897326,-675409679.8002483,1460212668.3381433,9439827847.601284,-7979615179.263142
IDN,202411,103879724.7717175,941200877.1232128,-837321152.3514953,130911102.66877118,115950591.93709506,921183192.0888907,835038686.9040183,-790272089.4201195,-719088094.9669232,1455696822.953224,9555814916.749998,-8100118093.796775
IDN,202412,109637068.54868236,815546375.1882707,-705909306.6395884,104810016.54282321,109451948.99172235,878946302.4439363,866307851.9953774,-774136285.9011132,-756855903.0036551,1466704170.6084697,9661465787.351122,-8194761616.742653
IDN,202501,125182163.4172886,832379253.0220248,-707197089.6047361,139418595.5672304,125046571.5929416,883369092.9960295,894499529.1762854,-743950497.4287992,-769452957.5833437,1476689927.54537,9701309396.046488,-8224619468.501118
IDN,202502,105648553.17661832,783479821.744782,-677831268.5681636,135815917.02017578,126681509.71007647,635258053.6056265,799191149.6818641,-499442136.58545065,-672509639.9717877,1470739086.9827538,9849119118.495253,-8378380031.512499
IDN,202503,136461451.41284874,785503987.2924471,-649042535.8795984,140233875.78413686,138489462.79051435,957594948.7233636,825407365.1083399,-817361072.9392267,-686917902.3178256,1478487287.8671987,9826386956.646036,-8347899668.778837
IDN,202504,138790332.64342907,1113186032.4837077,-974395699.8402786,143498340.34125972,139849377.7151908,1124578607.9320135,905810536.7536678,-981080267.5907538,-765961159.0384771,1503985043.7359633,10116834400.84561,-8612849357.109646
IDN,202505,177556232.4225947,1255199263.2141266,-1077643030.7915318,147836613.97670546,143856276.70070067,1245705051.34166,1109292869.3323457,-1097868437.3649545,-965436592.6316451,1538939069.1852727,10641390565.38793,-9102451496.202658
IDN,202506,172011523.9347406,1103381785.0062158,-931370261.0714753,144984420.9166024,145439791.74485585,1092110488.2825863,1154131382.5187533,-947126067.365984,-1008691590.7738974,1556676644.5947433,10971909485.073853,-9415232840.479109
IDN,202507,184968446.9412792,1067246150.5787235,-882277703.6374444,162483721.2416092,151768252.04497233,1004407151.1102905,1114074230.2448456,-841923429.8686813,-962305978.1998733,1610334046.9286544,11078758663.831043,-9468424616.902388
IDN,202508,174050954.03241882,1105969618.1781418,-931918664.145723,166312763.98777458,157926968.71532872,1176786210.9283812,1091101283.4404194,-1010473446.9406066,-933174314.7250907,1661126398.151499,11456998604.730553,-9795872206.579054
IDN,202509,188100301.0304035,1603575426.5209339,-1415475125.4905305,171347202.2869647,166714562.5054495,1370665479.9229307,1183952947.320534,-1199318277.635966,-1017238384.8150845,1715313730.0722122,12187505480.755283,-10472191750.683071
IDN,202510,192677370.7596455,1260993883.403648,-1068316512.6440024,172932277.7870313,170197414.68725684,1256848868.0517666,1268100186.301026,-1083916590.2647352,-1097902771.6137693,1808964123.091667,12667662473.756235,-10858698350.664568
IDN,202511,201927770.7720805,1132883670.011703,-930955899.2396225,278384882.75057477,207554787.60819027,1116742585.5327344,1248085644.5024774,-838357702.7821596,-1040530856.8942871,1907012169.0920298,12859345266.644724,-10952333097.552694
IDN,202512,187825879.96615615,1092323984.4397235,-904498104.4735674,179193241.3434863,210170133.96036413,1228313753.215913,1200635068.9334714,-1049120511.8724267,-990464934.9731073,1985200980.5095038,13136122875.896177,-11150921895.386675
IDN,202601,156556978.40383455,1098197126.7268603,-941640148.3230257,181208661.20847023,212928928.43417713,1215377569.7584832,1186811302.8357103,-1034168908.550013,-973882374.4015331,2016575795.4960496,13401940749.601013,-11385364954.104963
IDN,202602,132887684.60855818,1652020149.4647753,-1519132464.8562171,186648991.11543438,182350297.88913032,1228590466.437904,1224093929.8041,-1041941475.3224695,-1041743631.9149697,2043814926.9279895,14270481077.321005,-12226666150.393019
IDN,202603,183401237.2851918,901315696.4614418,-717914459.17625,193824481.1468794,187227377.82359466,1218862618.259641,1220943551.4853427,-1025038137.1127615,-1033716173.661748,2090754712.8003325,14386292786.490002,-12295538073.689669
IDN,202604,202233016.83144456,1119199961.0411992,-916966944.2097547,205178526.8004879,195217333.0209339,1179487231.5033891,1208980105.4003115,-974308704.7029012,-1013762772.3793776,2154197396.988348,14392306715.047493,-12238109318.059145
IND,201701,79485815.52080445,649439813.1147664,-569953997.593962,89649638.90252897,,575486540.9353563,,-485836902.03282726,,,,
IND,201702,70484717.2148963,526118140.3499237,-455633423.13502735,84533799.97532955,,615719082.0822499,,-531185282.10692036,,,,
IND,201703,123218090.2036036,679727423.5502319,-556509333.3466283,92686190.06351283,88956542.98045711,617383567.9559356,602863063.6578473,-524697377.8924228,-513906520.67739016,,,
IND,201704,82411922.74006754,642025938.9002681,-559614016.1602006,87706117.11357795,88308702.38414012,618106108.1635474,617069586.0672444,-530399991.04996943,-528760883.6831043,,,
IND,201705,83078216.07291698,626724406.9882363,-543646190.9153193,90876417.14611894,90422908.10773657,625685402.9828681,620391693.034117,-534808985.83674914,-529968784.9263804,,,
IND,201706,93688274.5043887,662727672.2502202,-569039397.7458315,92758492.92240465,90447009.06070052,656834110.0984023,633541873.7482725,-564075617.1759976,-543094864.687572,,,
IND,201707,80448162.56550573,683550072.1781801,-603101909.6126744,88966843.52478243,90867251.19776867,657959758.3651747,646826423.8154817,-568992914.8403922,-555959172.617713,,,
IND,201708,95644793.83109231,763322566.9613581,-667677773.1302657,94722337.91840144,92149224.7885295,712756785.1628691,675850217.875482,-618034447.2444676,-583700993.0869524,,,
IND,201709,105682350.1610784,834950386.5986264,-729268036.4375479,94462712.35119115,92717297.93145834,717667672.0446678,696128071.8575705,-623204959.6934767,-603410773.9261122,,,
IND,201710,81749009.6066165,700702788.0025897,-618953778.3959732,65185534.266095124,84790194.84522924,728533636.0340858,719652697.7472075,-663348101.7679906,-634862502.9019783,,,
IND,201711,87059222.83858745,679649454.2198906,-592590231.3813032,100321164.83382766,86656470.48370464,776502317.8812857,740901208.6533464,-676181153.047458,-654244738.1696417,,,
IND,201712,93900256.45735805,720796937.157607,-626896680.700249,93564150.7465751,86356949.94883263,819462470.4354364,774832808.1169361,-725898319.6888613,-688475858.1681035,1076850831.716916,8169735600.271898,-7092884768.554982
IND,201801,85178523.89888297,782953030.35091,-697774506.452027,93291984.85159418,95725766.81066565,729580503.5207094,775181763.9458104,-636288518.6691152,-679455997.1351448,1082543540.0949945,8303248817.508042,-7220705277.413048
IND,201802,94731108.93527062,765339548.9702383,-670608440.0349677,105860167.11003757,97572100.9027356,890823331.6600779,813288768.5387412,-784963164.5500404,-715716667.6360056,1106789931.815369,8542470226.128356,-7435680294.312987
IND,201803,120088546.05029958,1016232205.7897251,-896143659.7394254,91338035.92210479,96830062.62791216,937280572.7530878,852561469.3112917,-845942536.8309829,-755731406.6833795,1103660387.6620648,8878975008.36785,-7775314620.705785
IND,201804,101747358.14437695,1038662106.3691151,-936914748.2247381,109752737.50074863,102316980.17763035,1013370711.0939232,947158205.1690296,-903617973.5931746,-844841224.9913993,1122995823.0663743,9275611175.836697,-8152615352.770323
IND,201805,98613815.6446703,1080980822.308634,-982367006.6639638,105546916.71913512,102212563.38066286,1069611473.4780831,1006754252.4416981,-964064556.758948,-904541689.0610352,1138531422.6381276,9729867591.157093,-8591336168.518967
IND,201806,106436899.87654129,1234493725.5738053,-1128056825.697264,108945749.43656512,108081801.21881628,1250484188.0421019,1111155457.538036,-1141538438.6055367,-1003073656.3192198,1151280048.0102801,10301633644.480679,-9150353596.4704
IND,201807,108636455.94569737,1208693570.1265342,-1100057114.180837,117880422.03909351,110791029.39826459,1165194509.2733748,1161763390.26452,-1047314087.2342813,-1050972360.8662553,1179468341.3904717,10826777142.429033,-9647308801.03856
IND,201808,107495000.22060594,1456427315.5385659,-1348932315.31796,109037077.23713309,111954416.23759724,1370986830.1738162,1262221842.496431,-1261949752.9366832,-1150267426.258834,1191318547.7799852,11519881891.00624,-10328563343.226255
IND,201809,127129741.46534659,1389681420.0913553,-1262551678.6260087,115515436.24873686,114144311.84165448,1193025049.945896,1243068796.4643624,-1077509613.697159,-1128924484.6227078,1212765939.0842538,12074612924.49897,-10861846985.414717
IND,201810,130763332.2786404,1252780260.0628095,-1122016927.784169,110448830.0546713,111667114.51351376,1273856154.7315888,1279289344.9504337,-1163407324.6769176,-1167622230.43692,1261780261.7562776,12626690396.559189,-11364910134.802912
IND,201811,96887063.84178686,1040525127.6253881,-943638063.7836013,112743099.32445747,112902455.20928855,1159691266.4313855,1208857490.3696234,-1046948167.1069281,-1095955035.1603348,1271608102.759477,12987566069.964687,-11715957967.205212
IND,201812,133964045.3607506,1097691712.2896202,-963727666.9288696,130558145.22478643,117916691.5346384,1203071880.590672,1212206433.9178822,-1072513735.3658856,-1094289742.3832438,1311671891.6628695,13364460845.0967,-12052788953.43383
IND,201901,113693444.84387031,1244302453.7399533,-1130609008.8960829,120789777.2976121,121363673.948952,1219719008.3487003,1194160718.4569194,-1098929231.051088,-1072797044.5079675,1340186812.6078568,13825810268.485744,-12485623455.877888
IND,201902,111956103.5916081,972889616.0329416,-860933512.4413335,116866637.66321824,122738186.72853893,1116471353.7305279,1179754080.8899667,-999604716.0673096,-1057015894.1614277,1357411807.2641945,14033360335.548449,-12675948528.284254
IND,201903,151694076.44565308,1255331286.0952687,-1103637209.6496158,116423096.97638717,118026503.97907251,1169495937.9361727,1168562100.0051336,-1053072840.9597856,-1050535596.026061,1389017337.6595478,14272459415.85399,-12883442078.194443
IND,201904,104306198.75808115,1199911058.6529694,-1095604859.8948882,114027035.80594425,115772256.81518322,1182633658.222517,1156200316.629739,-1068606622.4165728,-1040428059.8145559,1391576178.273252,14433708368.137846,-13042132189.864594
IND,201905,112739972.46526977,1243334678.406204,-1130594705.9409342,118101820.6205372,116183984.46762288,1225617695.021031,1192582430.3932402,-1107515874.4004936,-1076398445.9256172,1405702335.0938516,14596062224.235416,-13190359889.141563
IND,201906,106861482.97457655,1231191569.5829775,-1124330086.608401,112780858.24131234,114969904.8892646,1275410884.073785,1227887412.439111,-1162630025.8324728,-1112917507.5498464,1406126918.1918867,14592760068.244587,-13186633150.0527
IND,201907,110488959.6027395,1338363560.6813073,-1227874601.0785677,117723253.73570135,116201977.53251696,1290911553.5468757,1263980044.2138975,-1173188299.8111744,-1147778066.6813805,1407979421.848929,14722430058.79936,-13314450636.950432
IND,201908,114577082.72761078,1380782912.927846,-1266205830.2002351,119148391.75621992,116550834.57774453,1309469916.4596367,1291930784.6934326,-1190321524.7034168,-1175379950.115688,1415061504.355934,14646785656.188643,-13231724151.832706
IND,201909,124371959.90403315,1470616854.0610137,-1346244894.1569805,114645490.4807869,117172378.6575694,1260928386.663727,1287103285.5567467,-1146282896.1829402,-1169930906.8991773,1412303722.7946205,14727721090.158298,-13315417367.363678
IND,201910,144431542.90516537,1276962587.9904187,-1132531045.0852532,129467500.5397954,121087127.59226741,1272614256.5307553,1281004186.5513732,-1143146755.99096,-1159917058.9591057,1425971933.4211452,14751903418.085909,-13325931484.664764
IND,201911,96411189.97869812,1278274210.4989305,-1181863020.5202324,113104916.37996164,119072635.80018131,1398258253.615189,1310600298.936557,-1285153337.2352273,-1191527663.1363757,1425496059.5580566,14989652500.95945,-13564156441.401394
IND,201912,133267512.35625911,1246109844.9423387,-1112842332.5860796,127090733.12067874,123221050.01347859,1315289823.124235,1328720777.7567265,-1188199090.0035563,-1205499727.743248,1424799526.553565,15138070633.61217,-13713271107.058605
IND,202001,111581727.62138626,1256597293.9438624,-1145015566.3224761,114045454.31736775,118080367.93933605,1289250667.1737137,1334266247.971046,-1175205212.856346,-1216185880.03171,1422687809.3310812,15150365473.816078,-13727677664.484997
IND,202002,129597981.94649962,1097151818.939567,-967553836.9930675,127582071.63799322,122906086.3586799,1229565908.3310099,1278035466.209653,-1101983836.6930165,-1155129379.850973,1440329687.6859725,15274627676.722704,-13834297989.036732
IND,202003,94777745.25574276,1118001652.524423,-1023223907.2686801,72821178.87711729,104816234.94415943,1049808804.1362345,1189541793.2136526,-976987625.2591172,-1084725558.269493,1383413356.4960623,15137298043.151857,-13753884686.655796
IND,202004,53377514.68365017,379713116.7642293,-326335602.0805791,59437513.52249731,86613588.01253594,378570120.82430357,885981611.0971826,-319132607.3018063,-799368023.0846467,1332484672.421631,14317100101.263119,-12984615428.841486
IND,202005,87561544.17435667,603271502.4887131,-515709958.31435645,89619793.5697432,73959495.32311927,600279637.1414564,676219520.7006649,-510659843.57171315,-602260025.3775456,1307306244.130718,13677036925.345627,-12369730681.214909
IND,202006,119155023.3008642,855068425.040098,-735913401.7392337,129088228.06691213,92715178.3863842,904337143.2381897,627728967.0679833,-775248915.1712775,-535013788.6815991,1319599784.4570057,13300913780.802748,-11981313996.345743
IND,202007,125846489.21729916,1191255971.010756,-1065409481.7934568,132785904.1709124,117164641.93585591,1154867457.9329963,886494746.1042142,-1022081553.7620839,-769330104.1683583,1334957314.0715654,13153806191.132196,-11818848877.06063
IND,202008,127773762.42802387,1331451551.2218456,-1203677788.7938218,136022631.24736586,132632254.49506347,1271031272.0568175,1110078624.4093344,-1135008640.8094516,-977446369.914271,1348153993.7719784,13104474829.426195,-11756320835.654219
IND,202009,108412040.8588513,1558756049.5992632,-1450344008.740412,101490810.26426919,123433115.22751582,1343319875.2822316,1256406201.7573485,-1241829065.0179625,-1132973086.5298328,1332194074.7267966,13192614024.964447,-11860419950.23765
IND,202010,131037617.78732634,1408864416.7091064,-1277826798.92178,124211030.18890028,120574823.90017845,1390943168.8680925,1335098105.4023807,-1266732138.6791923,-1214523281.5022023,1318800149.6089578,13324515853.683132,-12005715704.074175
IND,202011,123137069.8124031,1301223522.5567954,-1178086452.7443922,145452947.18737593,123718262.54684846,1402832925.5803845,1379031989.9102364,-1257379978.3930085,-1255313727.3633878,1345526029.4426625,13347465165.741,-12001939136.298336
IND,202012,147397379.80196428,1286160460.9940715,-1138763081.1921072,138236926.50747788,135966967.96125138,1309647181.1879666,1367807758.5454814,-1171410254.6804886,-1231840790.58423,1359655896.8883677,13387515781.79273,-12027859884.904362
IND,202101,156679574.8291251,1273791256.4933856,-1117111681.6642604,156669555.11925912,146786476.27137098,1344969860.5162654,1352483322.4282057,-1188300305.3970063,-1205696846.1568348,1404753744.0961065,13404709744.342255,-11999956000.246147
IND,202102,157811144.4302954,1475789755.0661743,-1317978610.6358788,153587601.55698442,149498027.72790715,1589322218.5135589,1414646420.072597,-1435734616.9565744,-1265148392.3446898,1432966906.5799022,13783347680.46886,-12350380773.888958
IND,202103,198414150.3019782,1545951050.0051165,-1347536899.7031384,147400637.29081833,152552597.98902062,1434506946.1261845,1456266341.7186697,-1287106308.8353662,-1303713743.729649,1536603311.6261377,14211297077.949554,-12674693766.323418
IND,202104,140480905.06676626,1465683816.4344373,-1325202911.367671,154843100.2017463,151943779.68318304,1471378364.8073313,1498402509.8156917,-1316535264.605585,-1346458730.1325088,1623706702.009254,15297267777.619764,-13673561075.610508
IND,202105,158716189.0998342,1123995258.0220177,-965279068.9221835,158327765.2286985,153523834.24042106,1136550077.3043401,1347478462.745952,-978222312.0756416,-1193954628.5055308,1694861346.9347315,15817991533.153067,-14123130186.218336
IND,202106,155070467.39585957,1321605207.1837893,-1166534739.7879298,166973017.61039895,160047961.0136146,1423443560.2600682,1343790667.4572465,-1256470542.6496692,-1183742706.443632,1730776791.0297267,16284528315.296759,-14553751524.26703
IND,202107,161821613.44157264,1637100382.2683473,-1475278768.8267746,169484205.78152585,164928329.54020777,1613669083.2938397,1391220906.9527495,-1444184877.5123138,-1226292577.4125416,1766751915.2540002,16730372726.55435,-14963620811.30035
IND,202108,158556529.99320722,1662539252.6654665,-1503982722.6722593,171541280.76432338,169332834.7187494,1580468138.6993706,1539193594.0844262,-1408926857.9350471,-1369860759.3656769,1797534682.8191836,17061460427.99797,-15263925745.178787
IND,202109,190174035.0509532,1845030979.9834766,-1654856944.9325235,183226578.0381594,174750688.19466954,1586935056.371404,1593690759.4548714,-1403708478.3332446,-1418940071.260202,1879296677.0112855,17347735358.382187,-15468438681.3709
IND,202110,183858280.45606807,1710338407.3988922,-1526480126.9428241,186439007.65942475,180402288.82063583,1733240226.5232544,1633547807.1980097,-1546801218.8638296,-1453145518.377374,1932117339.680027,17649209349.07197,-15717092009.391943
IND,202111,160027209.72351065,1491789330.4039962,-1331762120.6804855,183456881.15962425,184374155.6190695,1618910947.944694,1646362076.946451,-1435454066.7850697,-1461987921.3273814,1969007479.5911348,17839775156.91917,-15870767677.328035
IND,202112,202570007.79684034,1876105127.0875325,-1673535119.290692,191728815.90041193,187208234.906487,1839586976.8522813,1730579383.77341,-1647858160.9518695,-1543371148.866923,2024180107.586011,18429719823.012634,-16405539715.426622
IND,202201,201722179.15308407,2145411802.4410372,-1943689623.2879531,202727222.5570612,192637639.8723658,2258251514.5005603,1905583146.432512,-2055524291.943499,-1712945506.5601463,2069222711.9099698,19301340368.960285,-17232117657.050316
IND,202202,257185024.26862854,1940854229.6691446,-1683669205.400516,252291665.049523,215582567.83566537,2049442416.450166,2049093635.9343357,-1797150751.4006429,-1833511068.0986702,2168596591.748303,19766404843.563255,-17597808251.81495
IND,202203,265847043.86448574,2290419922.255625,-2024572878.391139,197002847.27953303,217340578.2953724,2111678058.8127332,2139790663.2544863,-1914675211.5332003,-1922450084.9591138,2236029485.3108106,20510873715.81376,-18274844230.502953
IND,202204,237112188.11102352,2309824282.4336767,-2072712094.3226533,253908633.00700793,234401048.4453546,2351333807.8018312,2170818094.3549104,-2097425174.7948234,-1936417045.9095557,2332660768.3550677,21355014181.813,-19022353413.457935
IND,202205,185982373.55729076,2018147777.094753,-1832165403.5374622,180934671.25118425,210615383.8459084,2057819947.143371,2173610604.585979,-1876885275.8921869,-1962995220.7400706,2359926952.8125243,22249166700.885735,-19889239748.07321
IND,202206,213527527.10302922,2043822895.8275132,-1830295368.724484,226545185.90461153,220462830.05426788,2219409900.280916,2209521218.408706,-1992864714.3763046,-1989058388.3544383,2418384012.519694,22971384389.52946,-20553000377.009766
IND,202207,314156560.64238596,2187460226.4689355,-1873303665.8265495,324892140.2983678,244123999.15138784,2134559642.492368,2137263163.3055518,-1809667502.1940002,-1893139164.1541638,2570718959.720507,23521744233.73005,-20951025274.00954
IND,202208,253191426.1768109,2387540893.470526,-2134349467.2937152,277522411.86362785,276319912.68886906,2237228831.8341613,2197066124.8691487,-1959706419.9705334,-1920746212.1802797,2665353855.904111,24246745874.535107,-21581392018.630997
IND,202209,285396156.6069659,2761588839.7161064,-2476192683.1091404,284556387.4663098,295656979.8761018,2411565093.521912,2261117855.94948,-2127008706.0556023,-1965460876.0733783,2760575977.460124,25163303734.26774,-22402727756.807617
IND,202210,150812482.83675724,2022312523.5047116,-1871500040.6679544,156766611.15803674,239615136.8293248,2119610220.8038177,2256134715.3866305,-1962843609.645781,-2016519578.5573058,2727530179.840813,25475277850.373558,-22747747670.532745
IND,202211,130692539.3707231,1964725121.4675066,-1834032582.0967836,142347794.93986714,194556931.18807125,2136967680.9752593,2222714331.7669964,-1994619886.0353923,-2028157400.5789251,2698195509.488025,25948213641.43707,-23250018131.949043
IND,202212,164881804.89389488,2335404461.2556243,-2170522656.3617296,156725908.74264032,151946771.61351475,2221748859.787337,2159442253.855471,-2065022951.0446966,-2007495482.2419565,2660507306.58508,26407512975.60516,-23747005669.02008
IND,202301,142343716.5357481,1910732095.993765,-1768388379.458017,145938936.42318594,148337546.70189783,1953536935.311714,2104084492.02477,-1807597998.8885279,-1955746945.3228722,2601128843.967744,26172833269.157887,-23571704425.190144
IND,202302,157654514.30785778,1906549378.115019,-1748894863.8071613,158022736.31026092,153562527.15869576,2041986343.415441,2072424046.1714973,-1883963607.10518,-1918861519.0128016,2501598334.0069733,26138528417.603764,-23636930083.59679
IND,202303,169587465.78692958,2271286408.2033405,-2101698942.416411,126098457.37786536,143353376.7037708,2141864992.4379332,2045796090.388363,-2015766535.060068,-1902442713.684592,2405338755.9294167,26119394903.551476,-23714056147.622063
IND,202304,154055214.21047792,1984713170.6682127,-1830657956.4577348,155485596.81267416,146535596.83360016,2043655218.8863642,2075835518.2465794,-1888169622.07369,-1929299921.4129791,2322281782.0288715,25794283791.786015,-23472002009.75714
IND,202305,163985505.79840234,1734383828.5377047,-1570398322.7393024,161081041.84333,147555032.01128986,1744518332.3122222,1976679514.5455067,-1583437290.4688923,-1829124482.534217,2300284914.269983,25510519843.228966,-23210234928.958984
IND,202306,150996855.65406865,2011540045.7300425,-1860543190.0759737,164560030.3882227,160375556.34807563,2131723922.7829585,1973299157.993848,-1967163892.3947358,-1812923601.6457725,2237754242.8210225,25478236993.131496,-23240482750.310474
IND,202307,155922106.47245112,2194729997.272487,-2038807890.800036,163604520.2124479,163081864.1480002,2115949311.5614715,1997397188.8855507,-1952344791.3490236,-1834315324.7375505,2079519788.6510875,25485506763.935043,-23405986975.283962
IND,202308,144816863.91664582,2331509157.7580447,-2186692293.8413987,157820684.8541977,161995078.48495615,2189934648.5001097,2145869294.2815132,-2032113963.645912,-1983874215.796557,1971145226.3909225,25429475028.222565,-23458329801.831642
IND,202309,150434298.09663343,2513186122.049157,-2362751823.9525237,154618167.86923456,158681124.3119601,2293622608.7649326,2199835522.942171,-2139004440.895698,-2041154398.6302109,1836183367.88059,25181072310.55562,-23344888942.675026
IND,202310,128913551.07178645,2055692560.8901172,-1926779009.8183308,135922937.29604974,149453930.00649402,2199086192.3640695,2227547816.5430374,-2063163255.0680196,-2078093886.5365434,1814284436.1156192,25214452347.941025,-23400167911.8254
IND,202311,163701318.5921938,2144783444.170183,-1981082125.577989,158493388.36193004,149678164.50907147,2311859289.8968673,2268189363.6752896,-2153365901.5349374,-2118511199.1662183,1847293215.3370898,25394510670.6437,-23547217455.30661
IND,202312,172950699.34358835,2516466565.301285,-2343515865.9576964,168807727.10347518,154408017.58715168,2393089778.4463964,2301345086.9024444,-2224282051.3429213,-2146937069.3152926,1855362109.7867832,25575572774.689358,-23720210664.902576
IND,202401,153867633.66222233,2498288992.47791,-2344421358.8156877,159810678.7699728,162370598.07845935,2493626801.681775,2399525290.0083466,-2333816122.9118023,-2237154691.9298873,1866886026.9132576,26163129671.173504,-24296243644.260246
IND,202402,161104222.07633817,2097682349.7732623,-1936578127.6969242,162560184.40278533,163726196.75874445,2243228441.9756584,2376648340.701277,-2080668257.572873,-2212922143.9425325,1870335734.681738,26354262642.831745,-24483926908.15001
IND,202403,219458107.3374356,2380911122.5037847,-2161453015.166349,169838391.66833842,164069751.61369887,2277861922.8546205,2338239055.5040183,-2108023531.1862822,-2174169303.8903193,1920206376.232244,26463887357.132195,-24543680980.89995
IND,202404,230194883.81775665,2239676327.4355683,-2009481443.6178117,220451970.38453126,184283515.48521838,2258588079.687088,2259892814.8391223,-2038136109.3025568,-2075609299.353904,1996346045.8395228,26718850513.899548,-24722504468.060024
IND,202405,241673866.8196317,2465710172.061315,-2224036305.2416835,240623532.75150225,210304631.60145736,2433369523.2817726,2323273175.2744937,-2192745990.5302706,-2112968543.6730363,2074034406.860752,27450176857.423157,-25376142450.562405
IND,202406,240963137.17696983,2457482458.5490804,-2216519321.3721104,267752874.6830121,242942792.60634854,2568843758.0653076,2420267120.3447227,-2301090883.3822956,-2177324327.738374,2164000688.383653,27896119270.242195,-25732118581.858543
IND,202407,225495378.94314447,2818749894.685991,-2593254515.7428465,238871239.6034443,249082549.0126529,2708163027.5961704,2570125436.314417,-2469291787.9927263,-2321042887.301764,2233573960.8543468,28520139167.6557,-26286565206.80135
IND,202408,332594789.10967296,2914252925.6409373,-2581658136.5312643,361275516.6746925,289299876.98704964,2774745984.515244,2683917590.058907,-2413470467.8405514,-2394617713.0718575,2421351886.047374,29102882935.538593,-26681531049.49122
IND,202409,228541822.624581,2726672744.5848103,-2498130921.9602294,242346846.379176,280831200.885771,2614662569.8348575,2699190527.315424,-2372315723.4556813,-2418359326.429653,2499459410.575321,29316369558.07424,-26816910147.49892
IND,202410,192355392.00803652,2355257615.0669365,-2162902223.0589,206951036.36550283,270191133.1397905,2560428337.715956,2649945630.688686,-2353477301.3504534,-2379754497.5488954,2562901251.5115714,29615934612.251064,-27053033360.739494
IND,202411,175799028.71550363,2639940761.208538,-2464141732.4930344,151932009.90956602,200409964.21808162,2835747156.147127,2670279354.5659804,-2683815146.237561,-2469869390.347899,2574998961.634881,30111091929.289417,-27536092967.654537
IND,202412,192011181.7243692,2621818863.9665112,-2429807682.242142,192695567.93563896,183859538.07023597,2486513854.9494433,2627563116.270842,-2293818287.0138044,-2443703578.2006063,2594059444.015662,30216444227.954643,-27622384783.938984
IND,202501,183940594.0568715,2920199104.864927,-2736258510.8080554,191715411.66118732,178780996.50213078,2866568127.430902,2729609712.842491,-2674852715.769715,-2550828716.34036,2624132404.4103117,30638354340.341663,-28014221935.93135
IND,202502,178719854.67719093,2564433118.1159453,-2385713263.4387546,177895408.3090282,187435462.63528487,2705900830.597018,2686327604.325788,-2528005422.2879896,-2498892141.690503,2641748037.011164,31105105108.684345,-28463357071.67318
IND,202503,263681013.91991758,2884437189.9040303,-2620756175.9841127,214974603.53826287,194861807.83615947,2792250154.185088,2788239704.0710025,-2577275550.6468253,-2593377896.2348433,2685970943.593646,31608631176.084587,-28922660232.490944
IND,202504,227479487.43026626,3038474888.701391,-2810995401.271125,207355799.30834574,200075270.3852123,2983548207.9368043,2827233064.239637,-2776192408.6284585,-2627157793.8544245,2683255547.206156,32407429737.350414,-29724174190.144257
IND,202505,197274682.76500407,3119876096.067776,-2922601413.302772,199714399.91962633,207348267.588745,3019103327.4581313,2931633896.5266747,-2819388927.538505,-2724285628.9379296,2638856363.151528,33061595661.356876,-30422739298.205345
IND,202506,176861667.7773039,2911808959.408717,-2734947291.6314135,201045891.87617132,202705363.70138112,3010165218.6610274,3004272251.351988,-2809119326.7848563,-2801566887.6506066,2574754893.751862,33515922162.21651,-30941167268.464653
IND,202507,190199026.7265187,3189749718.5240293,-2999550691.7975106,203923768.32163376,201561353.37247714,3053491795.763917,3027586780.6276917,-2849568027.442283,-2826025427.2552147,2539458541.5352364,33886921986.05455,-31347463444.519314
IND,202508,193814328.16684353,3141488064.6020412,-2947673736.435198,209739876.9646086,204903179.05413792,3041303337.0724673,3034986783.8324704,-2831563460.1078587,-2830083604.7783327,2400678080.5924067,34114157125.01565,-31713479044.42325
IND,202509,195641810.09468228,3199048677.3137145,-3003406867.2190323,213504810.3174478,209056151.86789677,3244824794.5696883,3113206642.468691,-3031319984.2522407,-2904150490.6007943,2367778068.062508,34586533057.74456,-32218754989.682053
IND,202510,187016594.10085127,3228078782.275589,-3041062188.174738,204850047.4586038,209364911.5802201,3558277341.396617,3281468491.012924,-3353427293.938013,-3072103579.432704,2362439270.155323,35459354224.95321,-33096914954.797886
IND,202511,285175423.8238315,3144369571.2910337,-2859194147.467202,219021232.627204,212458696.80108523,3369734279.9407544,3390945471.9690194,-3150713047.3135505,-3178486775.1679344,2471815665.263651,35963783035.035706,-33491967369.772057
IND,202512,207331548.84003672,3906035111.4621534,-3698703562.6221166,214565583.92088285,212812288.00223026,3711029544.001209,3546347055.1128597,-3496463960.080326,-3333534767.1106296,2487136032.379318,37247999282.53135,-34760863250.15203
IND,202601,218824474.55359817,3714057025.820157,-3495232551.2665586,227578080.2418799,220388298.92998895,3596615723.291545,3559126515.744503,-3369037643.049665,-3338738216.814514,2522019912.876045,38041857203.48658,-35519837290.610535
IND,202602,249930062.38689545,3979526256.9916387,-3729596194.604743,244433912.18207717,228859192.1149467,4115109002.7502847,3807584756.6810126,-3870675090.5682077,-3578725564.566066,2593230120.585749,39456950342.362274,-36863720221.77653
IND,202603,244941148.29936728,4236134268.8681974,-3991193120.56883,211482789.63979024,227831594.02124915,4137254593.08948,3949659773.04377,-3925771803.44969,-3721828179.0225205,2574490254.965199,40808647421.32644,-38234157166.36124
IND,202604,252831035.69652542,4381859615.119551,-4129028579.423025,219527502.62894067,225148068.15026936,4154617745.5158124,4135660447.118526,-3935090242.886872,-3910512378.9682565,2599841803.231458,42152032147.7446,-39552190344.51314
IRL,201701,1047465631.5105811,320640170.835676,726825460.6749051,890482837.3508687,,326162564.3844083,,564320272.9664605,,,,
IRL,201702,998198489.4945661,287205663.6626551,710992825.831911,974058960.3400012,,305325209.6205458,,668733750.7194555,,,,
IRL,201703,1354045355.3677392,300657464.383008,1053387890.9847312,1509227086.0735085,1124589627.9214594,307388773.5243909,312958849.17644835,1201838312.5491176,811630778.7450111,,,
IRL,201704,878076704.8662736,309143287.66595066,568933417.200323,884753405.5055711,1122679817.3063602,330789996.283929,314501326.47628856,553963409.2216421,808178490.8300717,,,
IRL,201705,777394401.6632532,302828796.1995024,474565605.4637508,837528013.2845922,1077169501.6212242,305516438.7393162,314565069.5158787,532011574.5452759,762604432.1053455,,,
IRL,201706,695220511.592968,350427078.8662429,344793432.7267251,783376675.052722,835219364.614295,355731142.53178954,330679192.5183449,427645532.52093244,504540172.0959501,,,
IRL,201707,714163488.6536409,312687219.0082151,401476269.64542574,753393000.8046236,791432563.0473126,333108141.09011936,331451907.4537417,420284859.71450424,459980655.5935709,,,
IRL,201708,809602802.0375277,303711691.8206808,505891110.2168469,772086971.0831703,769618882.3135053,342647342.41193324,343828875.3446141,429439628.67123705,425790006.9688912,,,
IRL,201709,805639149.5055676,352738923.8159585,452900225.68960905,822722881.1377413,782734284.341845,351381737.50374204,342379073.6685982,471341143.6339993,440355210.67324686,,,
IRL,201710,701017990.0471805,481688448.60421383,219329541.4429667,712067678.5948312,768959176.938581,396325150.07137424,363451409.9956832,315742528.523457,405507766.9428978,,,
IRL,201711,726810372.6143903,526641465.3022057,200168907.31218457,682755177.2514197,739181912.3279973,435073763.7752862,394260217.1168008,247681413.47613347,344921695.21119654,,,
IRL,201712,900504458.6755913,409888625.95367604,490615832.7219153,778372362.3934233,724398406.0798916,421413714.99377346,417604209.613478,356958647.39964986,306794196.46641356,10408139356.02928,4258258836.1179852,6149880519.911294
IRL,201801,827219144.7848597,366434305.77953756,460784839.0053221,736791221.002552,732639586.882465,390019099.58596766,415502192.7850091,346772121.4165844,317137394.0974559,10187892869.303556,4304052971.061847,5883839898.241712
IRL,201802,662120024.7133958,413481554.8917462,248638469.8216496,663693271.5316111,726285618.3091955,442599085.5730059,418010633.38424903,221094185.95860517,308274984.9249465,9851814404.522387,4430328862.290937,5421485542.23145
IRL,201803,766116813.9047614,468724625.9136966,297392187.99106485,832771596.0356709,744418696.1899446,474591719.6992745,435736634.9527493,358179876.3363964,308682061.2371953,9263885863.05941,4598396023.821627,4665489839.237783
IRL,201804,737374650.9640372,430066505.9453826,307308145.0186546,786991287.343718,761152051.6370001,463070565.81117016,460087123.6944835,323920721.5325479,301064927.94251657,9123183809.157173,4719319242.101058,4403864567.056115
IRL,201805,734779418.2526503,533789464.0712401,200989954.18141013,774599618.0093197,798120833.7962362,507434432.3756345,481698905.96202636,267165185.63368517,316421927.8342098,9080568825.74657,4950279909.972796,4130288915.7737746
IRL,201806,789966077.378133,486446489.818413,303519587.55972004,866961208.3239415,809517371.2256597,480183181.6240334,483562726.60361266,386778026.6999081,325954644.62204707,9175314391.531736,5086299320.924966,4089015070.6067696
IRL,201807,871730250.8650696,576433994.2699903,295296256.5950793,888370505.9421995,843310444.0918202,608260679.9204597,531959431.30670923,280109826.0217397,311351012.785111,9332881153.743164,5350046096.186741,3982835057.556423
IRL,201808,948173049.054147,552040721.332085,396132327.722062,913381478.1817454,889571064.1492954,592266536.0903827,560236799.2116252,321114942.0913627,329334264.93767023,9471451400.759783,5598375125.698146,3873076275.061638
IRL,201809,774664981.7995287,635017094.3075606,139647887.49196815,786161435.64845,862637806.5907984,631278747.0671823,610601987.692675,154882688.5812677,252035818.89812338,9440477233.053745,5880653296.189747,3559823936.863997
IRL,201810,977800557.5437999,626686095.9453053,351114461.5984945,965350626.9998312,888297846.9433422,548892472.7751088,590812585.3108913,416458154.2247224,297485261.63245094,9717259800.550364,6025650943.530839,3691608857.019525
IRL,201811,1206461850.8906736,617871434.9826748,588590415.9079988,1126578275.5844626,959363446.0775814,534270445.5840746,571480555.1421219,592307830.000388,387882890.9354595,10196911278.826649,6116880913.2113085,4080030365.6153393
IRL,201812,1040104988.8735939,543999697.5005101,496105291.37308383,918972173.7593354,1003633692.1145431,554198852.7774979,545787257.0455604,364773320.9818375,457846435.0689827,10336511809.02465,6250991984.758142,4085519824.266508
IRL,201901,1080949349.964879,470791597.754982,610157752.209897,1006285183.5782261,1017278544.3073415,523871340.04846686,537446879.470013,482413843.5297592,479831664.83732843,10590242014.20467,6355349276.733586,4234892737.4710827
IRL,201902,882878772.5930536,689842310.0934346,193036462.499619,906972648.6442634,944076668.6606083,743834039.2895006,607301410.7051551,163138609.3547628,336775257.95545316,10811000762.084328,6631710031.935275,4179290730.1490526
IRL,201903,896056984.9343054,588724753.9419094,307332230.992396,944800149.7563126,952685993.9929341,589467481.215948,619057620.1846385,355332668.5403646,333628373.8082956,10940940933.11387,6751710159.963488,4189230773.1503835
IRL,201904,916644663.8391716,537471666.8843075,379172996.95486414,1026108578.9936837,959293792.4647533,580925389.1572593,638075636.554236,445183189.83642435,321218155.9105172,11120210945.989006,6859115320.902413,4261095625.086593
IRL,201905,1178155158.786747,689169525.5555037,488985633.23124325,1216042472.8169873,1062317067.1889945,624968753.6182024,598453874.6638032,591073719.1987848,463863192.5251913,11563586686.523104,7014495382.386677,4549091304.136426
IRL,201906,1134698075.359864,573442133.4816109,561255941.8782531,1213781809.6168625,1151977620.4758444,551750191.5529816,585881444.7761477,662031618.0638809,566096175.6996967,11908318684.504833,7101491026.049874,4806827658.454959
IRL,201907,1339008532.384339,536368986.81756353,802639545.5667756,1322751325.7208092,1250858536.051553,559592451.9841913,578770465.7184585,763158873.7366179,672088070.3330945,12375596966.024103,7061426018.597448,5314170947.426655
IRL,201908,1266673338.9251802,551315570.337571,715357768.5876092,1231139599.2556558,1255890911.531109,562096536.9116048,557813060.1495925,669043062.344051,698077851.3815166,12694097255.895138,7060700867.602934,5633396388.292202
IRL,201909,1417184369.0710242,535286186.0280497,881898183.0429745,1430406495.5856578,1328099140.1873744,532683979.7718322,551457656.2225428,897722515.8138256,776641483.9648316,13336616643.166632,6960969959.323423,6375646683.843208
IRL,201910,1458023379.4612787,467457399.2445491,990565980.2167296,1411191871.590533,1357579322.1439488,435586292.499354,510122269.72759694,975605579.091179,847457052.4163518,13816839465.08411,6801741262.622666,7015098202.461444
IRL,201911,1437104981.849747,566006804.123712,871098177.726035,1334444681.3515909,1392014349.5092604,507548828.8979994,491939700.38972855,826895852.4535915,900074649.1195319,14047482596.043184,6749876631.763704,7297605964.279481
IRL,201912,1529735482.8359933,523733402.5012443,1006002080.334749,1386857275.0205247,1377497942.654216,529028059.49185526,490721060.29640293,857829215.5286695,886776882.3578131,14537113090.005583,6729610336.764438,7807502753.241146
IRL,202001,1292524534.2877493,528344999.737031,764179534.5507183,1245894557.4535193,1322398837.9418783,609519320.0946431,548698736.1614993,636375237.3588762,773700101.780379,14748688274.328453,6787163738.746487,7961524535.581966
IRL,202002,1266774818.2159958,489169942.36535054,777604875.8506453,1326791984.7185302,1319847939.0641913,531009949.6704309,556519109.7523097,795782035.0480993,763328829.3118817,15132584319.951395,6586491371.018403,8546092948.932993
IRL,202003,1257047946.076864,491765662.0963406,765282283.9805233,1292519474.3975928,1288402005.523214,486516418.04201925,542348562.6023644,806003056.3555735,746053442.9208497,15493575281.093954,6489532279.172834,9004043001.92112
IRL,202004,944526101.8686107,461047407.4511458,483478694.4174649,1100122074.7118208,1239811177.942648,496019159.0585828,504515175.59034425,604102915.653238,735296002.3523037,15521456719.123392,6413108019.739672,9108348699.38372
IRL,202005,1095187370.9185889,678771666.4478434,416415704.47074544,1102822623.458886,1165154724.189433,594689426.5106043,525741667.8704021,508133196.94828165,639413056.319031,15438488931.255234,6402710160.632011,9035778770.623224
IRL,202006,1036357959.0354518,624297718.9517733,412060240.0836785,1087636249.1948164,1096860315.7885077,584841855.375208,558516813.6481317,502794393.81960833,538343502.140376,15340148814.930822,6453565746.102175,8886583068.82865
IRL,202007,1155522977.6762385,498234591.5452898,657288386.1309488,1113850033.4720712,1101436302.0419245,518165940.07376945,565899073.9865273,595684093.3983017,535537228.05539715,15156663260.222721,6415431350.8299,8741231909.392822
IRL,202008,1144854743.0648878,546815804.352841,598038938.7120467,1127393456.7683597,1109626579.811749,533929380.6770334,545645725.375337,593464076.0913262,563980854.436412,15034844664.36243,6410931584.84517,8623913079.51726
IRL,202009,1092100960.17488,643860328.1004404,448240632.07443964,1085804459.7483358,1109015983.329589,649678768.5638727,567258029.7715585,436125691.18446314,541757953.5580304,14709761255.466286,6519505726.917561,8190255528.548725
IRL,202010,1289309661.5803306,670971883.3307164,618337778.2496142,1250349831.6378431,1154515916.051513,667236361.1866953,616948170.1425339,583113470.4511478,537567745.908979,14541047537.585339,6723020211.003729,7818027326.581609
IRL,202011,1226825629.7805753,616776710.6829696,610048919.0976057,1147569224.553563,1161241171.979914,568112575.2623677,628342568.3376452,579456649.2911954,532898603.6422688,14330768185.516165,6773790117.562985,7556978067.953179
IRL,202012,1072405055.628787,687480085.2025503,384924970.42623675,992738231.4818174,1130219095.8910744,687535441.2165116,640961459.2218581,305202790.26530576,489257636.6692163,13873437758.30896,6937536800.264292,6935900958.044668
IRL,202101,968972823.958613,550483130.7054659,418489693.2531471,968149324.3644403,1036152260.1332736,632685711.9534107,629444576.1440967,335463612.4110296,406707683.98917687,13549886047.979824,6959674931.232727,6590211116.747097
IRL,202102,1357268028.4431608,648252500.0202688,709015528.422892,1377154747.645359,1112680767.830539,703341834.3774965,674520995.8491396,673812913.2678626,438159771.9813994,13640379258.20699,7118757488.887646,6521621769.319343
IRL,202103,1409450561.1982002,783197365.9272472,626253195.270953,1385607350.5944083,1243637140.8680694,759699218.4381037,698575588.256337,625908132.1563046,545061552.6117324,13792781873.328325,7410189192.718553,6382592680.609773
IRL,202104,1292005126.8287773,762641483.2003227,529363643.62845457,1453727152.7016766,1405496416.9804814,800927687.9212255,754656246.9122753,652799464.780451,650840170.0682061,14140260898.288492,7711783268.467729,6428477629.820763
IRL,202105,1601245455.2316833,918724049.8963894,682521405.3352939,1602760057.8459582,1480698187.0473478,854141575.3365862,804922827.2319717,748618482.509372,675775359.815376,14646318982.601587,7951735651.916275,6694583330.685311
IRL,202106,1619238286.2166219,964905431.2874676,654332854.9291543,1714044618.6805549,1590177276.4093964,876066431.704937,843711898.3209162,837978186.9756179,746465378.0884802,15229199309.782757,8292343364.251968,6936855945.5307865
IRL,202107,1620697334.8873477,927063621.0259875,693633713.8613602,1599477052.777549,1638760576.4346874,963152900.5984323,897786969.2133185,636324152.1791167,740973607.2213689,15694373666.993866,8721172393.732668,6973201273.261198
IRL,202108,1611617178.1386166,1073886737.9666097,537730440.1720068,1611974943.2053866,1641832204.88783,1025861163.8779825,955026832.0604506,586113779.3274041,686805372.8273795,16161136102.067595,9248243327.346436,6912892774.721158
IRL,202109,1658135790.0113494,892278120.8883413,765857669.1230081,1597318239.0171824,1602923411.666706,910128109.1096671,966380724.528694,687190129.9075153,636542687.138012,16727170931.904062,9496661120.134336,7230509811.769727
IRL,202110,1535770380.72911,972375804.8040739,563394575.9250361,1548337457.511026,1585876879.9111984,994231534.921279,976740269.3029761,554105922.589747,609136610.6082222,16973631651.052843,9798065041.607695,7175566609.445148
IRL,202111,1729682314.4868674,1329559795.74167,400122518.74519753,1658056700.4331548,1601237465.6537876,1180759858.5682774,1028373167.5330744,477296841.86487746,572864298.1207132,17476488335.759136,10510848126.666395,6965640209.092741
IRL,202112,1746671334.0372505,1130233992.2977855,616437341.739465,1649084842.8475313,1618493000.2639039,1131387911.563647,1102126435.0177345,517696931.2838843,516366565.2461693,18150754614.1676,10953602033.76163,7197152580.405969
IRL,202201,1644633507.1415,1067652823.525488,576980683.616012,1688452833.9808245,1665198125.7538369,1255039254.9179707,1189062341.6832983,433413579.0628538,476135784.0705385,18826415297.350483,11470771726.581652,7355643570.768833
IRL,202202,1666669865.0905182,1282178003.1947722,384491861.895746,1728270723.4054837,1688602800.0779464,1411220904.2169583,1265882690.2328587,317049819.18852544,422720109.84508777,19135817133.997845,12104697229.756155,7031119904.241688
IRL,202203,1725635998.1390388,1498471115.5099924,227164882.62904644,1624156899.662367,1680293485.6828918,1412975142.353285,1359745100.496071,211181757.30908203,320548385.18682075,19452002570.938683,12819970979.338902,6632031591.599781
IRL,202204,1582603423.7638388,1521263247.3948915,61340176.36894727,1655539531.1388679,1669322384.7355728,1552443793.7147577,1458879946.761667,103095737.42411017,210442437.9739058,19742600867.87374,13578592743.53347,6164008124.340274
IRL,202205,1573521496.5403001,1196822697.939028,376698798.6012721,1572753382.9993877,1617483271.2668743,1203895100.3342845,1389771345.4674425,368858282.6651032,227711925.7994318,19714876909.182358,13856691391.576109,5858185517.606252
IRL,202206,1407250619.372618,1453801000.5152237,-46550381.14260578,1456972562.5168788,1561755158.8850448,1283777911.8806083,1346705601.9765503,173194650.63627052,215049556.90849447,19502889242.338356,14345586960.803864,5157302281.534492
IRL,202207,1585575534.271614,1323217979.3485029,262357554.9231112,1642489979.836969,1557405308.4510784,1329429520.0111103,1272367510.742001,313060459.8258586,285037797.70907736,19467767441.722622,14741741319.126379,4726026122.596243
IRL,202208,1549714407.1977952,1520942980.2878559,28771426.90993929,1596411453.9128938,1565291332.0889137,1407919564.4172587,1340375665.4363258,188491889.49563503,224915666.6525879,19405864670.781803,15188797561.447624,4217067109.334175
IRL,202209,1639945661.9938707,1326700910.2772646,313244751.71660614,1545422591.6065955,1594774675.1188195,1352827434.159115,1363392172.8624947,192595157.44748044,231382502.25632477,19387674542.76432,15623220350.836548,3764454191.9277735
IRL,202210,1872460165.929752,1542553871.0969224,329906294.8328297,1936127926.990957,1692653990.8368156,1641385709.0961661,1467377569.22418,294742217.8947909,225276421.6126356,19724364327.964966,16193398417.129396,3530965910.8355665
IRL,202211,1346124076.670571,1548930978.1677516,-202806901.49718046,1276872979.0001097,1586141165.8658874,1341994210.7918978,1445402451.3490598,-65121231.7917881,140738714.51682758,19340806090.148666,16412769599.555477,2928036490.5931892
IRL,202212,1259703563.3565674,1467535405.3730156,-207831842.01644826,1170963619.1207323,1461321508.3705997,1531478797.266495,1504952905.7181864,-360515178.1457627,-43631397.34758663,18853838319.467983,16750071012.630709,2103767306.8372755
IRL,202301,1072309207.3844165,1057127766.4547554,15181440.929661036,1095557876.2461784,1181131491.4556735,1254301416.633385,1375924808.2305925,-158743540.38720655,-194793316.77491903,18281514019.710903,16739545955.559977,1541968064.1509247
IRL,202302,1067596880.2350843,1110410878.4561756,-42813998.22109127,1181598799.563336,1149373431.6434157,1240439949.1620111,1342073387.6872969,-58841149.59867525,-192699956.04388118,17682441034.855465,16567778830.821379,1114662204.0340874
IRL,202303,1249107465.536935,1151567539.2652845,97539926.27165055,1122271012.8414357,1133142562.8836498,1032588277.9415356,1175776547.9123106,89682734.89990008,-42633985.028660774,17205912502.253365,16220875254.576672,985037247.6766915
IRL,202304,1065904703.4259362,1112116282.0830688,-46211578.657132626,1024553895.1331495,1109474569.179307,1076388577.4846697,1116472268.1960723,-51834682.35152018,-6997699.016765356,16689213781.91546,15811728289.26485,877485492.6506116
IRL,202305,1029698167.0790596,1190788529.952946,-161090362.87388635,1073554406.31599,1073459771.4301916,1351312579.3251204,1153429811.5837753,-277758173.0091305,-79970040.15358365,16145390452.45422,15805694121.278767,339696331.1754532
IRL,202306,909033904.4446968,1457979075.2865748,-548945170.841878,872627735.3868984,990245345.6120125,1248612259.2760732,1225437805.3619545,-375984523.8891748,-235192459.74994195,15647173737.526299,15809872196.05012,-162698458.5238191
IRL,202307,873931019.0154809,1201806677.0573409,-327875658.04186,970221119.6615155,972134420.4548012,1153770576.7059438,1251231805.102379,-183549457.04442835,-279097384.6475779,14935529222.270164,15688460893.758957,-752931671.4887903
IRL,202308,891102729.0728041,1199980176.0357912,-308877446.96298707,976158199.2071292,939669018.0851809,1097353393.7723594,1166578743.251459,-121195194.56523013,-226909725.166278,14276917544.145176,15367498089.506891,-1090580545.3617167
IRL,202309,1061494422.0270064,1233725856.0535645,-172231434.02655816,977822192.9055618,974733837.2580689,1259913147.8605392,1170345706.1129475,-282090954.9549774,-195611868.85487854,13698466304.17831,15274523035.283192,-1576056731.1048808
IRL,202310,979691234.5212377,1014625425.5992261,-34934191.077988386,1109817345.9478066,1021265912.6868324,1058104115.6787945,1138456885.7705643,51713230.26901209,-117190973.08373189,12805697372.769794,14746594589.785496,-1940897217.015699
IRL,202311,1081071682.6188128,900060664.3049214,181011018.3138914,1098092431.957546,1061910656.9369713,847463053.872648,1055160105.803994,250629378.084898,6750551.132977247,12540644978.718039,14097724275.922667,-1557079297.204627
IRL,202312,1152168322.675311,996178986.5942143,155989336.08109677,997272330.5038943,1068394036.1364155,1051609726.3864975,985725631.9793134,-54337395.88260317,82668404.15710211,12433109738.036781,13626367857.143864,-1193258119.1070821
IRL,202401,1023790445.4898802,1018748131.1443715,5042314.345508695,967030614.543141,1020798459.0015272,1201352451.7441912,1033475077.3344456,-234321837.20105016,-12676618.332918406,12384590976.142244,13587988221.833479,-1203397245.6912346
IRL,202402,823846317.5305287,1036146425.8365248,-212300108.30599618,939552009.6644778,967951651.5705043,1212356761.3650239,1155106313.1652374,-272804751.700546,-187154661.59473312,12140840413.437689,13513723769.213829,-1372883355.7761393
IRL,202403,1175240213.5871751,1478845296.2643843,-303605082.67720914,1008410779.9931111,971664468.0669099,1195016176.2645068,1202908463.124574,-186605396.27139568,-231243995.05766404,12066973161.487928,13841001526.212929,-1774028364.724999
IRL,202404,1244309962.7418268,1396480972.1973178,-152171009.45549107,1086966862.4476397,1011643217.3684096,1301916894.5980744,1236429944.0758684,-214950032.15043473,-224786726.70745873,12245378420.80382,14125366216.327177,-1879987795.5233574
IRL,202405,1611005743.494643,1419125712.8128421,191880030.68180084,1762721185.3086357,1286032942.583129,1799727155.8195043,1432220075.5606954,-37005970.51086855,-146187132.97756648,12826685997.219402,14353703399.187073,-1527017401.9676704
IRL,202406,1264412628.212811,1524632916.863273,-260220288.6504619,1132044258.8579414,1327244102.2047389,1261744412.70429,1454462821.0406227,-129700153.84634852,-127218718.83588386,13182064720.987518,14420357240.763771,-1238292519.7762542
IRL,202407,1775140431.818241,1445192254.5752928,329948177.24294806,2129964965.6129496,1674910136.5931756,1327470458.7264485,1462980675.750081,802494506.8865011,211929460.8430946,14083274133.79028,14663742818.281723,-580468684.4914461
IRL,202408,1672725563.325698,1602470880.6828766,70254682.64282131,1963003450.3059762,1741670891.592289,1465229552.325127,1351481474.5852883,497773897.98084927,390189417.0070007,14864896968.04317,15066233522.928808,-201336554.88563776
IRL,202409,1295888170.3198352,1315529116.631651,-19640946.31181574,1174168155.5484204,1755712190.4891155,1346949974.9510424,1379883328.6675394,-172781819.40262198,375828861.8215761,15099290716.336,15148036783.506895,-48746067.17089534
IRL,202410,1713385013.7122514,1242425284.5134504,470959729.19880104,2098838030.603095,1745336545.4858305,1263451142.633101,1358543556.6364233,835386887.9699941,386792988.8494072,15832984495.527014,15375836642.42112,457147853.1058941
IRL,202411,1627532290.0138361,1509543901.3051493,117988388.70868683,1775377892.9812984,1682794693.0442715,1539310497.8471546,1383237205.1437662,236067395.13414383,299557487.9005053,16379445102.922037,15985319879.421347,394125223.5006895
IRL,202412,1734248999.7736864,1238716861.8064008,495532137.96728563,1403261567.4310796,1759159163.6718242,1322265517.5108318,1375009052.663696,80996049.9202478,384150111.00812817,16961525780.020412,16227857754.633533,733668025.3868784
IRL,202501,1605350501.249118,1164418739.8917193,440931761.35739875,1387172064.4923773,1521937174.9682515,1357443471.4001179,1406339828.919368,29728593.092259407,115597346.04888344,17543085835.77965,16373528363.380882,1169557472.3987684
IRL,202502,1098957713.7997358,1212948152.7465205,-113990438.94678473,1279809176.2733853,1356747602.7322807,1492936448.860523,1390881812.5904908,-213127272.5871377,-34134209.85821009,17818197232.04886,16550330090.290878,1267867141.7579799
IRL,202503,2001100708.1888764,1237725107.0588253,763375601.1300511,1657457180.3662925,1441479473.710685,904327004.7549835,1251568975.0052083,753130175.6113089,189910498.70547676,18644057726.65056,16309209901.085318,2334847825.56524
IRL,202504,1077038370.7608569,805135187.1362998,271903183.624557,856385929.7544308,1264550762.1313696,721043269.2072,1039435574.2742354,135342660.54723072,225115187.85713422,18476786134.669586,15717864116.024302,2758922018.6452885
IRL,202505,1363738221.0521402,1085574437.1623378,278163783.88980246,1571909175.219681,1361917428.4468014,1539964633.7170467,1055111635.8930768,31944541.502634287,306805792.55372465,18229518612.22709,15384312840.373798,2845205771.8532896
IRL,202506,2057734574.4900887,1017810324.3883588,1039924250.1017299,1707043706.429735,1378446270.467949,814983617.9848496,1025330506.9696988,892060088.4448854,353115763.4982501,19022840558.504364,14877490247.898882,4145350310.605482
IRL,202507,1309244157.6400614,1144711921.7657154,164532235.87434602,1703898359.8735101,1660950413.8409755,1004166846.1727083,1119705032.6248682,699731513.7008018,541245381.2161074,18556944284.326183,14577009915.089306,3979934369.2368793
IRL,202508,1384509072.520576,1818420457.1555834,-433911384.6350074,1747623683.5664942,1719521916.6232464,1663845649.129544,1160998704.429034,83778034.4369502,558523212.1942124,18268727793.52106,14792959491.562012,3475768301.9590507
IRL,202509,2072831903.169906,1689022093.8985949,383809809.27131104,1854393803.502853,1768638615.647619,1741251709.3708448,1469754734.8910325,113142094.13200808,298883880.75658655,19045671526.37113,15166452468.828957,3879219057.542177
IRL,202510,1340815125.837944,2055768711.0399814,-714953585.2020373,1786236917.3223188,1796084801.463889,2028744643.0162115,1811280667.1722,-242507725.69389272,-15195865.708311081,18673101638.496826,15979795895.355488,2693305743.1413393
IRL,202511,1540177309.532236,1571736810.9701324,-31559501.43789625,1812879677.7522056,1817836799.5257924,1743238422.6990864,1837744925.0287142,69641255.05311918,-19908125.50292182,18585746658.015224,16041988805.02047,2543757852.9947557
IRL,202512,2584479678.4061527,1971925538.6663399,612554139.7398129,1950301814.4377193,1849806136.504081,2125959650.3553102,1965980905.3568695,-175657835.91759086,-116174768.85278845,19435977336.647694,16775197481.88041,2660779854.7672834
IRL,202601,2692364112.750221,1847255391.2118592,845108721.5383615,2113312839.1290755,1958831443.773,2127198785.9556587,1998798953.003352,-13885946.826583147,-39967509.230351925,20522990948.148796,17458034133.20055,3064956814.948246
IRL,202602,2052461807.5328255,1608109352.0267417,444352455.5060837,2432537515.6222134,2165384056.396336,2083548457.475627,2112235631.2621987,348989058.1465864,53148425.13413739,21476495041.881886,17853195332.48077,3623299709.4011145
IRL,202603,2578704520.0698047,3402468418.526655,-823763898.4568505,2059833701.8081856,2201894685.5198245,2231691815.572791,2147479686.3346922,-171858113.76460552,54414999.185132265,22054098853.76281,20017938643.9486,2036160209.814213
IRL,202604,3119962571.1669602,2596939582.286551,523022988.88040924,2254747622.570345,2249039613.3335814,2229225056.291418,2181488443.113279,25522566.27892685,67551170.22030258,24097023054.168915,21809743039.098854,2287280015.0700655
ISR,201701,663937730.4433118,305565506.02018034,358372224.42313147,430615201.4039624,,327450994.8313334,,103164206.57262897,,,,
ISR,201702,380945500.1883193,369454280.31450194,11491219.873817384,427411773.0618417,,350407461.28705096,,77004311.77479076,,,,
ISR,201703,462717589.8280718,359729892.5945393,102987697.23353249,439449361.60294026,432492112.0229148,338935261.93814594,338931239.3521767,100514099.66479433,93560872.6707381,,,
ISR,201704,413399915.5522875,274624101.9857303,138775813.56655723,428710909.2244528,431857347.96307826,328927790.9645705,339423504.7299225,99783118.25988227,92433843.23315579,,,
ISR,201705,443415944.3206726,267797093.29437497,175618851.0262976,405867717.83925056,424675996.2222145,341615155.12083524,336492736.0078506,64252562.71841532,88183260.21436393,,,
ISR,201706,472344068.7097623,315948196.2106948,156395872.4990675,408244360.0054972,414274329.0230668,371679181.1602594,347407375.7485551,36565178.84523779,66866953.274511695,,,
ISR,201707,455774304.3093244,418730458.0911741,37043846.21815026,420916700.6886626,411676259.5111368,381945410.38867813,365079915.556591,38971290.299984455,46596343.954545796,,,
ISR,201708,385804830.806028,430280188.0216452,-44475357.21561718,411750458.09945405,413637172.9312046,386426394.44046617,380016995.32980126,25324063.65898788,33620177.601403356,,,
ISR,201709,332110676.33472615,492082743.40026444,-159972067.0655383,431235784.60979784,421300981.13263816,745102784.5542418,504491529.794462,-313866999.94444394,-83190548.66182387,,,
ISR,201710,381733215.68980074,404338187.123395,-22604971.433594286,446010598.3807241,429665613.6966587,380276058.73214996,503935079.24228597,65734539.648574114,-74269465.5456273,,,
ISR,201711,358425597.65463555,456404192.5551986,-97978594.90056306,442599479.9065782,439948620.9657,378382300.27866894,501253714.52168685,64217179.62790924,-61305093.55598688,,,
ISR,201712,485790289.38128567,641103195.9649109,-155312906.5836252,417428338.8839212,435346139.05707455,418830697.5549987,392496352.18860584,-1402358.6710774899,42849786.8684687,5236399663.2182255,4736058035.57661,500341627.64161587
ISR,201801,623567993.0321703,388951580.03603816,234616412.99613214,455623552.9529348,438550457.2478114,407201444.1336279,401471480.65576524,48422108.81930691,37078976.59204614,5196029925.807084,4819444109.592467,376585816.21461654
ISR,201802,549981115.3495191,401710788.55342776,148270326.79609138,609095153.3606411,494049015.0658324,390154560.1555455,405395567.28139067,218940593.20509565,88653447.78444171,5365065540.968285,4851700617.831393,513364923.13689053
ISR,201803,726277847.1216178,534141369.67920303,192136477.44241476,686928858.6239911,583882521.6458557,501407097.27619207,432921033.8551218,185521761.34779906,150961487.79073387,5628625798.26183,5026112094.916058,602513703.3457729
ISR,201804,605777628.7217779,396498716.76603085,209278911.95574707,651808864.4636809,649277625.482771,451892659.6647752,447818105.6988376,199916204.79890567,201459519.78393346,5821003511.43132,5147986709.696358,673016801.7349627
ISR,201805,499826020.6149471,393848877.0965791,105977143.518368,464272003.42252403,601003242.1700653,472549493.777022,475283083.57266307,-8277490.354497969,125720158.59740222,5877413587.725595,5274038493.498562,603375094.2270331
ISR,201806,517643962.74524724,487838379.3865516,29805583.358695626,462858618.0030615,526313161.9630887,551578025.059422,492006726.1670731,-88719407.05636054,34306435.79601562,5922713481.76108,5445928676.674418,476784805.0866612
ISR,201807,464405093.17214775,353367498.12673056,111037595.04541719,433332559.5399894,453487726.9885249,327898752.4956288,450675423.7773576,105433807.04436064,2812303.2111673355,5931344270.623903,5380565716.709974,550778553.9139282
ISR,201808,385128899.56024224,397642953.3345967,-12514053.774354458,394029680.7004603,430073619.41450375,377971899.8977113,419149559.1509206,16057780.802749038,10924060.263583124,5930668339.378118,5347928482.022927,582739857.3551909
ISR,201809,296792533.34450674,257522810.16143999,39269723.183066756,361370763.83177835,396244334.6907427,357825777.9633165,354565476.78555214,3544985.8684618473,41678857.90519053,5895350196.3878975,5113368548.784102,781981647.6037959
ISR,201810,271093782.6215819,372594846.47262657,-101501063.85104465,301107670.700333,352169371.7441905,363874455.10835236,366557377.65646005,-62766784.408019364,-14388005.912269533,5784710763.319679,5081625208.133333,703085555.1863456
ISR,201811,291532976.1777172,414615003.8304996,-123082027.65278238,342997305.8573936,335158580.12983495,353866341.63005984,358522191.56724286,-10869035.772666216,-23363611.43740791,5717818141.842761,5039836019.408634,677982122.4341261
ISR,201812,258858945.3812185,452045914.1006514,-193186968.7194329,226363678.12824935,290156218.2286586,325664622.2841743,347801806.3408621,-99300944.15592498,-57645588.11220348,5490886797.842694,4850778737.544375,640108060.2983185
ISR,201901,323449474.61831623,317346259.98983353,6103214.628482699,263876571.8781855,277745851.95460945,325100046.755807,334877003.5566803,-61223474.87762147,-57131151.60207087,5190768279.42884,4779173417.498171,411594861.93066907
ISR,201902,273998987.92171216,279064071.9884606,-5065084.06674844,300187376.8814495,263475875.62929475,277897843.5081337,309554170.8493716,22289533.37331581,-46078295.22007686,4914786152.001033,4656526700.933204,258259451.06782928
ISR,201903,295481849.00052434,319017865.25720054,-23536016.256676197,277557318.5192206,280540422.4262852,297419203.32298577,300139031.1956422,-19861884.803765178,-19598608.769356966,4483990153.879939,4441403196.511201,42586957.36873832
ISR,201904,301745814.9195527,277399921.88731825,24345893.03223443,335785372.2745074,304510022.55839247,300678402.0378758,291998482.95633173,35106970.23663163,12511539.602060735,4179958340.077714,4322304401.632488,-142346061.5547743
ISR,201905,285398811.97741413,245889186.5195267,39509625.45788744,269237763.19612604,294193484.6632846,277541884.98406464,291879830.1149754,-8304121.787938595,2313654.548309207,3965531131.440181,4174344711.055436,-208813579.61525488
ISR,201906,287329163.12355393,248203998.76992312,39125164.35363081,264514860.0638348,289845998.5114894,270170724.4205192,282797003.81415313,-5655864.356684387,7048994.6973362565,3735216331.818488,3934710330.4388075,-199493998.6203197
ISR,201907,323484304.72800493,336189182.160509,-12704877.432504058,303175256.2457953,278975959.835252,319258898.6525959,288990502.6857266,-16083642.406800568,-10014542.850474596,3594295543.3743453,3917532014.4725857,-323236471.098241
ISR,201908,489304311.31644434,241200871.21166047,248103440.10478386,479610203.5133037,349100106.60764456,240310770.0789059,276580131.0506736,239299433.4343978,72519975.55697095,3698470955.130547,3761089932.34965,-62618977.21910265
ISR,201909,557537201.1918122,228055828.34720868,329481372.8446035,639065410.4946457,473950290.08458155,290535071.11430556,283368246.61526906,348530339.38034016,190582043.4693125,3959215622.9778523,3731622950.5354185,227592672.4424341
ISR,201910,411548442.16379875,275845412.0934315,135703030.07036728,436969960.0850188,518548524.6976561,278825060.22485095,269890300.4726874,158144899.86016786,248658224.22496867,4099670282.5200696,3634873516.1562233,464796766.363846
ISR,201911,541099372.3335037,325295407.80227953,215803964.5312242,601718062.3719938,559251144.3172194,285930811.0895608,285096980.8095724,315787251.282433,274154163.507647,4349236678.675856,3545553920.128003,803682758.5478525
ISR,201912,545189227.1385233,283110557.3898799,262078669.74864346,484910699.17208564,507866240.54303265,222908650.6049481,262554840.6397866,262002048.56713754,245311399.90324605,4635566960.433161,3376618563.4172316,1258948397.015929
ISR,202001,448192106.2270426,269157516.3564259,179034589.87061673,410720673.8582487,499116478.4674427,270445585.18572944,259761682.29341277,140275088.67251927,239354796.17402992,4760309592.041887,3328429819.783824,1431879772.2580628
ISR,202002,529899795.36826634,317574467.3941208,212325327.97414553,576873687.4701365,490835020.16682357,324956496.50399417,272770244.09822387,251917190.96614236,218064776.0685997,5016210399.4884405,3366940215.189484,1649270184.298957
ISR,202003,543905216.9166527,288507720.702611,255397496.21404165,509734041.00601774,499109467.4448009,268258107.48974776,287886729.72649044,241475933.51626998,211222737.71831048,5264633767.40457,3336430070.634895,1928203696.7696748
ISR,202004,369778875.42657405,259235743.43588382,110543131.99069023,425132124.97527945,503913284.48381114,269145559.06305844,287453387.6856001,155986565.912221,216459896.79821104,5332666827.911592,3318265892.1834607,2014400935.7281308
ISR,202005,546851315.118406,285377975.290586,261473339.82782006,533106884.8292427,489324350.2701799,305587359.46034724,280997008.6710511,227519525.36889547,208327341.59912884,5594119331.052584,3357754680.9545197,2236364650.098063
ISR,202006,488835932.83448166,300777230.9427065,188058701.89177513,471261509.43360263,476500173.07937485,316519399.088382,297084105.8705959,154742110.34522063,179416067.20877898,5795626100.763511,3410327913.127303,2385298187.6362076
ISR,202007,497143324.3185111,316790798.1106524,180352526.20785874,474860294.96397537,493076229.7422735,304757442.8871782,308954733.8119691,170102852.0767972,184121495.9303044,5969285120.354017,3390929529.077446,2578355591.2765703
ISR,202008,427173746.82617,282793996.04158956,144379750.78458047,402391353.98536325,449504386.127647,295122783.5021553,305466541.82590514,107268570.48320794,144037844.30174184,5907154555.863743,3432522653.9073753,2474631901.956367
ISR,202009,502853497.4653469,274859515.27104557,227993982.1943013,544169810.4997874,473807153.14970857,319058185.7577225,306312804.0490187,225111624.74206495,167494349.1006899,5852470852.137278,3479326340.8312125,2373144511.3060646
ISR,202010,504832433.7210149,309096882.47889644,195735551.24211848,512820167.0674286,486460443.85085964,322611307.8029697,312264092.35428244,190208859.2644589,174196351.4965772,5945754843.694494,3512577811.2166777,2433177032.477816
ISR,202011,425887471.87006474,294765439.0758315,131122032.79423326,455907634.37608975,504299203.9811018,267089978.3328552,302919823.96451575,188817656.04323456,201379380.01658607,5830542943.231055,3482047842.4902296,2348495100.740825
ISR,202012,521995491.93216383,397427052.10229,124568439.82987386,472718470.1048067,480482090.5161083,344365669.5153271,311355651.88371736,128352800.58947963,169126438.63239092,5807349208.024694,3596364337.202639,2210984870.8220553
ISR,202101,562786053.0737553,416957484.46691793,145828568.60683733,534584759.09240746,487736954.52443457,418846657.8842246,343434101.9108023,115738101.20818287,144302852.61363226,5921943154.8714075,3744164305.3131313,2177778849.558276
ISR,202102,488671226.75336224,578798586.6866833,-90127359.93332106,530519729.4410247,512607652.8794129,606422891.1711116,456545072.8568878,-75903161.73008686,56062580.02252507,5880714586.256504,4005388424.605694,1875326161.6508093
ISR,202103,460159080.96685016,487951211.8959811,-27792130.92913091,413596437.52776456,492900308.68706554,442792839.3710185,489354129.47545165,-29196401.84325397,3546179.2116138935,5796968450.306702,4204831915.799064,1592136534.5076368
ISR,202104,503771169.31227905,467073024.9577104,36698144.35456866,573148523.6491488,505754896.8726459,478238343.4960425,509151358.0127242,94910180.15310633,-3396461.140078306,5930960744.192406,4412669197.32089,1518291546.8715155
ISR,202105,570024938.2773218,447997063.45852286,122027874.81879896,572066760.5113788,519603907.2294306,460873802.06710005,460634994.97805375,111192958.44427872,58968912.25137687,5954134367.351321,4575288285.488828,1378846081.8624945
ISR,202106,649708197.2111075,501188292.54923356,148519904.66187394,645673615.4120578,596962966.5241951,504291007.194226,481134384.2524562,141382608.21783173,115828582.27173889,6115006631.727947,4775699347.095354,1339307284.6325932
ISR,202107,756542661.0030361,501829494.2466474,254713166.75638872,736843249.1330901,651527875.0188421,502537713.3008503,489234174.18739206,234305535.83223987,162293700.83145005,6374405968.412473,4960738043.23135,1413667925.181123
ISR,202108,782368326.512169,570332071.1609372,212036255.3512318,744849934.52861,709122266.3579192,595572312.6144621,534133677.70317954,149277621.91414785,174988588.65473968,6729600548.098472,5248276118.3506975,1481324429.7477744
ISR,202109,611601258.5554928,495014266.43053126,116586992.1249615,630598029.5196984,704097071.060466,528039388.4017796,542049804.772364,102558641.11791879,162047266.28810203,6838348309.188617,5468430869.510183,1369917439.6784346
ISR,202110,714531981.1816661,512595672.8891082,201936308.29255795,728834128.5743446,701427364.2075509,545817157.9810395,556476286.332427,183016970.5933051,144951077.87512386,7048047856.649268,5671929659.920395,1376118196.728874
ISR,202111,831488650.2599937,566976407.6276368,264512242.63235688,828179628.2659552,729203928.7866659,532968281.45013,535608275.9443164,295211346.8158252,193595652.84234953,7453649035.039197,5944140628.4722,1509508406.5669978
ISR,202112,808700579.5649319,660624559.0396106,148076020.52532125,778127525.5195408,778380427.4532801,581367240.3583156,553384226.596495,196760285.1612252,224996200.85678506,7740354122.671966,6207338135.409521,1533015987.2624452
ISR,202201,877912597.3778658,567501806.5129803,310410790.86488545,856803222.6906623,821036792.1587194,571370928.0234971,561902149.9439808,285432294.66716516,259134642.2147386,8055480666.976076,6357882457.455584,1697598209.520493
ISR,202202,751374711.8608524,491932585.76256055,259442126.0982918,829059775.1229515,821330174.4443847,530640780.8582669,561126316.4133599,298418994.2646846,260203858.0310248,8318184152.083566,6271016456.53146,2047167695.552106
ISR,202203,987187678.0037057,698080587.6276486,289107090.37605715,868773137.4424628,851545378.4186921,623272152.9240044,575094620.6019228,245500984.51845837,276450757.81676936,8845212749.120422,6481145832.263128,2364066916.857294
ISR,202204,863273451.214609,605603090.9261912,257670360.28841782,953739249.5913614,883857387.3855919,623103239.2045013,592338724.3289242,330636010.38686013,291518663.0566677,9204715031.02275,6619675898.231608,2585039132.7911434
ISR,202205,484783344.1085525,611948931.0845989,-127165586.97604638,493740198.9319793,772084195.3219343,630559725.235667,625645039.1213908,-136819526.3036877,146439156.20054352,9119473436.853983,6783627765.857685,2335845670.996298
ISR,202206,878271752.2865597,559206509.4892501,319065242.79730964,869178618.971698,772219355.8316795,558389261.2722073,604017408.5707918,310789357.6994908,168201947.26088762,9348036991.929436,6841645982.797702,2506391009.131734
ISR,202207,885433010.8784921,531782300.0075769,353650710.87091523,878461051.6980228,747126623.2005666,547598548.8876468,578849178.4651737,330862502.81037605,168277444.73539293,9476927341.80489,6871598788.558631,2605328553.2462597
ISR,202208,964323727.9714115,526135562.0775249,438188165.89388657,926599804.073625,891413158.2477819,537990741.1252673,547992850.4283737,388609062.9483577,343420307.8194082,9658882743.264133,6827402279.475218,2831480463.7889147
ISR,202209,901066066.7969579,588929349.9775596,312136716.8193983,909088862.0508255,904716572.607491,590591561.6184087,558726950.5437742,318497300.4324168,345989622.06371677,9948347551.505598,6921317363.022247,3027030188.4833517
ISR,202210,872225561.2296311,515465486.4240912,356760074.80553985,914681951.7798512,916790205.9681005,554561535.0641527,561047945.9359429,360120416.7156985,355742260.03215766,10106041131.553562,6924187176.55723,3181853954.9963336
ISR,202211,1053968087.0044111,549380114.1416863,504587972.8627248,998659052.5272139,940809955.45263,526115039.27558255,557089378.6527146,472544013.2516314,383720576.79991543,10328520568.297981,6906590883.07128,3421929685.2267017
ISR,202212,888040165.663571,580264314.0442399,307775851.6193311,858758312.3136498,924033105.5402383,499121512.567154,526599362.3022964,359636799.7464958,397433743.23794186,10407860154.39662,6826230638.075908,3581629516.320711
ISR,202301,568699157.8856326,415413030.2827305,153286127.6029021,562016774.9966273,806478046.612497,417873220.15635127,481036590.6663626,144143554.84027606,325441455.9461344,10098646714.904387,6674141861.845658,3424504853.058728
ISR,202302,742383624.5305107,398374964.5116519,344008660.0188588,819826383.0398159,746867156.7833643,446226025.4643481,454406919.3959511,373600357.5754678,292460237.3874132,10089655627.574045,6580584240.59475,3509071386.979295
ISR,202303,898163216.3389732,436949347.104459,461213869.2345142,775692752.8190992,719178636.9518474,391430522.7034132,418509922.7747042,384262230.115686,300668714.1771432,10000631165.909313,6319453000.071561,3681178165.837752
ISR,202304,699053317.7721981,349789549.09364796,349263768.6785501,730562352.6290897,775360496.1626682,368390166.7988693,402015571.6555435,362172185.8302204,373344924.5071247,9836411032.466902,6063639458.2390175,3772771574.2278843
ISR,202305,771954241.1089087,344594473.14651525,427359767.9623934,834345687.9487717,780200264.4656534,338842622.5367667,366221104.0130164,495503065.412005,413979160.452637,10123581929.467257,5796285000.300933,4327296929.166325
ISR,202306,786332403.7712649,399322570.500903,387009833.2703619,825390298.1228192,796766112.9002267,415610695.0044475,374281161.44669455,409779603.11837167,422484951.45353216,10031642580.951962,5636401061.312586,4395241519.639377
ISR,202307,619929949.8336763,338346183.1559577,281583766.67771864,617112798.0371323,758949594.7029076,337966413.2021193,364139910.2477779,279146384.835013,394809684.4551297,9766139519.907148,5442964944.460967,4323174575.446179
ISR,202308,716507029.2626969,360647128.9011039,355859900.36159295,699941636.0966475,714148244.085533,372624869.50749475,375400659.2380205,327316766.58915275,338747584.84751254,9518322821.198433,5277476511.284547,4240846309.913886
ISR,202309,846524903.1827055,394548740.84743226,451976162.33527327,855491272.8842704,724181902.3393499,392311995.5468805,367634426.08549815,463179277.33738995,356547476.2538517,9463781657.58418,5083095902.154419,4380685755.429761
ISR,202310,660967089.3099083,314560804.8154546,346406284.49445367,686804864.1463807,747412591.0424328,343292815.94428873,369409893.6662213,343512048.20209193,378002697.37621146,9252523185.664457,4882191220.545782,4370331965.118675
ISR,202311,776387515.623471,318850974.6296686,457536540.9938024,739383414.9945385,760559850.6750631,312933794.92270005,349512868.80462307,426449620.0718385,411046981.87044007,8974942614.283516,4651662081.033765,4323280533.249752
ISR,202312,769229959.6517519,432840731.7048159,336389227.94693595,715678063.8512717,713955447.6640636,377486372.0216743,344570994.296221,338191691.8295975,369384453.36784256,8856132408.271698,4504238498.694341,4351893909.577357
ISR,202401,689338311.4587244,427502074.0975585,261836237.36116588,683693959.7989918,712918479.5482672,413788850.83581567,368069672.59339666,269905108.96317613,344848806.9548706,8976771561.84479,4516327542.509169,4460444019.335621
ISR,202402,705715479.5052284,399341092.1013359,306374387.4038925,792013704.399837,730461909.3500334,460968457.43494153,417414560.09747714,331045246.9648955,313047349.25255626,8940103416.819508,4517293670.098853,4422809746.720655
ISR,202403,989967975.3959359,501707982.5748203,488259992.8211156,808499901.4784651,761402521.8924313,464640422.58117336,446465910.28397685,343859478.8972917,314936611.6084544,9031908175.87647,4582052305.569214,4449855870.307257
ISR,202404,828647958.8347121,415355563.8346224,413292395.00008976,761652012.6298423,787388539.5027148,399098926.33064264,441569268.7822525,362553086.29919964,345819270.72046226,9161502816.938984,4647618320.310188,4513884496.628796
ISR,202405,840636813.4896892,427269536.9138276,413367276.57586163,977004064.172065,849051992.7601241,400598175.3555006,421445841.42243886,576405888.8165644,427606151.3376852,9230185389.319765,4730293384.077501,4499892005.242265
ISR,202406,852074938.9268723,420930961.88340586,431143977.0434664,967513986.3865674,902056687.7294916,459380846.96437526,419692649.5501728,508133139.4221921,482364038.1793188,9295927924.475372,4751901775.460004,4544026149.015368
ISR,202407,880757355.2725705,498797274.78086996,381960080.49170053,890515570.9367553,945011207.1651292,486380812.28278774,448786611.5342212,404134758.65396756,496224595.630908,9556755329.914267,4912352867.084915,4644402462.82935
ISR,202408,854124159.7086934,464376459.2894135,389747700.4192799,854341066.8378947,904123541.3870722,489079314.64744204,478280324.63153505,365261752.19045264,425843216.75553715,9694372460.360264,5016082197.473225,4678290262.887037
ISR,202409,803909174.3447788,495955656.24981356,307953518.0949652,814857058.2749418,853237898.6831971,495776589.94447863,490412238.95823616,319080468.3304632,362825659.724961,9651756731.522337,5117489112.875607,4534267618.646729
ISR,202410,811395867.069596,470771390.19305784,340624476.8765382,835731255.467007,834976460.1932812,527766067.09050953,504207323.8941434,307965188.3764975,330769136.2991378,9802185509.282022,5273699698.25321,4528485811.028814
ISR,202411,825499751.2433361,561645747.2194555,263854004.0238806,794250388.3816541,814946234.041201,572204052.4527359,531915569.82924134,222046335.92891824,283030664.21195966,9851297744.90189,5516494470.842997,4334803274.058892
ISR,202412,973023856.0739263,606345854.6556339,366678001.4182924,873962111.6925886,834647918.5137497,543650231.6045465,547873450.3825973,330311880.088042,286774468.1311524,10055091641.324062,5689999593.793815,4365092047.530249
ISR,202501,937910753.0522873,472458617.48324394,465452135.5690434,947299283.3100978,871837261.1281134,433681568.77130955,516511950.942864,513617714.53878826,355325310.1852494,10303664082.917627,5734956137.1795,4568707945.738127
ISR,202502,795863404.669603,353621154.31284285,442242250.35676014,916879236.1981753,912713543.7336205,417949917.305334,465093905.89373,498929318.89284134,447619637.83989054,10393812008.082003,5689236199.391007,4704575808.690994
ISR,202503,909167457.1326948,459610707.95649564,449556749.1761992,687598127.3877567,850592215.6320099,435725097.85442,429118861.31035453,251873029.5333367,421473354.32165533,10313011489.81876,5647138924.772682,4665872565.046078
ISR,202504,455645730.81105137,378820010.09018916,76825720.72086221,369003346.7869542,657826903.4576286,334719720.5504682,396131578.5700741,34283626.23648602,261695324.88755453,9940009261.795097,5610603371.028249,4329405890.7668495
ISR,202505,555277707.4154649,607945528.0814718,-52667820.66600692,696988193.79261,584529889.3224403,542302687.8669982,437582502.0906288,154685505.92561185,146947387.23181146,9654650155.720875,5791279362.195893,3863370793.5249815
ISR,202506,554850857.1157485,408862710.1223208,145988146.99342775,683160757.1475044,583050765.9090228,469420780.5497325,448814396.3223996,213739976.59777194,134236369.5866232,9357426073.90975,5779211110.434808,3578214963.4749427
ISR,202507,776142706.8728399,520406832.79647404,255735874.0763659,791750657.9355799,723966536.2918981,492303092.8728919,501342187.09654087,299447565.062688,222624349.19535726,9252811425.510021,5800820668.450413,3451990757.0596075
ISR,202508,782654218.6741376,451696868.1032367,330957350.5709009,800122548.6459717,758344654.576352,484666962.83828133,482130278.7536352,315455585.8076903,276214375.8227168,9181341484.475464,5788141077.2642355,3393200407.2112293
ISR,202509,753651909.9783567,461244177.44957745,292407732.52877927,770886307.7731802,787586504.7849106,467172884.91409034,481380980.20842123,303713422.8590899,306205524.5764893,9131084220.109043,5753429598.464,3377654621.645043
ISR,202510,805053250.0970979,419815731.619653,385237518.4774449,818465368.9861927,796491408.4684482,483455087.8293133,478431645.19389504,335010281.1568794,318059763.2745531,9124741603.136543,5702473939.8905945,3422267663.2459497
ISR,202511,831623503.4506991,454465567.05613506,377157936.39456403,812012775.3484644,800454817.3692789,480384955.55133307,477004309.4315789,331627819.7971313,323450507.93770003,9130865355.343908,5595293759.727275,3535571595.616633
ISR,202512,903316326.2028676,522097167.0210548,381219159.1818128,780044273.8723924,803507472.7356831,482077787.7471405,481972610.37592894,297966486.1252519,321534862.35975415,9061157825.472849,5511045072.092695,3550112753.380153
ISR,202601,744166474.1664755,647759428.1641116,96407046.00236392,760373817.8686438,784143622.3631668,561542982.3788562,508001908.5591099,198830835.48978758,276141713.8040569,8867413546.587036,5686345882.773563,3181067663.813474
ISR,202602,612989469.3920345,446343920.328099,166645549.06393552,725080684.8442981,755166258.8617779,543279729.993355,528966833.37311727,181800954.8509431,226199425.48866063,8684539611.30947,5779068648.788818,2905470962.5206494
ISR,202603,1234133904.6535864,570232672.8417561,663901231.8118303,861854699.0714073,782436400.594783,554061388.7842029,552961367.052138,307793310.2872044,229475033.54264498,9009506058.83036,5889690613.67408,3119815445.1562805
ISR,202604,1161642860.1093972,709324767.4268411,452318092.68255603,822460879.0207862,803132087.6454972,571026979.8839101,556122699.5538226,251433899.1368761,247009388.09167457,9715503188.128706,6220195371.010732,3495307817.1179748
ITA,201701,523535837.43948853,535681803.4775385,-12145966.038049996,566756114.8340577,,499721258.0689303,,67034856.76512736,,,,
ITA,201702,555154171.5432307,484828583.9956072,70325587.54762346,564909199.3059164,,506305615.7692325,,58603583.53668392,,,,
ITA,201703,643397972.3610712,576534371.910905,66863600.450166225,590332460.4707029,573999258.203559,520148014.18466896,508724962.6742773,70184446.28603393,65274295.529281735,,,
ITA,201704,510402489.2344341,455749639.4136298,54652849.82080436,573152078.5363798,576131246.104333,503450956.8739811,509968195.6092942,69701121.6623987,66163050.49503887,,,
ITA,201705,597211680.503412,518207186.9147257,79004493.58868629,572567317.8413445,578683952.2828091,526426272.2887841,516675081.11581135,46141045.55256039,62008871.16699779,,,
ITA,201706,642784855.3965311,587040100.3931477,55744755.0033834,587080266.8675086,577599887.748411,537708691.6885356,522528640.2837669,49371575.17897308,55071247.464644134,,,
ITA,201707,632831425.5523648,540371842.7250825,92459582.82728231,576948196.1704271,578865260.2930933,533669755.8154519,532601573.2642572,43278440.354975164,46263687.02883613,,,
ITA,201708,449907827.62481093,437952710.81363696,11955116.811173975,493082552.24139667,552370338.4264442,598299069.1093317,556559172.2044398,-105216516.86793506,-4188833.7779955864,,,
ITA,201709,555208132.1079639,592266945.2601862,-37058813.152222276,584238582.3505248,551423110.2541162,552315231.7964841,561428018.9070892,31923350.55404067,-10004908.652973056,,,
ITA,201710,632280551.6081586,576169474.1572293,56111077.450929284,569528701.6130761,548949945.4016658,548051480.3856834,566221927.0971664,21477221.227392673,-17271981.695500612,,,
ITA,201711,604801227.8083476,579875340.5297,24925887.278647542,593408395.4615344,582391893.1417117,587510958.2386779,562625890.1402818,5897437.222856522,19766003.001429915,,,
ITA,201712,547490177.1937625,599063625.9610748,-51573448.76731229,591763977.2811214,584900358.1185772,562695199.8746111,566085879.4996575,29068777.406510234,18814478.61891973,6895006348.373576,6483741625.552464,411264722.8211123
ITA,201801,553248625.8570489,624911852.5247667,-71663226.66771781,606752034.0741565,597308135.605604,574355339.073002,574853832.3954303,32396695.001154542,22454303.210173726,6924719136.791137,6572971674.599692,351747462.19144446
ITA,201802,588683787.7992904,556541126.7886083,32142661.010682106,600789402.3873211,599768471.247533,579155963.7736905,572068834.2404345,21633438.613630652,27699637.007098436,6958248753.047195,6644684217.3926935,313564535.6545031
ITA,201803,631373708.6752294,634625914.4522318,-3252205.7770023346,584445957.4608797,597329131.3074524,573660230.0865535,575723844.311082,10785727.37432623,21605286.996370435,6946224489.361355,6702775759.93402,243448729.42733455
ITA,201804,647017137.2067789,550781458.2802346,96235678.92654431,689082805.4412054,624772721.7631354,588552254.2230347,580456149.3610929,100530551.21817064,44316572.40204251,7082839137.333699,6797807578.800624,285031558.5330745
ITA,201805,643902788.0673553,560412745.9327997,83490042.13455558,603514075.5349177,625680946.1456677,572997350.4861147,578403278.2652344,30516725.04880297,47277667.88043332,7129530244.897642,6840013137.818699,289517107.0789438
ITA,201806,617491846.0212302,610643863.8757528,6847982.145477414,577987983.1829958,623528288.0530397,567223337.5144037,576257647.4078511,10764645.668592095,47270640.64518857,7104237235.522342,6863616901.301304,240620334.2210378
ITA,201807,653585335.910804,617641925.8916758,35943410.0191282,607222390.9386867,596241483.2188668,607793036.054699,582671241.351739,-570645.1160122156,13570241.867127776,7124991145.88078,6940886984.467897,184104161.4128837
ITA,201808,529695433.7607655,428642419.03514856,101053014.72561693,599429317.4248589,594879897.1821805,572530507.2015845,582515626.9235624,26898810.22327447,12364270.258618116,7204778752.016736,6931576692.689408,273202059.32732666
ITA,201809,584637817.1356176,601150213.4366266,-16512396.30100894,604389487.0088493,603680398.457465,572071898.0059208,584131813.754068,32317589.002928495,19548584.703397036,7234208437.044389,6940459960.865849,293748476.17854
ITA,201810,668755999.3559896,599268588.8989204,69487410.45706916,615446539.2828476,606421781.2388519,580903144.3671544,575168516.5248865,34543394.91569328,31253264.713965416,7270683884.79222,6963559075.60754,307124809.18467987
ITA,201811,597946736.3381708,558711565.9101174,39235170.42805338,584943033.6380981,601593019.9765984,561323372.2264355,571432804.8665036,23619661.41166258,30160215.110094786,7263829393.322043,6942395300.987958,321434092.3340857
ITA,201812,562448857.3742659,522836325.33582824,39612532.038437665,593520543.1423655,597970038.6877704,502411029.8160024,548212515.469864,91109513.32636303,49757523.217906356,7278788073.502546,6866168000.362711,412620073.13983566
ITA,201901,522147129.31953615,630274090.5250089,-108126961.20547277,579529048.3977596,585997541.7260743,571422457.778679,545052286.607039,8106590.6190805435,40945255.11903536,7247686576.965034,6871530238.362953,376156338.6020807
ITA,201902,591885105.4511313,542825975.0793842,49059130.371747136,605611324.8375441,592886972.1258897,562774775.6498799,545536087.7481871,42836549.18766415,47350884.377702594,7250887894.616875,6857815086.6537285,393072807.96314573
ITA,201903,602147922.1353333,603454422.058606,-1306499.923272729,560855596.5245836,581998656.586629,545492412.3523996,559896548.5936528,15363184.17218399,22102107.99297619,7221662108.076979,6826643594.260103,395018513.81687534
ITA,201904,592497470.743299,554069626.9030697,38427843.84022927,599402625.5095294,588623182.2905524,574601750.5839802,560956312.8620867,24800874.92554915,27666869.428465724,7167142441.613499,6829931762.882938,337210678.7305603
ITA,201905,644891883.7109578,546306644.8494232,98585238.8615346,591902020.2087929,584053414.0809686,562278014.6136695,560790725.8500165,29624005.59512341,23262688.230952144,7168131537.257101,6815825661.7995615,352305875.4575393
ITA,201906,630052925.1706887,591854583.4894799,38198341.68120885,604649075.9142827,598651240.5442017,557082575.6599814,564654113.6192104,47566500.25430131,33997126.92499137,7180692616.40656,6797036381.413289,383656234.99327075
ITA,201907,615790808.5708101,567385960.1836205,48404848.38718963,582973354.043712,593174816.7222625,556091996.3817378,558484195.5517963,26881357.66197419,34690621.170466185,7142898089.0665655,6746780415.705234,396117673.3613322
ITA,201908,514052072.3232506,388959374.69988924,125092697.62336135,598972287.0198581,595531572.325951,508267426.8044888,540480666.2820693,90704860.21536934,55050906.043881655,7127254727.62905,6707097371.369974,420157356.2590766
ITA,201909,573945499.1356869,562898772.9869558,11046726.148731112,582231022.0935739,588058887.719048,545795513.4880629,536718312.2247632,36435508.60551107,51340575.49428481,7116562409.62912,6668845930.920303,447716478.70881665
ITA,201910,645193342.2341611,556194223.8527126,88999118.3814485,606804063.8718848,596002457.6617723,549550270.1719624,534537736.8215048,57253793.69992244,61464720.84026748,7092999752.507292,6625771565.874096,467228186.633196
ITA,201911,551891584.5791681,516204385.6822506,35687198.89691746,538914987.3326665,575983357.7660418,513500339.5797956,536282041.0799403,25414647.752870917,39701316.68610144,7046944600.748289,6583264385.646229,463680215.1020601
ITA,201912,580461079.8158573,572130442.1182575,8330637.697599769,597857043.1426829,581192031.4490781,561492304.7293204,541514304.8270262,36364738.4133625,39677726.622051835,7064956823.18988,6632558502.4286585,432398320.7612222
ITA,202001,533303964.22834474,624446319.9658498,-91142355.73750502,600039706.0346482,578937245.5033325,560303630.1268361,545098758.1453174,39736075.90781212,33838487.35801506,7076113658.098689,6626730731.869499,449382926.22918993
ITA,202002,570553094.756308,496097708.5221735,74455386.23413444,585098638.8599106,594331796.0124139,512628354.6041575,544808096.4867713,72470284.2557531,49523699.525642514,7054781647.403866,6580002465.312288,474779182.09157723
ITA,202003,543710897.4553897,507042496.78824466,36668400.66714507,510748227.31553817,565295524.0700324,458807334.31235653,510579773.0144501,51940893.00318164,54715751.055582285,6996344622.723922,6483590540.041927,512754082.68199503
ITA,202004,415477251.38481563,416730593.69241035,-1253342.3075947165,399054764.0762787,498300543.4172425,420331282.6086008,463922323.841705,-21276518.53232211,34378219.5755375,6819324403.365438,6346251506.831267,473072896.53417104
ITA,202005,475124744.69963557,469341422.6347192,5783322.064916372,428694304.54405016,446165765.3119557,485821177.50284976,454986598.141269,-57126872.9587996,-8820832.829313338,6649557264.354116,6269286284.616564,380270979.7375528
ITA,202006,577841552.1416395,497667300.38136256,80174251.76027691,566925558.9716115,464891542.5306468,473865893.880413,460006117.9972879,93059665.0911985,4885424.533358872,6597345891.325067,6175099001.508446,422246889.8166209
ITA,202007,659355430.0183135,505236363.1197584,154119066.8985551,637369714.9150571,544329859.4769063,493541156.27607435,484409409.219779,143828558.6389827,59920450.257127285,6640910512.772571,6112949404.444584,527961108.32798636
ITA,202008,509962102.91983086,395075670.8167787,114886432.10305214,609673578.6112176,604656284.1659621,504805487.97681,490737512.71109915,104868090.63440764,113918771.45486295,6636820543.369151,6119065700.561474,517754842.80767715
ITA,202009,637646048.2631346,593884838.7503064,43761209.51282823,635553769.6948209,627532354.4070319,586011473.0793247,528119372.4440697,49542296.61549616,99412981.96296221,6700521092.496599,6150051766.324824,550469326.1717743
ITA,202010,658374853.018134,593514253.8296312,64860599.18850279,634565858.2452407,626597735.5170931,599476305.7427965,563431088.9329771,35089552.50244415,63166646.58411598,6713702603.280571,6187371796.301743,526330806.97882855
ITA,202011,684662380.480418,598918572.8911067,85743807.58931124,666494186.9709244,645537938.303662,589058761.4122269,591515513.4114494,77435425.55869746,54022424.89221251,6846473399.181821,6270085983.510599,576387415.6712223
ITA,202012,734643400.3224834,587271720.8625405,147371679.45994294,738927656.661648,679995900.6259377,587307185.4680378,591947417.5410204,151620471.1936102,88048483.0849173,7000655719.688448,6285227262.254882,715428457.4335655
ITA,202101,598332275.1286486,602080509.1117932,-3748233.9831445217,674638339.5027875,693353394.3784533,539823119.0080053,572063021.9627568,134815220.4947822,121290372.4156965,7065684030.588751,6262861451.400825,802822579.187926
ITA,202102,651596685.9472542,592289423.0347239,59307262.9125303,666643814.5125395,693403270.2256583,607721398.1792636,578283900.8851023,58922416.333275914,115119369.34055603,7146727621.779697,6359053165.913376,787674455.8663219
ITA,202103,744573391.946927,704562279.0880615,40011112.8588655,692556666.9022137,677946273.6391802,631105068.4457964,592883195.2110218,61451598.45641732,85063078.4281584,7347590116.2712345,6556572948.213192,791017168.0580423
ITA,202104,751576503.6129481,642312972.8441747,109263530.76877332,710908287.2765079,690036256.2304202,645918371.0962224,628248279.2404275,64989916.180285454,61787976.98999274,7683689368.499368,6782155327.364958,901534041.1344104
ITA,202105,804548440.7955427,611552242.250385,192996198.54515767,723861081.6443204,709108678.6076807,634895332.010473,637306257.184164,88965749.63384736,71802421.42351663,8013113064.595275,6924366146.980622,1088746917.6146517
ITA,202106,687102506.7190547,675046932.8883691,12055573.830685616,688456815.8875104,707742061.6027795,647953445.1110048,642922382.7392335,40503370.77650559,64819678.863546014,8122374019.172689,7101745779.48763,1020628239.6850603
ITA,202107,701489757.4552686,670188118.3943186,31301639.06095004,685491166.6587633,699269688.0635314,652506562.5804218,645118446.5673,32984604.078341484,54151241.49623144,8164508346.609645,7266697534.76219,897810811.8474553
ITA,202108,569860834.2471677,533264338.55728924,36596495.689878464,685187235.2734224,686378405.9398986,667501475.2761747,655987160.9892005,17685759.997247696,30391244.950698137,8224407077.936981,7404886202.5027,819520875.4342816
ITA,202109,746170116.5486099,677970958.8940828,68199157.65452707,735722575.0779345,702133659.0033735,673640090.0345337,664549375.9637102,62082485.043400764,37584283.039663315,8332931146.222457,7488972322.646477,843958823.5759804
ITA,202110,707647383.6558521,726317337.2387922,-18669953.5829401,702756634.082132,707888814.811163,751646761.0076991,697596108.7728025,-48890126.92556715,10292706.038360476,8382203676.860175,7621775406.055637,760428270.8045375
ITA,202111,722994525.1021446,704494376.167143,18500148.93500161,704184442.4934471,714221217.2178379,671187533.0084078,698824794.6835469,32996909.485039234,15396422.534291029,8420535821.481901,7727351209.331673,693184612.1502279
ITA,202112,729571217.9798249,710889801.5619155,18681416.417909384,720550249.5803473,709163775.3853089,726848926.5544558,716561073.523521,-6298676.974108458,-7397298.138212085,8415463639.139243,7850969290.031049,564494349.1081944
ITA,202201,604500941.2479815,776447836.9797165,-171946895.731735,674090295.9292741,699608329.3343562,699042235.424937,699026231.6626003,-24951939.495662928,582097.6717559099,8421632305.258576,8025336617.8989725,396295687.3596039
ITA,202202,720567291.2820928,695757069.3729389,24810221.90915394,735416298.6970389,710018948.0688868,707432283.2894315,711107815.0896082,27984015.407607436,-1088867.0207214355,8490602910.593415,8128804264.237187,361798646.3562275
ITA,202203,766375128.9585376,775277987.8096707,-8902858.851133108,703196619.7597067,704234404.79534,679078665.959967,695184394.8914453,24117953.79973972,9050009.903894663,8512404647.605025,8199519972.9587965,312884674.6462289
ITA,202204,787016220.8066742,681481093.2392945,105535127.56737971,750317092.762149,729643337.0729648,692989272.0068898,693166740.4187628,57327820.755259156,36476596.654201984,8547844364.798751,8238688093.353916,309156271.4448353
ITA,202205,784783499.3483719,716734068.7777951,68049430.57057679,707165301.3162117,720226337.9460225,762503715.3576885,711523884.4415151,-55338414.041476846,8702453.504507422,8528079423.351581,8343869919.881327,184209503.47025442
ITA,202206,713920827.7980055,727176131.3039392,-13255303.505933762,724595973.2012677,727359455.7598761,697947834.8493644,717813607.4046475,26648138.35190332,9545848.355228662,8554897744.4305315,8395999118.296896,158898626.13363504
ITA,202207,726475476.5789138,731823456.9070929,-5347980.328179121,708446743.105505,713402672.5409948,706316342.82317,722255964.3434076,2130400.282335043,-8853291.802412868,8579883463.554176,8457634456.80967,122249006.74450588
ITA,202208,617200758.516965,559595253.1084296,57605505.40853548,728506748.751066,720516488.352613,692676099.0320783,698980092.2348709,35830649.7189877,21536396.11774206,8627223387.823975,8483965371.360811,143258016.4631629
ITA,202209,755042902.7213901,700727608.3603147,54315294.3610754,739559521.1559736,725504337.6708483,694909639.1654527,697967360.3402337,44649881.990520835,27536977.330614567,8636096173.996754,8506722020.827043,129374153.16971123
ITA,202210,730906793.7546992,667251649.6553138,63655144.09938538,733704175.4977936,733923481.8016111,706263595.2968333,697949777.8314549,27440580.20096028,35973703.97015619,8659355584.095602,8447656333.243565,211699250.8520367
ITA,202211,749650316.355387,797995784.836285,-48345468.48089802,733679953.3294791,735647883.3277487,720257241.2764281,707143491.9129047,13422712.053050995,28504391.414843917,8686011375.348845,8541157741.912707,144853633.43613708
ITA,202212,773692670.6476438,704660410.0710653,69032260.5765785,756155525.2950155,741179884.7074294,737196011.4565164,721238949.3432593,18959513.83849907,19940935.364170074,8730132828.016663,8534928350.421856,195204477.5948062
ITA,202301,700958290.2569429,786168013.1425066,-85209722.88556373,776956856.8321989,755597445.1522311,720047156.197932,725833469.6436256,56909700.63426685,29763975.50860548,8826590177.025623,8544648526.584646,281941650.44097745
ITA,202302,679583497.3201357,714303448.5109878,-34719951.190852046,689582930.2235779,740898437.450264,715316906.445732,724186691.3667269,-25733976.22215414,16711746.083537102,8785606383.063667,8563194905.722694,222411477.34097147
ITA,202303,848478304.0505173,852078778.3216476,-3600474.2711303234,769525950.6271445,745355245.8943071,721271380.6162456,718878481.0866365,48254570.01089883,26476764.807670593,8867709558.155647,8639995696.234673,227713861.92097425
ITA,202304,742002152.5585345,702615463.431657,39386689.12687755,754473026.7700431,737860635.8735884,734973269.5997586,723853852.2205788,19499757.17028451,14006783.653009653,8822695489.907507,8661130066.427034,161565423.4804721
ITA,202305,842014200.3904405,729189887.4017243,112824312.98871613,788638658.3663486,770879211.9211788,784853979.8967031,747032876.7042359,3784678.4696455,23846335.216942906,8879926190.949575,8673585885.050964,206340305.89861143
ITA,202306,878971367.7234339,823144619.4420295,55826748.281404376,883948220.7913911,809019968.6425943,788725455.7566855,769517568.4177157,95222765.03470564,39502400.22487867,9044976730.875004,8769554373.189054,275422357.68594956
ITA,202307,823436336.2499449,756810274.8592309,66626061.39071405,783346515.3309195,818644464.829553,751664315.4529337,775081250.368774,31682199.877985835,43563214.46077895,9141937590.546036,8794541191.141191,347396399.40484273
ITA,202308,692321541.9233477,593672922.7402616,98648619.18308616,786084205.5767039,817792980.5663382,703741352.7350312,748043707.9815502,82342852.84167266,69749272.58478796,9217058373.952417,8828618860.773026,388439513.1793934
ITA,202309,769036690.4276973,728879015.6034178,40157674.82427955,745988643.5449983,771806454.8175405,713506951.7037996,722970873.2972549,32481691.841198683,48835581.52028561,9231052161.658724,8856770268.016127,374281893.64259756
ITA,202310,773282710.4715072,658934977.3864619,114347733.08504534,758278391.6950611,763450413.6055878,707436609.5293915,708228304.6560742,50841782.16566956,55222108.949513674,9273428078.375532,8848453595.747276,424974482.6282575
ITA,202311,820739774.710925,645531654.3906692,175208120.32025576,806919652.696023,770395562.6453608,598487827.4447114,673143796.2259675,208431825.25131154,97251766.4193933,9344517536.731071,8695989465.301659,648528071.4294113
ITA,202312,802977178.5221088,640133960.0952101,162843218.42689872,789976951.1102142,785058331.8337661,690834019.1998835,665586152.0579954,99142931.91033077,119472179.77577066,9373802044.605536,8631463015.325804,742339029.2797315
ITA,202401,731686660.2428911,691371605.5148678,40315054.72802329,813272337.2152724,803389647.0071698,630563755.8985423,639961867.5143791,182708581.31673014,163427779.4927907,9404530414.591484,8536666607.698165,867863806.8933185
ITA,202402,770994082.9671754,615053183.7068237,155940899.26035166,769398065.655765,790882451.327084,620273654.8037449,647223809.9673902,149124410.85202014,143658641.35969377,9495941000.238522,8437416342.894002,1058524657.3445222
ITA,202403,793607428.5975266,856625951.8255372,-63018523.228010654,702490941.6133709,761720448.1614695,682578913.3012028,644472108.0011634,19912028.31216812,117248340.1603061,9441070124.785534,8441963516.39789,999106608.3876419
ITA,202404,731648201.6860723,633148669.7848462,98499531.90122616,829756085.6824746,767215030.9838701,677770006.0262989,660207524.7104155,151986079.65617573,107007506.27345467,9430716173.91307,8372496722.75108,1058219451.1619905
ITA,202405,848122679.1290612,620407776.0284624,227714903.1005988,830399531.9923007,787548853.0960487,674737910.2600583,678362276.5291867,155661621.73224247,109186576.56686199,9436824652.651691,8263714611.377818,1173110041.2738733
ITA,202406,786449240.8589823,748335483.2443926,38113757.61458969,781585158.9840544,813913592.2196099,716415533.0201524,689641149.7688366,65169625.963902,124272442.45077324,9344302525.78724,8188905475.180181,1155397050.6070585
ITA,202407,839872469.68254,627505866.2666031,212366603.41593695,774431997.6842105,795472229.5535218,635601813.2495983,675585085.5099363,138830184.43461227,119887144.04358542,9360738659.219835,8059601066.587553,1301137592.6322813
ITA,202408,723965977.6046438,587404256.7808232,136561720.8238206,788297145.6941445,781438100.7874699,662424177.6994215,671480507.989724,125872967.99472296,109957592.79774582,9392383094.90113,8053332400.628115,1339050694.273016
ITA,202409,830151696.1652793,714397203.3191835,115754492.8460958,797192404.7653036,786640516.0478863,690845910.8625454,662957300.6038551,106346493.90275824,123683215.44403112,9453498100.638712,8038850588.343882,1414647512.2948322
ITA,202410,813314262.0243484,640499474.2536721,172814787.77067626,775418352.1647258,786969300.8747247,697303280.5807984,683524456.3809218,78115071.5839274,103444844.4938029,9493529652.191555,8020415085.211091,1473114566.980463
ITA,202411,801082316.879784,577818192.9524971,223264123.92728686,790200246.4562163,787603667.7954153,534305314.20314544,640818168.5488298,255894932.2530709,146785499.2465855,9473872194.360413,7952701623.77292,1521170570.5874941
ITA,202412,791702581.2585893,629759596.4736111,161942984.78497815,783960119.0825062,783192905.9011494,706884212.591037,646164269.1249937,77075906.49146914,137028636.7761557,9462597597.096893,7942327260.15132,1520270336.9455736
ITA,202501,700870666.9297258,635963850.2300771,64906816.69964862,782396665.1819984,785519010.2402402,584790434.4183966,608659987.0708598,197606230.76360178,176859023.16938043,9431781603.783728,7886919504.866529,1544862098.917199
ITA,202502,790587074.8116773,541635958.2532772,248951116.55840015,774673751.4741021,780343511.9128689,547230174.0274192,612968273.6789509,227443577.44668293,167375238.23391795,9451374595.62823,7813502279.412983,1637872316.2152474
ITA,202503,754894545.5273327,853087365.3038008,-98192819.77646816,653714227.5819179,736928214.7460061,641601268.1722443,591207292.20602,12112959.409673572,145720922.53998613,9412661712.558037,7809963692.891247,1602698019.66679
ITA,202504,764660407.8915585,651805160.650919,112855247.24063957,963155511.0027951,797181163.3529383,715746567.7978748,634859336.6658462,247408943.2049203,162321826.68709207,9445673918.763523,7828620183.757319,1617053735.0062034
ITA,202505,748628905.4988878,658693449.7925813,89935455.70630646,766999310.7821391,794623016.4556173,725221995.8043289,694189943.924816,41777314.977810144,100433072.5308013,9346180145.13335,7866905857.521439,1479274287.6119108
ITA,202506,815660336.5928948,739448152.2844732,76212184.30842161,801151144.3868854,843768655.3906065,707731722.1155001,716233428.5725679,93419422.27138531,127535226.81803858,9375391240.867262,7858018526.56152,1517372714.3057427
ITA,202507,906416215.1131158,693988334.5313382,212427880.58177757,808963764.2454709,792371406.4714985,718217847.1255066,717057188.3484453,90745917.11996424,75314218.1230532,9441934986.297836,7924500994.826254,1517433991.4715834
ITA,202508,651962781.5349638,699583805.8954735,-47621024.360509634,680823893.3611859,763646267.3311807,749623078.6954356,725190882.6454808,-68799185.33424973,38455384.68569994,9369931790.228159,8036680543.940905,1333251246.2872531
ITA,202509,845061583.4388045,766512380.1297915,78549203.30901301,802327282.242949,764038313.2832018,732114051.8439218,733318325.888288,70213230.39902723,30719987.394913793,9384841677.501682,8088795720.751512,1296045956.7501702
ITA,202510,892290265.3083767,881630059.5366325,10660205.771744132,825030894.0555751,769394023.2199033,972295168.516689,818010766.3520155,-147264274.4611138,-48616743.132112145,9463817680.785711,8329926306.034472,1133891374.7512383
ITA,202511,800438884.4624445,790363238.327532,10075646.13491249,792696061.4585872,806684745.9190372,730142474.8694739,811517231.7433616,62553586.589113235,-4832485.824324369,9463174248.368372,8542471351.409508,920702896.958864
ITA,202512,1062842189.2382045,629476693.3537576,433365495.88444686,1060419424.2005334,892715459.9048986,736184132.455632,812873925.2805983,324235291.7449014,79841534.62430036,9734313856.347988,8542188448.289654,1192125408.0583327
ITA,202601,707313541.4267082,801387774.9501922,-94074233.52348399,795888873.2144464,883001452.9578557,742791750.1052659,736372785.8101239,53097123.10918057,146628667.14773178,9740756730.84497,8707612373.00977,1033144357.8352001
ITA,202602,861258430.2453991,734737592.9790485,126520837.26635063,826435789.9782168,894248029.1310655,744052173.2661489,741009351.942349,82383616.71206784,153238677.18871653,9811428086.27869,8900714007.73554,910714078.5431505
ITA,202603,952624731.9499663,1061912517.6109872,-109287785.66102087,807218533.5107554,809847732.2344729,753180469.8765306,746674797.7493151,54038063.63422477,63172934.48515773,10009158272.701324,9109539160.042727,899619112.6585978
ITA,202604,569718218.8902272,668934653.31194,-99216434.42171276,798418153.8703591,810690825.7864437,753482137.0358087,750238260.059496,44936016.83455038,60452565.726947665,9814216083.699993,9126668652.703747,687547430.9962455
JPN,201701,5297265003.576235,2634989517.439871,2662275486.136364,5967758945.134695,,2687705630.7372456,,3280053314.3974495,,,,
JPN,201702,6017784702.211515,2468853916.7075677,3548930785.5039477,6238906163.777934,,2778227450.86625,,3460678712.911684,,,,
JPN,201703,6456538149.7851515,3020118172.3883185,3436419977.396833,6052870175.713308,6086511761.54198,2802295276.656538,2756076119.420011,3250574899.0567703,3330435642.1219687,,,
JPN,201704,6134854285.588867,2791579995.640596,3343274289.9482713,6103368158.879964,6131714832.790402,2863264751.778274,2814595826.433687,3240103407.10169,3317119006.356715,,,
JPN,201705,5641812992.651666,2688009330.297059,2953803662.3546066,6252878160.079317,6136372164.890862,2851055164.936385,2838871731.123732,3401822995.142932,3297500433.7671304,,,
JPN,201706,6393347102.665207,3123442123.035738,3269904979.629469,6232016140.779096,6196087486.579459,3001176439.464389,2905165452.059683,3230839701.314707,3290922034.5197763,,,
JPN,201707,6179163796.561105,3135905110.8555727,3043258685.705532,6274568580.273407,6253154293.710607,2995966741.181444,2949399448.527406,3278601839.091963,3303754845.1832004,,,
JPN,201708,6482562705.016112,3009000665.7631626,3473562039.2529497,6207206595.296932,6237930438.783145,3029530044.3064027,3008891074.984079,3177676550.9905295,3229039363.799066,,,
JPN,201709,6628834653.44932,3115873645.5284824,3512961007.9208374,6535346373.858462,6339040516.476268,2966236826.3957033,2997244537.294516,3569109547.462759,3341795979.1817517,,,
JPN,201710,6482146945.814737,2879333816.1967764,3602813129.617961,6376202301.990628,6372918423.715341,2915355402.5772643,2970374091.093123,3460846899.413364,3402544332.6222177,,,
JPN,201711,6795935761.092723,3071158737.915518,3724777023.177205,6666510426.706153,6526019700.851748,3023236332.1531734,2968276187.042047,3643274094.5529795,3557743513.8097014,,,
JPN,201712,7386014174.7022295,3233720645.120748,4152293529.5814815,6621555370.488811,6554756033.061864,3128375283.2468696,3022322339.325769,3493180087.241941,3532433693.736095,75896260273.11487,35171985676.88941,40724274596.22546
JPN,201801,6216029228.119993,3175528324.184038,3040500903.935955,7103550978.250613,6797205591.815193,3224595776.1221166,3125402463.8407197,3878955202.1284966,3671803127.9744735,76815024497.65863,35712524483.633575,41102500014.025055
JPN,201802,6323104592.991421,2848236684.8815155,3474867908.1099052,6581228234.408889,6768778194.382771,3209541632.239601,3187504230.5361958,3371686602.1692877,3581273963.846575,77120344388.43854,36091907251.807526,41028437136.631004
JPN,201803,7539725066.12487,3332294427.100696,4207430639.024174,7117604486.138539,6934127899.599347,3172083941.5767136,3202073783.3128104,3945520544.5618258,3732054116.2865367,78203531304.77824,36404083506.5199,41799447798.25835
JPN,201804,6939352393.94179,3138370257.00843,3800982136.9333596,7030008639.692702,6909613786.746711,3202516134.652713,3194713902.8230095,3827492505.0399895,3714899883.9237013,79008029413.13116,36750873767.88773,42257155645.24344
JPN,201805,6603778241.377119,3104538979.291023,3499239262.0860963,7339975696.297004,7162529607.3760805,3258059635.9967637,3210886570.7420635,4081916060.30024,3951643036.634017,79969994661.85663,37167403416.8817,42802591244.97493
JPN,201806,6989211131.634754,3179054599.140797,3810156532.493957,6791284152.50237,7053756162.830692,3106578810.219183,3189051526.95622,3684705342.283187,3864704635.874472,80565858690.82617,37223015892.986755,43342842797.83942
JPN,201807,6932465441.291666,3278365181.541195,3654100259.750471,6956058453.009409,7029106100.602927,3176624873.2637343,3180421106.493227,3779433579.7456746,3848684994.1097,81319160335.55673,37365475963.67238,43953684371.88435
JPN,201808,7299458111.245269,3119873047.2221074,4179585064.0231614,7014177441.227975,6920506682.246585,3162595542.9703016,3148599742.151073,3851581898.2576733,3771906940.095512,82136055741.78589,37476348345.131325,44659707396.654564
JPN,201809,6692217252.274712,3487915247.7019687,3204302004.572743,6526377596.845231,6832204497.027538,3307000579.7187567,3215406998.650931,3219377017.1264744,3616797498.3766074,82199438340.61128,37848389947.30482,44351048393.30647
JPN,201810,6973357613.753831,3347887165.305133,3625470448.448698,6759564802.488449,6766706613.520551,3288202394.8201194,3252599505.836393,3471362407.6683297,3514107107.684158,82690649008.55038,38316943296.41317,44373705712.13721
JPN,201811,6497735421.807526,3424410386.9620442,3073325034.8454814,6402507244.786817,6562816548.040166,3371929583.8394537,3322377519.4594436,3030577660.947363,3240439028.5807223,82392448669.26517,38670194945.459694,43722253723.80549
JPN,201812,6564648795.437299,3284420789.5071692,3280228005.9301295,5831828905.302337,6331300317.525867,3144037490.0287504,3268056489.5627747,2687791415.2735863,3063243827.963093,81571083290.00024,38720895089.846115,42850188200.15414
JPN,201901,5616443953.422471,3225755579.857964,2390688373.564507,6492924857.753282,6242420335.947479,3268542385.9867163,3261503153.284973,3224382471.7665653,2980917182.662506,80971498015.30272,38771122345.52004,42200375669.782684
JPN,201902,5980259460.027762,2686893857.3450007,3293365602.6827617,6245489255.326834,6190081006.127484,3032116562.905938,3148232146.307135,3213372692.4208956,3041848859.820349,80628652882.33907,38609779517.98353,42018873364.355545
JPN,201903,6827054525.413336,3271928878.652521,3555125646.7608147,6482145172.039113,6406853095.039742,3200371197.63862,3167010048.843758,3281773974.400493,3239843046.1959844,79915982341.62753,38549413969.535355,41366568372.09218
JPN,201904,6252326284.671736,2885095938.4580255,3367230346.2137103,6438236490.414556,6388623639.260167,2925361117.694759,3052616292.746439,3512875372.7197967,3336007346.513728,79228956232.35748,38296139650.984955,40932816581.372536
JPN,201905,5811614581.79951,3035295132.0594335,2776319449.7400765,6471289187.995234,6463890283.482967,3151527322.3806577,3092419879.2380123,3319761865.614576,3371470404.244955,78436792572.77988,38226895803.753365,40209896769.02651
JPN,201906,6820252727.599913,3193233401.1751246,3627019326.424788,6614303911.234841,6507943196.54821,3166513595.5655527,3081134011.880323,3447790315.6692886,3426809184.667887,78267834168.74504,38241074605.78769,40026759562.957344
JPN,201907,6561200954.685015,3219547436.0730643,3341653518.6119504,6497361977.167246,6527651692.13244,3154658410.6557217,3157566442.867311,3342703566.511524,3370085249.2651286,77896569682.13838,38182256860.31956,39714312821.81882
JPN,201908,6952417603.677058,3113417983.4351683,3838999620.24189,6709789878.028797,6607151922.143628,3168263168.705668,3163145058.308981,3541526709.323129,3444006863.834647,77549529174.57016,38175801796.53262,39373727378.03755
JPN,201909,6903373828.323178,3351622378.382881,3551751449.940297,6666411975.841775,6624521277.012607,3161419666.5021853,3161447081.954525,3504992309.3395896,3463074195.0580816,77760685750.61864,38039508927.21353,39721176823.405106
JPN,201910,7114376028.490028,3487195506.0678105,3627180522.422218,6807504009.746403,6727901954.538991,3332076499.123639,3220586444.777164,3475427510.6227636,3507315509.761827,77901704165.35484,38178817267.97621,39722886897.378624
JPN,201911,6856607589.856244,3214663316.7816777,3641944273.0745664,6789899196.538166,6754605060.708781,3157376624.6251636,3216957596.7503295,3632522571.9130025,3537647463.9584517,78260576333.40355,37969070197.795845,40291506135.607704
JPN,201912,7521978427.0337715,3383078891.5878854,4138899535.445886,6627905754.562637,6741769653.615735,3203817918.354322,3231090347.367708,3424087836.2083154,3510679306.248027,79217905965.00003,38067728299.87656,41150177665.12347
JPN,202001,5601518177.516529,3105008804.359033,2496509373.157496,6526154497.612568,6647986482.904457,3160631471.9450674,3173942004.974851,3365523025.6675005,3474044477.929606,79202980189.09409,37946981524.377625,41255998664.71645
JPN,202002,6520712116.780063,2983686422.465235,3537025694.3148274,6830014372.774582,6661358208.316596,3380628396.5976105,3248359262.299,3449385976.1769714,3412998946.0175962,79743432845.84637,38243774089.49786,41499658756.34852
JPN,202003,6935443987.337449,3269171646.291843,3666272341.045606,6637741672.981237,6664636847.789462,3294904755.2821283,3278721541.2749352,3342836917.699109,3385915306.514527,79851822307.7705,38241016857.137184,41610805450.633316
JPN,202004,6365226518.565642,3173502788.871336,3191723729.6943064,6662118455.890135,6709958167.215318,3203037759.026664,3292856970.302134,3459080696.863471,3417101196.9131837,79964722541.6644,38529423707.55049,41435298834.11391
JPN,202005,5961631892.461018,3193097828.619619,2768534063.8413987,6665453421.920772,6655104516.930715,3283202389.5324354,3260381634.613743,3382251032.388336,3394722882.316972,80114739852.3259,38687226404.11067,41427513448.21523
JPN,202006,6345656440.098001,3217960879.6093845,3127695560.488616,6154416932.370614,6493996270.060506,3214541588.2913966,3233593912.2834983,2939875344.0792174,3260402357.7770076,79640143564.82399,38711953882.54494,40928189682.27905
JPN,202007,6845608350.48151,3146331034.417749,3699277316.063761,6705442797.73989,6508437717.343759,3106227871.2834992,3201323949.702444,3599214926.456391,3307113767.6413145,79924550960.62048,38638737480.889626,41285813479.73087
JPN,202008,6982331284.360484,2993484363.040162,3988846921.320322,6804939941.052314,6554933223.72094,3044881453.249669,3121883637.608188,3760058487.8026447,3433049586.1127515,79954464641.30392,38518803860.49461,41435660780.8093
JPN,202009,7352191316.020231,3469061235.0998054,3883130080.920426,7037869832.243384,6849417523.678529,3263083239.3739824,3138064187.96905,3774786592.869402,3711353335.709479,80403282129.00098,38636242717.21154,41767039411.78943
JPN,202010,7406913016.114215,3625613871.6244235,3781299144.4897914,7030061747.280898,6957623840.192199,3399619095.4629526,3235861262.695535,3630442651.8179455,3721762577.4966636,80695819116.62515,38774661082.76815,41921158033.857
JPN,202011,7055876557.864135,3208186959.8704233,3847689597.9937115,7024147606.1441145,7030693061.889465,3153025932.145682,3271909422.327539,3871121673.9984326,3758783639.5619264,80895088084.63304,38768184725.856895,42126903358.77615
JPN,202012,8384739325.918543,3688347559.7903876,4696391766.128155,7355814021.817533,7136674458.414182,3455094644.7435484,3335913224.117395,3900719377.073984,3800761234.296787,81757848983.51782,39073453394.0594,42684395589.45841
JPN,202101,7417825874.009307,3753771694.895501,3664054179.113806,8597336495.742,7659099374.567883,3891111731.0479255,3499744102.645718,4706224764.694075,4159355271.9221644,83574156680.0106,39722216284.59587,43851940395.41473
JPN,202102,7173245428.488598,3038386883.561158,4134858544.9274397,7461095977.50055,7804748831.686694,3458883674.96085,3601696683.584108,4002212302.5397005,4203052148.1025863,84226689991.71913,39776916745.69179,44449773246.027336
JPN,202103,7854616830.195791,3350807656.4991884,4503809173.696603,7446081410.924354,7834837961.388968,3488389649.851375,3612795018.62005,3957691761.0729785,4222042942.7689185,85145862834.57748,39858552755.89914,45287310078.67833
JPN,202104,8411121868.789295,3766823248.577083,4644298620.212212,8808794367.684082,7905323918.702995,3763176676.2739663,3570150000.362064,5045617691.410116,4335173918.340931,87191758184.80113,40451873215.60488,46739884969.19624
JPN,202105,7208570572.116462,3502374141.3422627,3706196430.774199,8038370838.120673,8097748872.243037,3541154086.956375,3597573471.027239,4497216751.164298,4500175401.215798,88438696864.45657,40761149528.32753,47677547336.129036
JPN,202106,8034741323.807007,3670554567.6833315,4364186756.123675,7841291278.158972,8229485494.654575,3593610262.0976954,3632647008.442679,4247681016.0612764,4596838486.211897,90127781748.16557,41213743216.401474,48914038531.76411
JPN,202107,8458458787.69509,3967408100.6115785,4491050687.083511,8235593351.574474,8038418489.284706,3921870059.1123605,3685544802.7221437,4313723292.462114,4352873686.562563,91740632185.37917,42034820282.59531,49705811902.78385
JPN,202108,8226466219.886226,3819552834.3549237,4406913385.5313015,8189169893.6015,8088684841.111649,3829638633.186732,3781706318.1322627,4359531260.414768,4306978522.979385,92984767120.9049,42860888753.910065,50123878366.99483
JPN,202109,8622973232.301743,4268810199.2646103,4354163033.037132,8229586623.922167,8218116623.032714,4013942535.8227663,3921817076.0406194,4215644088.0994005,4296299546.992094,94255549037.1864,43660637718.07487,50594911319.11154
JPN,202110,8682105193.791565,4125064134.104524,4557041059.68704,8311512946.10911,8243423154.544259,3953696176.890508,3932425781.9666686,4357816769.218601,4310997372.577591,95530741214.86377,44160087980.55498,51370653234.308784
JPN,202111,8593634494.859474,4180013432.2085395,4413621062.650934,8633426084.427002,8391508551.486093,4087567204.9295344,4018401972.547603,4545858879.497467,4373106578.93849,97068499151.8591,45131914452.89309,51936584698.966
JPN,202112,9552825828.782238,4357829521.894074,5194996306.888164,8408166521.78953,8451035184.108548,4048395351.2545986,4029886244.3582134,4359771170.534931,4421148939.750335,98236585654.7228,45801396414.99677,52435189239.72602
JPN,202201,7432450834.006747,3973205656.391882,3459245177.6148653,8529669021.566613,8523753875.927715,4220681424.4251404,4118881326.869758,4308987597.141473,4404872549.057957,98251210614.72023,46020830376.49316,52230380238.22708
JPN,202202,8086705971.3476515,3650099478.833507,4436606492.514145,8463431716.558493,8467089086.638211,4233986598.544633,4167687791.4081235,4229445118.0138597,4299401295.230087,99164671157.5793,46632542971.7655,52532128185.81378
JPN,202203,8888386308.988499,4594367984.034955,4294018324.9535437,8214511764.609864,8402537500.911656,4836599912.382759,4430422645.117511,3377911852.227105,3972114855.7941456,100198440636.372,47876103299.30127,52322337337.07072
JPN,202204,7861269681.546798,4143393269.008872,3717876412.5379257,8160652956.654002,8279532145.940787,4068231411.451468,4379605974.1262865,4092421545.202534,3899926171.814501,99648588449.1295,48252673319.73306,51395915129.39643
JPN,202205,7359477459.239346,4347230328.968253,3012247130.2710924,8203308114.772935,8192824278.678933,4306634242.422578,4403821855.418935,3896673872.350357,3789002423.2599983,99799495336.2524,49097529507.359055,50701965828.89333
JPN,202206,8416048275.96237,4622819942.826746,3793228333.135624,8306567682.235839,8223509584.554259,4419973674.12284,4264946442.665629,3886594008.112999,3958563141.8886304,100180802288.40775,50049794882.502464,50131007405.90527
JPN,202207,8723638243.018845,4368975905.109679,4354662337.909165,8524509875.294964,8344795224.101246,4336284937.492241,4354297618.012553,4188224937.802723,3990497606.0886927,100445981743.7315,50451362687.000565,49994619056.730934
JPN,202208,7761929733.608631,4524773203.144045,3237156530.4645863,7694651260.220126,8175242939.25031,4493416837.706825,4416558483.107303,3201234422.513301,3758684456.1430073,99981445257.4539,51156583055.78969,48824862201.664215
JPN,202209,8207742334.325756,4530900016.493459,3676842317.8322973,7843056946.395461,8020739360.636849,4223784042.4745455,4351161939.224537,3619272903.9209156,3669577421.4123125,99566214359.4779,51418672873.01854,48147541486.45939
JPN,202210,8034853329.834577,4834118805.5512295,3200734524.283347,7759335562.00657,7765681256.207385,4785690971.902732,4500963950.694701,2973644590.103838,3264717305.512684,98918962495.52092,52127727544.46524,46791234951.055695
JPN,202211,7414812526.463193,4504730320.774481,2910082205.688712,7508175522.018211,7703522676.806747,4351675201.28988,4453716738.555718,3156500320.7283316,3249805938.251029,97740140527.12465,52452444433.03118,45287696094.09346
JPN,202212,8367437684.207498,4700892788.860369,3666544895.347129,7423996352.235008,7563835812.0865965,4347432400.998277,4494932858.063629,3076563951.2367315,3068902954.0229673,96554752382.54991,52795507699.99748,43759244682.55243
JPN,202301,6400060674.593317,3921875826.0874834,2478184848.5058336,7253350580.732729,7395174151.661983,4284276172.373698,4327794591.553951,2969074408.3590307,3067379560.1080313,95522362223.13647,52744177869.69308,42778184353.4434
JPN,202302,6986301391.800101,3577633980.57852,3408667411.2215815,7396680534.360483,7358009155.776073,4157028783.1311483,4262912452.167708,3239651751.229335,3095096703.6083655,94421957643.58893,52671712371.438095,41750245272.15084
JPN,202303,8375310975.903664,3888638439.9627647,4486672535.940899,7555860005.002912,7401963706.698708,4074800698.1635556,4172035217.8894672,3481059306.839356,3229928488.8092403,93908882310.50409,51965982827.3659,41942899483.1382
JPN,202304,7151827171.882539,4430582469.245762,2721244702.636777,7321441506.446946,7424660681.93678,4269722543.512799,4167184008.2691674,3051718962.9341474,3257476673.6676126,93199439800.83983,52253172027.60279,40946267773.237045
JPN,202305,6213617411.520528,4400311269.631597,1813306141.8889313,6944381538.441774,7273894349.963878,4405308539.112618,4249943926.9296575,2539072999.329156,3023950423.03422,92053579753.12102,52306252968.26613,39747326784.85488
JPN,202306,7130418951.365912,3694702385.5308347,3435716565.835078,7148646843.106123,7138156629.3316145,3384232864.520981,4019754649.0487995,3764413978.585142,3118401980.282815,90767950428.52457,51378135410.97022,39389815017.55434
JPN,202307,7042201579.372,4130489530.0185995,2911712049.3534,6910652161.730529,7001226847.759476,4174758777.4674125,3988100060.367004,2735893384.2631164,3013126787.392472,89086513764.8777,51139649035.87914,37946864728.998566
JPN,202308,6546570980.640497,4213675420.93341,2332895559.707087,6474695963.719875,6844664989.518842,4239275097.2508616,3932755579.746418,2235420866.4690137,2911909409.7724237,87871155011.90958,50828551253.66851,37042603758.24107
JPN,202309,7322298814.219673,3598741478.459819,3723557335.7598543,6960040409.069415,6781796178.173274,3401984278.6320534,3938672717.783442,3558056130.4373617,2843123460.389832,86985711491.80351,49896392715.634865,37089318776.168625
JPN,202310,7180815210.328831,3980630008.880604,3200185201.448227,6962539540.465818,6799091971.085036,4086515593.702071,3909258323.1949954,2876023946.763747,2889833647.890041,86131673372.29776,49042903918.96424,37088769453.33351
JPN,202311,7120630188.369243,4183233972.420728,2937396215.9485145,7273928219.907343,7065502723.147525,4069486883.833309,3852662252.0558114,3204441336.0740337,3212840471.0917134,85837491034.2038,48721407570.61049,37116083463.593315
JPN,202312,8263447463.765861,4252343770.5334015,4011103693.232459,7419572062.909909,7218679941.094357,3937947221.1895595,4031316566.2416463,3481624841.72035,3187363374.8527102,85733500813.76216,48272858552.28352,37460642261.47864
JPN,202401,6565866607.303185,3375087259.311794,3190779347.9913917,7361619770.282289,7351706684.366513,3849938033.7177243,3952457379.580198,3511681736.564564,3399249304.7863154,85899306746.47205,47726069985.507835,38173236760.9642
JPN,202402,6630197154.496505,3200832701.038006,3429364453.458499,7082230379.729518,7287807404.307239,3595484074.5756583,3794456443.1609807,3486746305.1538596,3493350961.146258,85543202509.16843,47349268705.967316,38193933803.20111
JPN,202403,8445095715.076629,3914473042.3814163,4530622672.695212,7493842421.077388,7312564190.363065,3897330737.9801645,3780917615.4245152,3596511683.0972233,3531646574.9385495,85612987248.3414,47375103308.38597,38237883939.95543
JPN,202404,7393819552.834329,3158757092.4317636,4235062460.402565,7364002592.183173,7313358464.330026,2919599634.727152,3470804815.7609916,4444402957.456021,3842553648.569034,85854979629.2932,46103277931.571976,39751701697.721214
JPN,202405,6920273573.892806,3498697523.830141,3421576050.062665,7774974806.005639,7544273273.088733,3532026963.7566905,3449652445.4880023,4242947842.2489486,4094620827.6007304,86561635791.66547,45201664185.77052,41359971605.89495
JPN,202406,7498008684.807782,4202639288.546798,3295369396.260984,7639827945.161963,7592935114.450259,3696723644.430572,3382783414.3048053,3943104300.7313914,4210151700.145454,86929225525.10735,45709601088.78648,41219624436.32086
JPN,202407,7792717246.1421585,3620365875.2119474,4172351370.930211,7695233163.5265465,7703345304.898049,3737390136.4021378,3655380248.196467,3957843027.1244087,4047965056.7015824,87679741191.8775,45199477433.97983,42480263757.89767
JPN,202408,8145472972.070554,3704728722.567071,4440744249.503483,8045924920.751209,7793662009.81324,3795902424.838553,3743338735.2237544,4250022495.9126563,4050323274.5894856,89278643183.30756,44690530735.61349,44588112447.69407
JPN,202409,8652230050.15981,4352357756.205512,4299872293.954297,8205995122.151498,7982384402.143085,4178408585.8901234,3903900382.376938,4027586536.2613745,4078484019.7661467,90608574419.24768,45444147013.359184,45164427405.888504
JPN,202410,8258337361.648279,3708631400.6409492,4549705961.00733,8062606468.7191725,8104842170.540627,3960455409.9597116,3978255473.5627956,4102151058.759461,4126586696.977831,91686096570.56714,45172148405.11952,46513948165.44761
JPN,202411,7545367280.668102,4009602869.83174,3535764410.8363624,7770100205.742239,8012900598.870969,3945662694.010731,4028175563.286855,3824437511.731508,3984725035.5841136,92110833662.86601,44998517302.53054,47112316360.33546
JPN,202412,8432983350.029205,4435439890.484501,3997543459.5447044,7645253023.853247,7825986566.104886,4132009889.0445724,4012709331.005005,3513243134.8086743,3813277235.099881,92280369549.12935,45181613422.48164,47098756126.647705
JPN,202501,6097312236.4927,3467108605.5734634,2630203630.919236,6748029045.839731,7387794091.811738,4129603400.4778514,4069091994.5110517,2618425645.36188,3318702097.3006864,91811815178.31886,45273634768.74331,46538180409.57555
JPN,202502,7490492923.693325,3677429731.290449,3813063192.402876,8097455196.953789,7496912422.215589,4004765359.1583724,4088792882.8935986,4092689837.7954164,3408119539.32199,92672110947.51569,45750231798.99576,46921879148.51993
JPN,202503,8737148723.037603,3907295490.977782,4829853232.059822,7621852419.829803,7489112220.87444,3665342768.426945,3933237176.0210557,3956509651.4028583,3555875044.8533845,92964163955.47665,45743054247.59212,47221109707.88454
JPN,202504,8049099773.526995,3690546563.177138,4358553210.349857,7774345625.016199,7831217747.266598,3294336680.792721,3654814936.126013,4480008944.223478,4176402811.140585,93619444176.16931,46274843718.337494,47344600457.83183
JPN,202505,6930081928.011047,4090861380.748911,2839220547.2621365,7825594329.391466,7740597458.079156,4173088490.1407156,3710922646.4534607,3652505839.2507505,4029674811.625695,93629252530.28755,46867007575.256256,46762244955.031296
JPN,202506,7634015854.12873,5166075209.979476,2467940644.149254,7912622153.738968,7837520702.715545,4368354034.511666,3945259735.1483674,3544268119.2273016,3892260967.5671773,93765259699.6085,47830443496.688934,45934816202.91957
JPN,202507,8033066507.820965,4168085478.1062,3864981029.7147646,7983985429.727954,7907400637.619462,4398879609.907784,4313440711.520055,3585105819.8201694,3593959926.099407,94005608961.28732,48378163099.58319,45627445861.704124
JPN,202508,7921255255.657052,4183526918.9389896,3737728336.7180624,7808301353.128789,7901636312.19857,4379183485.332669,4382139043.250707,3429117867.7961197,3519497268.9478636,93781391244.87381,48856961295.95511,44924429948.9187
JPN,202509,8394049112.325922,4413906295.732066,3980142816.593856,7937774629.243005,7910020470.699916,4297786299.143718,4358616464.7947235,3639988330.099287,3551404005.9051924,93523210307.03993,48918509835.48167,44604700471.558266
JPN,202510,8098930260.58035,3990245207.1459765,4108685053.4343734,7957349783.354718,7901141921.908837,4435748923.27181,4370906235.916066,3521600860.0829086,3530235685.992771,93363803205.972,49200123641.98669,44163679563.985306
JPN,202511,7802200374.553137,4519661071.735962,3282539302.817175,8099649325.760564,7998257912.786096,4506019835.112841,4413185019.176123,3593629490.647723,3585072893.609973,93620636299.85703,49710181843.890915,43910454455.96612
JPN,202512,8939835798.164776,4785465777.8666725,4154370020.2981033,8188272163.373782,8081757090.829688,4485048665.057355,4475605807.814002,3703223498.316427,3606151283.015686,94127488747.9926,50060207731.27309,44067281016.71952
JPN,202601,7475677656.943551,4827666592.716027,2648011064.227524,8162071726.660508,8149997738.598285,5988421637.323715,4993163379.164638,2173650089.336793,3156834359.433647,95505854168.44345,51420765718.41565,44085088450.02781
JPN,202602,7432571229.522583,4583772983.555907,2848798245.9666758,8124794156.983695,8158379349.005996,4826424890.267999,5099965064.216356,3298369266.7156963,3058414284.7896395,95447932474.2727,52327108970.68111,43120823503.591606
JPN,202603,9679968944.591597,5389119462.382808,4290849482.208789,8318801645.155405,8201889176.266536,4741360652.131072,5185402393.240929,3577440993.024333,3016486783.025607,96390752695.8267,53808932942.086136,42581819753.74057
JPN,202604,8972701111.237692,5524065688.211475,3448635423.0262165,8397898614.508636,8280498138.882579,4760727990.308306,4776171177.569125,3637170624.2003307,3504326961.3134537,97314354033.53741,55642452067.120476,41671901966.41693
KOR,201701,7421743997.123505,4730701882.839565,2691042114.2839394,8005077169.886447,,4851908236.514495,,3153168933.371952,,,,
KOR,201702,7585476082.737734,4370824247.505825,3214651835.231909,8418343529.379284,,4841610889.019657,,3576732640.359627,,,,
KOR,201703,8712718614.705685,5565207128.064276,3147511486.641409,8399041429.829814,8274154043.031848,4960228398.760319,4884582508.098157,3438813031.069495,3389571534.933691,,,
KOR,201704,8635070591.738901,4801901525.044456,3833169066.6944456,8811534767.052752,8542973242.087283,4893966862.304546,4898602050.028174,3917567904.748205,3644371192.0591087,,,
KOR,201705,8871875335.173843,5034566823.007229,3837308512.1666145,8900524112.493044,8703700103.125204,5130340510.011974,4994845257.025613,3770183602.4810696,3708854846.0995913,,,
KOR,201706,9168818459.832148,5873051300.71021,3295767159.1219378,9072764012.42064,8928274297.322145,5520785972.807224,5181697781.707915,3551978039.6134167,3746576515.61423,,,
KOR,201707,8997916321.962708,5296413911.573449,3701502410.3892584,9349895269.87493,9107727798.26287,5439171765.723691,5363432749.514297,3910723504.1512384,3744295048.7485743,,,
KOR,201708,9855246235.34008,5699266192.204339,4155980043.135741,9632444323.642237,9351701201.979269,5490915510.992654,5483624416.507855,4141528812.649583,3868076785.4714136,,,
KOR,201709,10875506469.253866,5473390108.970417,5402116360.283449,10148175071.777958,9710171555.098375,5377836296.672478,5435974524.46294,4770338775.10548,4274197030.635435,,,
KOR,201710,10676475212.596052,5101142153.753072,5575333058.84298,10131085974.411356,9970568456.610518,5287831584.5120325,5385527797.392388,4843254389.899323,4585040659.218129,,,
KOR,201711,10844132727.017694,5297976563.39814,5546156163.6195545,10212758606.525494,10164006550.904936,5599526790.340885,5421731557.175132,4613231816.184608,4742274993.729804,,,
KOR,201712,10864065089.63703,5719954665.785124,5144110423.851906,11150219667.837852,10498021416.258234,5453120306.75004,5446826227.200986,5697099361.087812,5051195189.057248,112509045137.11925,62964396502.8561,49544648634.263145
KOR,201801,10949113496.727163,5407916691.839617,5541196804.887547,11792504505.950163,11051827593.437838,5584454906.9264145,5545700668.00578,6208049599.023748,5506126925.432057,116036414636.7229,63641611311.856155,52394803324.866745
KOR,201802,10100607773.646599,5175487319.82996,4925120453.816639,11152463613.939322,11365062595.909113,5614055279.499081,5550543497.725179,5538408334.440241,5814519098.183934,118551546327.63177,64446274384.18029,54105271943.451485
KOR,201803,12287985141.743402,6440875017.302475,5847110124.4409275,11760805866.021217,11568591328.636902,5786168127.094388,5661559437.839961,5974637738.926829,5907031890.796941,122126812854.66948,65321942273.41849,56804870581.251
KOR,201804,11107288840.921707,5613835307.107029,5493453533.814678,11381158568.618317,11431476016.192953,5660612493.642576,5686945300.078682,5720546074.97574,5744530716.114271,124599031103.85228,66133876055.48106,58465155048.37124
KOR,201805,12294812979.128002,5219830677.606595,7074982301.521407,12306895518.022734,11816286650.88742,5269579231.30633,5572119950.681098,7037316286.716404,6244166700.206323,128021968747.80644,66319139910.08043,61702828837.72603
KOR,201806,12630228023.160099,5301494753.647111,7328733269.512988,12351750092.914072,12013268059.851707,5063718603.6354,5331303442.861436,7288031489.278672,6681964616.990272,131483378311.1344,65747583363.01733,65735794948.11708
KOR,201807,11935639013.625652,4841253876.614275,7094385137.011377,12263965078.924278,12307536896.620361,4899869155.171241,5077722330.037658,7364095923.753037,7229814566.582704,134421101002.79735,65292423328.05815,69128677674.7392
KOR,201808,12885975345.099424,5098338717.4900875,7787636627.609337,12619406075.466446,12411707082.43493,5075318659.988946,5012968806.265195,7544087415.4775,7398738276.169736,137451830112.5567,64691495853.3439,72760334259.2128
KOR,201809,14349608850.191917,5303848361.779046,9045760488.412872,13332377891.785032,12738583015.39192,5285816825.906139,5087001547.022109,8046561065.878893,7651581468.369811,140925932493.49475,64521954106.152534,76403978387.34222
KOR,201810,13239194019.087254,5125461296.163183,8113732722.92407,12805357837.346361,12919047268.19928,5299813865.347834,5220316450.414306,7505543971.998528,7698730817.784974,143488651299.98593,64546273248.562645,78942378051.4233
KOR,201811,12336084157.276278,4796011595.693908,7540072561.58237,12004890291.011576,12714208673.380991,5046142998.605223,5210591229.953065,6958747292.406353,7503617443.427926,144980602730.2445,64044308280.85841,80936294449.38612
KOR,201812,10441957374.977697,5568667143.474281,4873290231.503416,10563078086.105427,11791108738.154455,5202802025.252168,5182919629.735074,5360276060.853259,6608189108.419381,144558495015.5852,63893020758.54757,80665474257.03763
KOR,201901,9090719241.74859,4976958621.79785,4113760619.950741,9761780191.604315,10776582856.24044,5179417156.785995,5142787393.547795,4582363034.81832,5633795462.692645,142700100760.60663,63462062688.5058,79238038072.10081
KOR,201902,8304888444.703167,4171239072.4426374,4133649372.2605295,9132467658.131926,9819108645.280556,4446944352.704829,4943054511.580997,4685523305.427096,4876054133.699558,140904381431.66318,62457814441.11848,78446566990.54471
KOR,201903,10730727104.27417,5247571233.57471,5483155870.69946,10226017316.400045,9706755055.378761,4749173688.907596,4791845066.132807,5476843627.49245,4914909989.2459545,139347123394.19397,61264510657.39071,78082612736.80324
KOR,201904,10261433296.89397,5256540141.520725,5004893155.373245,10564967152.175196,9974484042.235722,5255624140.291983,4817247393.968136,5309343011.883213,5157236648.267586,138501267850.16623,60907215491.80441,77594052358.36182
KOR,201905,9387894069.488354,5237972797.204954,4149921272.2833996,9361110542.412498,10050698336.995913,5253113078.959122,5085970302.719566,4107997463.453377,4964728034.276346,135594348940.52658,60925357611.40276,74668991329.12381
KOR,201906,10016560145.041733,5158875702.823156,4857684442.218576,9666003768.99247,9864027154.52672,4995125972.593836,5167954397.281647,4670877796.398634,4696072757.245073,132980681062.40822,60782738560.57881,72197942501.82939
KOR,201907,9440150378.174725,5144076782.375328,4296073595.7993965,9568308974.472263,9531807761.959078,5138472406.28005,5128903819.277669,4429836568.192213,4402903942.681409,130485192426.95728,61085561466.33987,69399630960.61742
KOR,201908,9665661977.22046,4986499638.746631,4679162338.47383,9451234067.386784,9561848936.950506,5114478611.525541,5082692330.133142,4336755455.861242,4479156606.817364,127264879059.07831,60973722387.596405,66291156671.4819
KOR,201909,10291115214.090757,4899666013.002042,5391449201.088716,9508130314.133682,9509224451.997576,4940704504.658132,5064551840.82124,4567425809.475551,4444672611.176335,123206385422.97714,60569540038.819405,62636845384.15775
KOR,201910,10074194629.551424,5114117030.004266,4960077599.547158,9922369696.245285,9627244692.588583,5275312101.260118,5110165072.481263,4647057594.9851675,4517079620.10732,120041386033.44131,60558195772.660484,59483190260.78084
KOR,201911,9775422835.574188,4996094082.424885,4779328753.149303,9832994164.102926,9754498058.160631,5216980017.35192,5144332207.756722,4616014146.751006,4610165850.403909,117480724711.73923,60758278259.391464,56722446452.34777
KOR,201912,9868177238.92175,5375464199.300817,4492713039.620933,9820814799.694489,9858726220.014235,4922962438.116372,5138418185.576137,4897852361.578116,4720308034.438098,116906944575.68329,60565075315.217995,56341869260.46529
KOR,202001,9623062010.142336,5127613139.397121,4495448870.745214,10357126700.536442,10003645221.444618,5393124465.153005,5177688973.540432,4964002235.383437,4825956247.904186,117439287344.07703,60715729832.817276,56723557511.259766
KOR,202002,9708073720.292166,5652149454.958873,4055924265.333293,10629022554.675926,10268988018.302284,5911943143.476683,5409343348.915353,4717079411.199244,4859644669.386931,118842472619.66603,62196640215.3335,56645832404.33253
KOR,202003,11574382939.422667,6355819531.711997,5218563407.7106695,11044582473.80109,10676910576.33782,5830230918.5993185,5711766175.743002,5214351555.201772,4965144400.594818,119686128454.81453,63304888513.470795,56381239941.343735
KOR,202004,9976435181.459799,5556795456.739955,4419639724.719844,10275811305.769594,10649805444.74887,5551937028.822879,5764703696.966293,4723874276.946715,4885101747.7825775,119401130339.38036,63605143828.69002,55795986510.69034
KOR,202005,10941290096.50338,5987231393.359084,4954058703.144296,10901308319.457458,10740567366.342714,5965303559.220189,5782490502.214129,4936004760.237269,4958076864.128585,120954526366.39539,64354402424.844154,56600123941.55123
KOR,202006,11276676001.940464,6111127339.630597,5165548662.309867,10754928961.396765,10644016195.541273,5944565337.802173,5820601975.281747,4810363623.594592,4823414220.259526,122214642223.29411,65306654061.651596,56907988161.64252
KOR,202007,10739345242.494503,6384104039.250278,4355241203.244225,10763544547.103062,10806593942.652428,6263244639.191927,6057704512.071429,4500299907.911135,4748889430.580998,123513837087.61389,66546681318.52655,56967155769.08734
KOR,202008,11098388215.315134,5779087341.529808,5319300873.785326,10871501731.276999,10796658413.258942,6052982849.105597,6086930942.033233,4818518882.171402,4709727471.225709,124946563325.70857,67339269021.30972,57607294304.39884
KOR,202009,12437959658.356018,6195218603.545781,6242741054.810237,11463719708.61155,11032921995.66387,6317342292.429071,6211189926.908864,5146377416.182478,4821732068.755006,127093407769.97383,68634821611.85346,58458586158.12036
KOR,202010,11246015940.779863,6249702909.328546,4996313031.451318,11312814137.672184,11216011859.18691,6430825645.522931,6267050262.352534,4881988492.149253,4948961596.834376,128265229081.20226,69770407491.17775,58494821590.02452
KOR,202011,11267542394.45521,6197034897.798615,5070507496.656594,11843694697.951557,11540076181.411764,6379706473.292289,6375958137.0814295,5463988224.659268,5164118044.330335,129757348640.0833,70971348306.55147,58786000333.531815
KOR,202012,12415984356.166916,7607154843.558579,4808829512.608336,12121866770.000618,11759458535.20812,6847926581.758423,6552819566.857881,5273940188.242195,5206638968.35024,132305155757.32846,73203038950.80923,59102116806.51922
KOR,202101,11301237508.033669,7552280355.4107485,3748957152.62292,11934916423.854418,11966825963.935532,8075878375.729434,7101170476.926715,3859038048.124984,4865655487.008817,133983331255.21979,75627706166.82286,58355625088.39693
KOR,202102,11067893308.341942,6370488216.366837,4697405091.975105,11919096267.90344,11991959820.586159,6755604641.043426,7226469866.1770935,5163491626.860015,4765489954.409065,135343150843.26956,76346044928.23082,58997105915.03874
KOR,202103,12796766469.378262,7536521935.699582,5260244533.678679,12678601938.776814,12177538210.178223,6996757708.398715,7276080241.723858,5681844230.3780985,4901457968.454365,136565534373.22516,77526747332.21841,59038787041.006744
KOR,202104,12355108976.098831,7680853784.862172,4674255191.236659,12642987369.812044,12413561858.830767,7802055342.9687605,7184805897.4703,4840932026.843284,5228755961.360467,138944208167.8642,79650805660.34062,59293402507.52356
KOR,202105,13240455748.910748,7079662454.297667,6160793294.613081,12887621365.278727,12736403557.955862,7108086900.9775915,7302299984.115022,5779534464.301135,5434103573.84084,141243373820.27155,80743236721.2792,60500137098.99235
KOR,202106,14454039189.902178,7584969451.791027,6869069738.111151,13747162902.215609,13092590545.768793,7233589263.07766,7381243835.67467,6513573639.137949,5711346710.094123,144420737008.23328,82217078833.43965,62203658174.793625
KOR,202107,14336270946.14421,7613963593.149067,6722307352.995144,14019302481.889439,13551362249.794592,7417651325.299099,7253109163.118115,6601651156.59034,6298253086.6764765,148017662711.88297,83446938387.33842,64570724324.544556
KOR,202108,15286957441.186857,7046159643.330136,8240797797.856721,15030115116.777018,14265526833.627356,7336082096.503434,7329107561.626731,7694033020.273583,6936419272.000625,152206231937.7547,84714010689.13876,67492221248.615944
KOR,202109,15937840502.226938,7419391675.451486,8518448826.775453,14473426512.619385,14507614703.761948,7487934039.073791,7413889153.625442,6985492473.545594,7093725550.136506,155706112781.6256,85938183761.04445,69767929020.58116
KOR,202110,14427510300.450565,7241624906.672746,7185885393.77782,14976767781.811897,14826769803.7361,7452758716.836464,7425591617.47123,7524009064.975433,7401178186.26487,158887607141.29633,86930105758.38867,71957501382.90767
KOR,202111,15800987638.380339,7777607062.695451,8023380575.684888,17084662225.062456,15511618839.831245,7655910578.629856,7532201111.5133705,9428751646.4326,7979417728.317875,163421052385.22147,88510677923.2855,74910374461.93596
KOR,202112,16695404345.40246,9054874351.121147,7640529994.281313,16238539643.605341,16099989883.49323,8086917900.342529,7731862398.60295,8151621743.262812,8368127484.890281,167700472374.457,89958397430.84807,77742074943.60893
KOR,202201,14299451641.063427,7503126093.1232815,6796325547.9401455,14647942908.046274,15990381592.238024,8151900636.976265,7964909705.316216,6496042271.070009,8025471886.921807,170698686507.48676,89909243168.5606,80789443338.92616
KOR,202202,14017046579.549648,6977088202.972134,7039958376.577515,14737014172.340773,15207832241.330795,7534284853.721885,7924367797.01356,7202729318.618888,7283464444.317235,173647839778.6945,90515843155.1659,83131996623.52858
KOR,202203,17195735285.8243,8460567214.425495,8735168071.398804,17824256496.63518,15736404525.674078,7950732678.218926,7878972722.972359,9873523818.416256,7857431802.701719,178046808595.1405,91439888433.8918,86606920161.24869
KOR,202204,14668670065.771072,7617036068.106238,7051633997.664834,14456186971.881418,15672485880.285791,7790247796.946268,7758421776.295692,6665939174.93515,7914064103.990099,180360369684.81274,91376070717.13588,88984298967.67686
KOR,202205,15358614396.741041,7972866588.684487,7385747808.056554,15096014272.056738,15792152580.19111,8117715835.143877,7952898770.103024,6978298436.912861,7839253810.088087,182478528332.64304,92269274851.52269,90209253481.12033
KOR,202206,16289050247.526363,9053824191.764406,7235226055.761957,15683649637.429943,15078616960.456034,8602388312.57531,8170117314.888485,7081261324.854633,6908499645.567549,184313539390.2672,93738129591.49606,90575409798.77115
KOR,202207,14478856062.046396,8495321617.765263,5983534444.281134,14235049446.77314,15004904452.086609,8459293352.597254,8393132500.10548,5775756094.175886,6611771951.981129,184456124506.1694,94619487616.11227,89836636890.05713
KOR,202208,14057276444.395647,8395083987.89818,5662192456.497467,14080924314.967001,14666541133.056694,8639565708.35558,8567082457.842715,5441358606.611422,6099458675.213979,183226443509.3782,95968411960.68031,87258031548.69788
KOR,202209,15126770890.197308,8291907973.415918,6834862916.781389,13948818891.412283,14088264217.717474,8188697440.673954,8429185500.542262,5760121450.738329,5659078717.175212,182415373897.34854,96840928258.64474,85574445638.70383
KOR,202210,11868317711.971117,8427146343.820346,3441171368.150771,12656259355.664272,13562000854.014519,8684506731.351011,8504256626.793515,3971752624.313261,5057744227.221004,179856181308.8691,98026449695.79234,81829731613.07677
KOR,202211,10871696586.945164,8704874077.521755,2166822509.4234085,11929334312.257376,12844804186.444643,8293702689.350802,8388968953.791923,3635631622.9065733,4455835232.65272,174926890257.43393,98953716710.61865,75973173546.81529
KOR,202212,11948409851.155014,8672024607.527729,3276385243.627285,11544889656.756718,12043494441.559456,7766246984.2467165,8248152134.982844,3778642672.510001,3795342306.5766115,170179895763.18652,98570866967.02524,71609028796.16127
KOR,202301,7727362233.502671,6711581405.870029,1015780827.6326418,7400333732.06907,10291519233.694387,7312077239.96938,7790675637.855633,88256492.09968948,2500843595.8387547,163607806355.62573,97779322279.77199,65828484075.85376
KOR,202302,7908049451.4253845,7280513394.042535,627536057.3828497,7553687168.69549,8832970185.840425,7873898769.360998,7650740997.859032,-320211600.6655083,1182229187.9813938,157498809227.50146,98082747470.84239,59416061756.659096
KOR,202303,10933046636.411293,7922292830.386506,3010753806.024787,11693324551.725039,8882448484.1632,7446788150.700069,7544254720.01015,4246536401.024969,1338193764.1530504,151236120578.08847,97544473086.8034,53691647491.28508
KOR,202304,8196741351.907369,7518223063.856695,678518288.0506735,7475947540.061523,8907653086.827353,7785767825.453746,7702151581.838272,-309820285.3922224,1205501504.9890804,144764191864.22476,97445660082.55385,47318531781.67092
KOR,202305,9612534023.251724,7277740820.57466,2334793202.677064,9971086613.548601,9713452901.778387,7458962956.542256,7563839644.232024,2512123657.006345,2149613257.546363,139018111490.73544,96750534314.44403,42267577176.29143
KOR,202306,11304786507.440222,7764352940.895352,3540433566.5448694,11259350878.113527,9568795010.574553,7508598443.057041,7584443075.017681,3750752435.056486,1984351935.5568714,134033847750.6493,95461063063.57498,38572784687.07434
KOR,202307,9685479159.288342,6975952942.436014,2709526216.8523273,10015740339.711788,10415392610.457972,7089855294.152141,7352472231.25048,2925885045.5596476,3062920379.207492,129240470847.89125,93941694388.24571,35298776459.64553
KOR,202308,10843037693.508177,6888667651.004696,3954370042.503481,11374668810.333508,10883253342.71961,7040198194.287757,7212883977.165647,4334470616.045751,3670369365.5539637,126026232097.00378,92435278051.35223,33590954045.651546
KOR,202309,12316103880.753351,7326508127.608377,4989595753.144974,11890514714.170486,11093641288.071928,7136435901.3506,7088829796.596832,4754078812.819886,4004811491.4750957,123215565087.55981,91469878205.5447,31745686882.015133
KOR,202310,11156798598.656282,6656972620.589876,4499825978.066406,12328028443.231632,11864403989.245209,6854799816.189155,7010477970.60917,5473228627.042478,4853926018.636039,122504045974.245,89699704482.31422,32804341491.930767
KOR,202311,11849451448.324215,6399147142.851405,5450304305.47281,13095511475.066973,12438018210.82303,6190912753.401832,6727382823.647195,6904598721.665141,5710635387.175836,123481800835.62404,87393977547.64389,36087823287.98016
KOR,202312,13603321207.108948,7729420895.861307,5873900311.247641,13128398176.56865,12850646031.62242,6920580185.092318,6655430918.227768,6207817991.476332,6195215113.394651,125136712191.57797,86451373835.97745,38685338355.600525
KOR,202401,11697319840.561176,6737677893.594007,4959641946.96717,11068032075.700863,12430647242.445496,7211887555.814215,6774460164.769455,3856144519.886648,5656187077.676041,129106669798.63647,86477470323.70143,42629199474.93505
KOR,202402,12215365138.323288,6905120140.181374,5310244998.141914,11416420471.705214,11870950241.324911,7380860823.01997,7171109521.308834,4035559648.6852436,4699840720.016077,133413985485.5344,86102077069.84027,47311908415.69412
KOR,202403,14539365795.387451,7871494057.615408,6667871737.772043,12837418856.301956,11773957134.569345,7256749411.715192,7283165930.1831255,5580669444.586764,4490791204.38622,137020304644.51056,86051278297.06917,50969026347.441376
KOR,202404,12596548661.446081,6843878359.356273,5752670302.089808,10259121936.208912,11504320421.40536,7004338216.166808,7213982816.967323,3254783720.042104,4290337604.438036,141420111954.04926,85376933592.56876,56043178361.48051
KOR,202405,14482903100.808672,7162735859.982002,7320167240.82667,15906442274.125355,13000994355.545408,7395634398.950549,7218907342.277516,8510807875.174806,5782087013.267892,146290481031.6062,85261928631.97609,61028552399.63011
KOR,202406,16925532269.536072,7541928677.237517,9383603592.298553,17692238945.655422,14619267718.66323,7452249913.956996,7284074176.358119,10239989031.698425,7335193542.305112,151911226793.70206,85039504368.31825,66871722425.383804
KOR,202407,15282178531.343523,7145435252.256171,8136743279.087352,16704858624.68145,16767846614.820745,7416448296.332885,7421444203.080143,9288410328.348564,9346402411.740602,157507926165.75726,85208986678.13841,72298939487.61882
KOR,202408,15390199852.411865,8018586910.791941,7371612941.619925,17142554402.560331,17179883990.965736,8210692311.879872,7693130174.056584,8931862090.680458,9486753816.909153,162055088324.66095,86338905937.92566,75716182386.73526
KOR,202409,17221382248.84028,8693258786.927662,8528123461.912617,17633971276.205673,17160461434.482485,8420758080.566198,8015966229.592984,9213213195.639475,9144495204.8895,166960366692.74786,87705656597.24493,79254710095.50291
KOR,202410,15502430368.137897,8031700152.5604105,7470730215.577487,17902610983.069435,17559712220.611813,8322648107.345098,8318032833.263722,9579962875.724339,9241679387.348091,171305998462.22946,89080384129.21547,82225614333.01399
KOR,202411,15942244828.04542,8721500391.402985,7220744436.642435,17752114947.725647,17762899069.00025,8554174963.323639,8432527050.411645,9197939984.402008,9330372018.588608,175398791841.95068,91402737377.76704,83996054464.18361
KOR,202412,18486601535.599937,9541018511.03078,8945583024.569157,17781981049.520473,17812235660.105183,8574516696.820072,8483779922.496269,9207464352.700401,9328455737.608913,180282072170.44165,93214334992.93652,87067737177.50514
KOR,202501,11940859819.842419,7613659498.848894,4327200320.993525,10930392463.522953,15488162820.256357,7906640262.146907,8345110640.763539,3023752201.376046,7143052179.492818,180525612149.7229,94090316598.19142,86435295551.53148
KOR,202502,11595458407.686121,7780877345.874833,3814581061.811288,10308726320.543331,13007033277.862253,8210942275.407275,8230699744.791419,2097784045.136056,4776333533.070834,179905705419.08575,94966073803.88487,84939631615.20087
KOR,202503,15475046288.729403,9558800696.49608,5916245592.233322,11753875661.620932,10997664815.229073,8640030909.172867,8252537815.575684,3113844752.448065,2745126999.653389,180841385912.4277,96653380442.76555,84188005469.66214
KOR,202504,13707053179.56995,8338395080.40613,5368658099.16382,10242162705.862282,10768254896.008848,8393321975.44769,8414765053.34261,1848840730.4145918,2353489842.666238,181951890430.55157,98147897163.8154,83803993266.73615
KOR,202505,16077005709.24921,8556205918.759853,7520799790.489357,18741784404.695076,13579274257.392761,8910177195.239534,8647843359.953363,9831607209.455542,4931430897.439398,183545993038.9921,99541367222.59326,84004625816.39883
KOR,202506,17645150030.683723,8825962893.072725,8819187137.610998,19346675501.90822,16110207537.488525,8954056518.401701,8752518563.029642,10392618983.506517,7357688974.458883,184265610800.13974,100825401438.42847,83440209361.71129
KOR,202507,17086917666.078138,8900993413.076754,8185924253.001385,19774232310.2634,19287564072.2889,9443433748.148119,9102555820.596453,10330798562.115282,10185008251.692446,186070349934.87436,102580959599.24905,83489390335.6253
KOR,202508,17451151735.763947,8777973226.338154,8673178509.425793,20632272246.492447,19917726686.221355,9025275564.507626,9140921943.685816,11606996681.984821,10776804742.53554,188131301818.22644,103340345914.79526,84790955903.43118
KOR,202509,19104787574.91173,9455037749.286186,9649749825.625546,20770448451.718185,20392317669.491344,9117148390.561543,9195285901.07243,11653300061.156643,11197031768.418915,190014707144.29788,104102124877.1538,85912582267.1441
KOR,202510,17758198127.431618,9088558037.196356,8669640090.235262,21394192585.128986,20932304427.779873,9486726154.891764,9209716703.32031,11907466430.237223,11722587724.459562,192270474903.59164,105158982761.78973,87111492141.80188
KOR,202511,19684727900.92725,9359611722.337955,10325116178.589294,22029735315.030773,21398125450.62598,9335111954.7126,9312995500.055304,12694623360.318172,12085129950.570677,196012957976.47345,105797094092.7247,90215863883.74875
KOR,202512,24145219815.367867,11019006573.177153,13126213242.190714,23035007940.96169,22152978613.70715,9916742424.201992,9579526844.60212,13118265516.759697,12573451769.10503,201671576256.2414,107275082154.87106,94396494101.3703
KOR,202601,26208115635.364475,10580597856.372337,15627517778.992138,23203469540.73766,22756070932.243374,10622074915.28952,9957976431.401373,12581394625.44814,12798094500.842001,215938832071.76343,110242020512.39452,105696811559.36893
KOR,202602,28100437544.334953,10071765593.35828,18028671950.976673,23763823036.577248,23334100172.75886,10507082564.110384,10348633301.200632,13256740472.466864,12985466871.55823,232443811208.41226,112532908759.87796,119910902448.5343
KOR,202603,38905562840.79407,12011206830.28347,26894356010.510597,25080069679.30192,24015787418.872272,10623380584.588383,10584179354.662762,14456689094.71354,13431608064.20951,255874327760.47693,114985314893.66534,140889012866.81158
KOR,202604,36424376018.49958,11364124686.930054,25060251331.569527,24966907149.34883,24603599955.076,11228872595.956955,10786445248.218575,13738034553.391876,13817154706.857426,278591650599.40656,118011044500.18927,160580606099.2173
MEX,201701,1558389031.6644638,2073323266.7795188,-514934235.1150551,1430318112.1481209,,2108562152.1319354,,-678244039.9838145,,,,
MEX,201702,1363743194.4031584,1914087442.8473935,-550344248.4442351,1540940182.2505958,,2226052385.2649345,,-685112203.0143387,,,,
MEX,201703,1481000977.857964,2367370600.6017556,-886369622.7437916,1613328999.6567018,1528195764.6851394,2353695977.3833294,2229436838.2600665,-740366977.7266276,-701241073.5749271,,,
MEX,201704,1625898712.5949068,2108096637.5116668,-482197924.91675997,1564462989.191962,1572910723.699753,2151963687.687658,2243904016.7786407,-587500698.4956958,-670993293.0788877,,,
MEX,201705,1800012978.0830238,2278558003.7621512,-478545025.67912745,1651218069.1292014,1609670019.3259552,2166154950.5162444,2223938205.195744,-514936881.387043,-614268185.8697889,,,
MEX,201706,1848434587.4858303,2549615682.3287625,-701181094.8429322,1724603572.762091,1646761543.694418,2339478517.3359327,2219199051.8466115,-614874944.5738418,-572437508.1521935,,,
MEX,201707,1675432002.6826572,2419410181.854826,-743978179.1721687,1720596450.0936935,1698806030.6616619,2339271816.4025607,2281635094.7515793,-618675366.3088672,-582829064.0899174,,,
MEX,201708,1787847952.4296029,2487333176.9125376,-699485224.4829347,1720364009.8271143,1721854677.5609665,2375125411.7871804,2351291915.175225,-654761401.9600661,-629437237.6142583,,,
MEX,201709,1459811237.6704612,2340972803.263242,-881161565.5927806,1653019886.2693398,1697993448.7300491,2386989842.883444,2367129023.6910615,-733969956.614104,-669135574.9610124,,,
MEX,201710,1984874768.4478734,2508507994.6543007,-523633226.20642734,1732327094.043735,1701903663.380063,2360112130.2698264,2374075794.98015,-627785036.2260914,-672172131.6000872,,,
MEX,201711,1785980956.1325252,2360419413.5340686,-574438457.4015434,1803104203.8679671,1729483728.0603473,2384652602.5808153,2377251525.244695,-581548398.7128482,-647767797.1843479,,,
MEX,201712,1842462883.1787822,2380659797.406567,-538196914.2277849,1869348071.4145463,1801593123.1087494,2523606778.307611,2422790503.7194176,-654258706.8930647,-621197380.6106682,20213889282.63125,27788355001.45679,-7574465718.825541
MEX,201801,2081523074.2151427,2536302450.403886,-454779376.1887431,2002660129.4945407,1891704134.9256847,2522764237.0955706,2477007872.661332,-520104107.6010299,-585303737.7356474,20737023325.18193,28251334185.081158,-7514310859.899229
MEX,201802,1786089443.7474723,2144344327.2384317,-358254883.4909594,2009829479.99464,1960612560.3012426,2521537115.3285947,2522636043.5772586,-511707635.3339546,-562023483.276016,21159369574.52624,28481591069.4722,-7322221494.945953
MEX,201803,1811485104.3659954,2500537818.521314,-689052714.1553187,2040668271.4594955,2017719293.6495588,2517692544.54756,2520664632.3239083,-477024273.0880647,-502945338.67434955,21489853701.03427,28614758287.391754,-7124904586.357481
MEX,201804,2134728961.3823428,2861951969.29503,-727223007.9126873,2080212838.634643,2043570196.6962595,2886020374.5286202,2641750011.4682584,-805807535.8939772,-598179814.7719989,21998683949.82171,29368613619.175117,-7369929669.353408
MEX,201805,2191410742.6066437,2920634253.358255,-729223510.7516112,2020862863.7492046,2047247991.2811143,2801215300.3114157,2734976073.1291986,-780352436.562211,-687728081.8480842,22390081714.34533,30010689868.77122,-7620608154.425891
MEX,201806,1882359401.7145605,2889377325.5363955,-1007017923.821835,1806534412.3763204,1969203371.5867226,2702285861.024983,2796507178.621673,-895751448.6486626,-827303807.0349505,22424006528.57406,30350451511.978855,-7926444983.404795
MEX,201807,2087843338.198242,2819522266.72368,-731678928.5254381,2087315927.0661855,1971571067.73057,2712870067.0305862,2738790409.455662,-625554139.9644008,-767219341.7250917,22836417864.089645,30750563596.84771,-7914145732.758064
MEX,201808,2378459656.647812,2348875936.115968,29583720.531843662,2341336430.978586,2078395590.140364,2278991167.472032,2564715698.5092006,62345263.50655413,-486320108.36883664,23427029568.307854,30612106356.051136,-7185076787.743285
MEX,201809,2350573920.623672,2748029616.9408717,-397455696.3171997,2502907008.995178,2310519789.0133166,2787078595.0700107,2592979943.1908765,-284171586.07483244,-282460154.17755985,24317792251.261063,31019163169.728767,-6701370918.467705
MEX,201810,2999990918.5609794,3052888307.0264306,-52897388.46545124,2618923610.29675,2487722350.0901713,2838601717.8792863,2634890493.4737763,-219678107.58253622,-147168143.383605,25332908401.37417,31563543482.1009,-6230635080.726728
MEX,201811,2430863199.7672453,2863104955.15701,-432241755.3897648,2434632513.233487,2518821044.1751385,2938252791.644775,2854644368.198024,-503620278.4112878,-335823324.0228853,25977790645.008892,32066229023.72384,-6088438378.71495
MEX,201812,2498281093.009657,2634469860.3482757,-136188767.33861876,2427559913.527799,2493705345.6860123,2726241110.4839635,2834365206.6693416,-298681196.95616436,-340659860.9833293,26633608854.839767,32320039086.66555,-5686430231.825785
MEX,201901,2780946394.912724,3043467682.34576,-262521287.43303585,2806174046.748353,2556122157.8365464,2972046260.9332137,2878846721.020651,-165872214.1848607,-322724563.18410444,27333032175.537346,32827204318.60742,-5494172143.070076
MEX,201902,2089159808.0858464,2356198055.5751224,-267038247.48927593,2334467770.1077247,2522733910.127959,2797582431.01245,2831956600.809876,-463114660.90472555,-309222690.6819172,27636102539.87572,33039058046.94411,-5402955507.068394
MEX,201903,1969251244.2440372,2729097805.8256745,-759846561.5816374,2270010403.6936293,2470217406.849902,2768236122.108991,2845954938.0182185,-498225718.4153619,-375737531.16831636,27793868679.753765,33267618034.248474,-5473749354.494711
MEX,201904,2639236483.2813725,2971196463.9445243,-331959980.66315174,2614534466.6959147,2406337546.8324227,2957082645.4767623,2840967066.1994014,-342548178.78084755,-434629519.36697865,28298376201.652794,33376862528.89797,-5078486327.245176
MEX,201905,2875746362.2004,3076519531.4028006,-200773169.20240068,2672183432.1235456,2518909434.17103,2985844987.609782,2903721251.7318454,-313661555.4862366,-384811817.56081533,28982711821.246548,33532747806.942513,-4550035985.695966
MEX,201906,2464133886.221195,2859210861.168028,-395076974.94683266,2431158878.955772,2572625592.591744,2720675722.7520304,2887867785.2795243,-289516843.79625845,-315242192.6877804,29564486305.75318,33502581342.574142,-3938095036.820963
MEX,201907,2824340177.5234675,3083962433.0988355,-259622255.57536793,2757921593.5983205,2620421301.559212,2951138423.98794,2885886378.1165843,-193216830.38961935,-265465076.5573721,30300983145.078407,33767021508.949303,-3466038363.870893
MEX,201908,2389646074.631829,2971782054.601922,-582135979.9700933,2405884916.3215985,2531655129.6252303,2927803012.2259026,2866539052.9886246,-521918095.904304,-334883923.36339426,30312169563.062424,34389927627.43526,-4077758064.37283
MEX,201909,2575643339.880897,3017360548.27966,-441717208.3987632,2592220342.9389176,2585342284.286279,3038874755.002676,2972605397.0721726,-446654412.0637584,-387263112.78589344,30537238982.31965,34659258558.77405,-4122019576.4543934
MEX,201910,2924613087.309999,3436830540.775636,-512217453.4656372,2550234378.6093464,2516113212.6232877,3163907263.5190597,3043528343.582546,-613672884.9097133,-527415130.95925856,30461861151.068672,35043200792.52325,-4581339641.454579
MEX,201911,2674505625.992301,2907640859.0557976,-233135233.0634966,2658973850.0322847,2600476190.5268497,3031637382.271099,3078139800.2642784,-372663532.23881435,-477663609.73742867,30705503577.293724,35087736696.422035,-4382233119.128311
MEX,201912,2763821986.4093146,3038042519.980813,-274220533.5714984,2577527791.119767,2595578673.2537994,3079419271.767012,3091654639.185724,-501891480.64724493,-496075965.93192434,30971044470.693382,35491309356.05457,-4520264885.361191
MEX,202001,2309147749.7328234,3216257543.314666,-907109793.5818424,2443362693.8338323,2559954778.328628,3090299772.7701473,3067118808.936086,-646937078.9363151,-507164030.6074581,30499245825.51348,35664099217.02348,-5164853391.509997
MEX,202002,2391898720.7724147,2554555507.3850727,-162656786.61265802,2656354981.05337,2559081822.002323,3050277050.0752225,3073332031.5374603,-393922069.0218525,-514250209.5351372,30801984738.20005,35862456668.833435,-5060471930.633379
MEX,202003,2010230869.3923416,2836134755.593675,-825903886.2013335,2336625897.937955,2478781190.941719,2872304420.6658735,3004293747.8370814,-535678522.7279186,-525512556.8953624,30842964363.348354,35969493618.60143,-5126529255.253076
MEX,202004,1988109713.7675881,2916962479.651665,-928852765.8840771,2005812066.2679286,2332930981.7530847,2873524508.9922905,2932035326.5777955,-867712442.7243619,-599104344.8247108,30191837593.83457,35915259634.30857,-5723422040.474001
MEX,202005,1616355129.0275397,2111055269.6207228,-494700140.59318304,1505604816.12151,1949347593.442464,2080346772.0203338,2608725233.8928328,-574741955.8988237,-659377640.4503686,28932446360.661713,34949795372.5265,-6017349011.864784
MEX,202006,2651830132.4290447,3130463571.3033166,-478633438.87427187,2677897259.387506,2063104713.9256485,3033545178.0390296,2662472153.017218,-355647918.6515236,-599367439.0915697,29120142606.86956,35221048082.66178,-6100905475.792223
MEX,202007,2758346940.6111846,3667197923.124348,-908850982.5131636,2619974514.2164173,2267825529.908478,3484846518.6628284,2866246156.240731,-864872004.4464111,-598420626.332253,29054149369.95728,35804283572.687294,-6750134202.730018
MEX,202008,2651728694.495335,2350846504.1944933,300882190.3008418,2743843190.379757,2680571654.6612267,2357345874.272162,2958579190.324673,386497316.10759497,-278007535.6634464,29316231989.820786,35183348022.27987,-5867116032.459084
MEX,202009,2880602213.581252,2719178355.2648125,161423858.31643963,2794095581.025214,2719304428.540463,2713030083.169763,2851740825.3682513,81065497.8554511,-132436396.82778835,29621190863.52114,34885165829.26502,-5263974965.743879
MEX,202010,2964235606.5575967,3174798912.9371552,-210563306.37955856,2592382721.480138,2710107164.2950363,2896734088.5143723,2655703348.652099,-304351367.0342345,54403815.64293718,29660813382.768734,34623134201.42654,-4962320818.657801
MEX,202011,2515187840.3717303,2745172874.7938848,-229985034.42215443,2490900859.217657,2625793053.9076695,2917152213.4763384,2842305461.720158,-426251354.2586813,-216512407.81248856,29501495597.148167,34460666217.16463,-4959170620.01646
MEX,202012,2991131258.421919,3022466095.7212157,-31334837.299296856,2687406423.3879457,2590230001.3619137,3005453481.193119,2939779927.7279434,-318047057.8051734,-349549926.36602974,29728804869.16077,34445089792.90503,-4716284923.744258
MEX,202101,2358162347.797956,2994830693.9536347,-636668346.1556787,2656552418.115751,2611619900.2404513,2911006792.2878647,2944537495.6524405,-254454374.1721139,-332917595.4119892,29777819467.225903,34223662943.543995,-4445843476.318094
MEX,202102,2392532992.18691,2452562264.047935,-60029271.86102486,2581527800.0624905,2641828880.5220623,2905365718.768707,2940608664.0832305,-323837918.70621634,-298779783.5611682,29778453738.640396,34121669700.20686,-4343215961.566462
MEX,202103,2622814564.671097,3201818722.717302,-579004158.046205,2940399344.4095883,2726159854.1959434,3168646376.1574926,2995006295.7380214,-228247031.7479043,-268846441.542078,30391037433.91915,34487353667.33049,-4096316233.4113326
MEX,202104,2600116378.786658,3104722096.823295,-504605718.0366373,2705382589.658599,2742436578.0435596,3023188679.6771693,3032400258.2011228,-317806090.0185704,-289963680.1575632,31003044098.938225,34675113284.50212,-3672069185.563893
MEX,202105,2796229081.209125,3037883681.6611667,-241654600.45204163,2616594839.1931067,2754125591.0870976,3098541920.269977,3096792325.368213,-481947081.07687044,-342666734.28111553,32182918051.11981,35601941696.54256,-3419023645.4227514
MEX,202106,2738437824.0274386,3257610404.7974186,-519172580.76997995,2791157368.4942174,2704378265.7819743,3157793259.5787697,3093174619.8419724,-366635891.0845523,-388796354.05999804,32269525742.718204,35729088530.03666,-3459562787.3184595
MEX,202107,2888138825.043989,3374132190.944268,-485993365.90027905,2696453321.5658674,2701401843.0843973,3154419233.552651,3136918137.800466,-457965911.9867835,-435516294.71606874,32399317627.151005,35436022797.85658,-3036705170.705575
MEX,202108,2650436653.726292,3258628709.643257,-608192055.916965,2804835335.1550813,2764148675.071722,3279441782.033792,3197218091.7217374,-474606446.87871075,-433069416.65001535,32398025586.38196,36343805003.30534,-3945779416.923382
MEX,202109,2875407190.9006324,3417667337.744705,-542260146.8440728,2825996048.8427563,2775761568.521235,3328603262.6279683,3254154759.4048038,-502607213.78521204,-478393190.88356876,32392830563.701344,37042293985.78524,-4649463422.083895
MEX,202110,2964341697.8115745,3613345310.3142643,-649003612.5026898,2517623823.261996,2716151735.753278,3312812303.0749664,3306952449.2455754,-795188479.8129706,-590800713.4922976,32392936654.955322,37480840383.162346,-5087903728.207026
MEX,202111,3081898091.4322066,3099035466.2181334,-17137374.78592682,3104890350.393476,2816170074.166076,3334783794.411931,3325399786.7049546,-229893444.01845503,-509229712.53887844,32959646906.0158,37834702974.58659,-4875056068.570798
MEX,202112,3547740434.7628093,3738679154.470875,-190938719.7080655,3158461505.0937896,2926991892.91642,3776730022.603578,3474775373.3634915,-618268517.5097885,-547783480.4470716,33516256082.356686,38550916033.33626,-5034659950.979567
MEX,202201,2548003790.6322875,3662993448.426227,-1114989657.7939396,2944708060.104336,3069353305.197201,3655582967.092531,3589032261.3693466,-710874906.9881954,-519678956.17214584,33706097525.19102,39219078787.808846,-5512981262.617826
MEX,202202,3102374952.6856775,3306636663.1953597,-204261710.50968218,3304210685.633382,3135793416.9438357,3928040052.341699,3786784347.345936,-623829366.7083173,-650990930.4021001,34415939485.68979,40073153186.95627,-5657213701.266484
MEX,202203,3833411620.834944,3920244334.684062,-86832713.84911823,4114712318.522965,3454543688.0868945,3849219260.017368,3810947426.4838657,265493058.5055971,-356403738.3969712,35626536541.85364,40791578798.923035,-5165042257.069398
MEX,202204,2852542907.31188,3984320173.395532,-1131777266.083652,3026880237.483634,3481934413.8799934,3711769790.6011887,3829676367.653418,-684889553.1175547,-347741953.7734246,35878963070.37886,41671176875.49527,-5792213805.116413
MEX,202205,3510301994.759527,3573837832.436473,-63535837.67694569,3336945638.32293,3492846064.77651,3744515124.957963,3768501391.8588395,-407569486.63503313,-275655327.08232975,36593035983.92926,42207131026.27058,-5614095042.341316
MEX,202206,4034905494.040545,3909486269.9453335,125419224.0952115,4203838785.4033475,3522554887.0699706,3804443619.0793195,3753576178.2128234,399395166.324028,-231021291.14285278,37889503653.94237,42859006891.41849,-4969503237.476126
MEX,202207,3613141687.6566806,4178026005.0941086,-564884317.437428,3273123163.3335886,3604635862.3532887,3847804604.908665,3798921116.3153157,-574681441.5750766,-194285253.96202707,38614506516.55505,43662900705.56833,-5048394189.013273
MEX,202208,3841107755.7109475,3728671636.690951,112436119.01999664,4161744076.578776,3879568675.1052375,3734574430.244923,3795607551.4109693,427169646.33385277,83961123.69426823,39805177618.53971,44132943632.61602,-4327766014.076313
MEX,202209,4375561943.880583,4060328537.4736,315233406.4069829,4268579060.613232,3901148766.8418655,3848781082.151724,3810386705.768438,419797978.4615083,90762061.07342768,41305332371.51966,44775604832.34492,-3470272460.825257
MEX,202210,4212651100.5599837,4307259315.864537,-94608215.30455351,3329983307.2739024,3920102148.1553035,3957911026.9801755,3847088846.458941,-627927719.7062731,73013301.6963625,42553641774.26807,45469518837.895195,-2915877063.6271205
MEX,202211,4045722174.801365,3667198410.6353617,378523764.1660032,4103711128.2544856,3900757832.047207,4013767156.1151075,3940153088.415669,89943972.13937807,-39395256.368462086,43517465857.63723,46037681782.31242,-2520215924.6751904
MEX,202212,3635296144.4916625,3403154099.6408534,232142044.8508091,3353072745.9537854,3595589060.494058,3583789705.504204,3851822629.5331626,-230716959.55041838,-256233569.03910446,43605021567.36608,45702156727.4824,-2097135160.1163158
MEX,202301,2956155579.633337,3494500068.8665338,-538344489.2331967,3472360323.079682,3643048065.762651,3405230407.5669956,3667595756.395436,67129915.51268625,-24547690.632784843,44013173356.367134,45533663347.92271,-1520489991.555573
MEX,202302,3063442584.703714,2961772366.018376,101670218.68533802,3288997476.5987177,3371476848.5440617,3521178667.6021347,3503399593.557778,-232181191.00341702,-131922745.01371622,43974240988.38517,45188799050.74573,-1214558062.3605528
MEX,202303,3036048173.4505386,3577751909.905923,-541703736.4553843,3163775839.5719957,3308377879.7501316,3624442904.0890117,3516950659.7527137,-460667064.51701593,-208572780.00258207,43176877541.00076,44846306625.96758,-1669429084.9668188
MEX,202304,3049345994.2704344,3058730006.493608,-9384012.223173618,3176945294.9163175,3209906203.6956773,2748030094.404542,3297883888.6985626,428915200.5117755,-87977685.00288534,43373680627.95932,43920716459.06566,-547035831.1063404
MEX,202305,2633058175.4821973,3344118908.0476475,-711060732.5654502,2489897239.7185216,2943539458.068945,3510140131.2710295,3294204376.5881944,-1020242891.5525079,-350664918.51924944,42496436808.68199,43690997534.676834,-1194560725.994845
MEX,202306,2835927588.8247747,3620511952.58748,-784584363.7627053,3032186629.4690185,2899676388.03462,3542150632.523523,3266773619.3996983,-509964003.0545044,-367097231.36507845,41297458903.46622,43402023217.31898,-2104564313.8527617
MEX,202307,2364031551.8801203,3338464744.6636333,-974433192.7835131,2323218508.003013,2615100792.396851,3078402881.3968368,3376897881.730463,-755184373.3938236,-761797089.333612,40048348767.68966,42562461956.888504,-2514113189.198847
MEX,202308,2673202999.7992387,3600008465.4609556,-926805465.6617169,2864470642.7304134,2739958593.4008155,3524570725.847631,3381708079.922663,-660100083.1172175,-641749486.5218477,38880444011.777954,42433798785.658516,-3553354773.8805604
MEX,202309,2273798492.791114,3322382200.637475,-1048583707.8463612,2173281545.019414,2453656898.58428,3168743803.751545,3257239136.9986706,-995462258.732131,-803582238.4143906,36778680560.68848,41695852448.82239,-4917171888.133904
MEX,202310,2576494044.722397,3836716947.3448997,-1260222902.6225028,1943986453.1716638,2327246213.6404967,3547614773.7908216,3413643101.129999,-1603628320.6191578,-1086396887.4895024,35142523504.85089,41225310080.30274,-6082786575.451855
MEX,202311,2770538327.6441584,3451138695.1265078,-680600367.4823494,2801713888.15573,2306327295.448936,3870718185.0840945,3529025587.542154,-1069004296.9283648,-1222698292.0932178,33867339657.693687,41009250364.79389,-7141910707.100206
MEX,202312,2666105123.37261,3609613213.606923,-943508090.234313,2529795865.655651,2425165402.3276815,4089128146.907755,3835820368.5942235,-1559332281.2521038,-1410654966.266542,32898148636.574635,41215709478.759964,-8317560842.185328
MEX,202401,2236944605.1260424,3740042896.705879,-1503098291.5798368,2654649953.7352424,2662053235.8488746,3356883845.2613115,3772243392.4177203,-702233891.5260692,-1110190156.5688457,32178937662.06734,41461252306.59931,-9282314644.53197
MEX,202402,2730235541.634062,3466887501.2635803,-736651959.6295185,3066749855.4602137,2750398558.2837024,4112656862.8480115,3852889618.339026,-1045907007.3877978,-1102491060.0553236,31845730618.997684,41966367441.84451,-10120636822.846827
MEX,202403,2903151603.1573153,3746190866.830019,-843039263.6727037,2929196892.033572,2883532233.7430096,3851332761.06147,3773624489.723597,-922135869.0278978,-890092255.9805875,31712834048.704464,42134806398.76861,-10421972350.064144
MEX,202404,2515530724.9269576,4393950595.843332,-1878419870.9163747,2452878272.6255226,2816275006.706436,3746597379.325217,3903529001.0782332,-1293719106.6996942,-1087253994.371797,31179018779.36099,43470026988.11833,-12291008208.757347
MEX,202405,3396079263.6393237,4220947762.493124,-824868498.8538003,3201564744.4472713,2861213303.0354557,4431978978.754008,4009969706.3802314,-1230414234.306737,-1148756403.3447757,31942039867.518116,44346855842.56381,-12404815975.045696
MEX,202406,3184846359.0492134,4768337813.708078,-1583491454.658865,3517695987.842059,3057379668.3049507,4711532148.716748,4296702835.598658,-1193836160.874689,-1239323167.293707,32290958637.742554,45494681703.68441,-13203723065.941856
MEX,202407,5728256964.788235,5201169815.978752,527087148.8094826,5859192089.063171,4192817607.1175003,4818261183.711322,4653924103.72736,1040930905.3518496,-461106496.60985947,35655184050.650665,47357386774.99953,-11702202724.34886
MEX,202408,3424513494.4626193,5462386069.213008,-2037872574.7503886,3633546354.259217,4336811477.054815,5265041917.307759,4931611749.9119425,-1631495563.0485425,-594800272.8571272,36406494545.31405,49219764378.75157,-12813269833.43753
MEX,202409,4174624035.960742,5351289610.944985,-1176665574.9842434,3941939333.7883844,4478225925.703591,5135403853.095465,5072902318.038182,-1193464519.3070803,-594676392.3345909,38307320088.48367,51248671789.05909,-12941351700.575413
MEX,202410,4693174931.974265,5974292694.760431,-1281117762.7861662,3335967532.255924,3637151073.434509,5602492405.665597,5334312725.356274,-2266524873.4096727,-1697161651.9217649,40424000975.73554,53386247536.474625,-12962246560.739077
MEX,202411,4440961933.766328,4532327735.136914,-91365801.3705864,4513799137.008902,3930568667.684404,5231901153.983749,5323265804.248271,-718102016.9748478,-1392697136.563867,42094424581.85771,54467436576.48503,-12373011994.627314
MEX,202412,3667755384.1776276,4295536917.600992,-627781533.4233646,3626107374.7163067,3825291347.993711,5223527719.796048,5352640426.481797,-1597420345.0797415,-1527349078.4880862,43096074842.66273,55153360280.479095,-12057285437.816366
MEX,202501,4322588917.3755245,6481224006.208326,-2158635088.832802,5230591323.560931,4456832611.762047,5415797067.779622,5290408647.186473,-185205744.21869087,-833576035.4244261,45181719154.91222,57894541389.98154,-12712822235.06933
MEX,202502,4316518287.82344,4728911124.798038,-412392836.97459793,5091282530.113365,4649327076.1302,5559555875.393241,5399626887.656303,-468273345.27987576,-750299811.526103,46768001901.10159,59156565013.516,-12388563112.41441
MEX,202503,5753555804.419697,5518802453.656053,234753350.76364422,5533983221.08176,5285285691.585353,5758361325.981804,5577904756.384889,-224378104.9000435,-292619064.79953575,49618406102.36397,60929176600.34203,-11310770497.978062
MEX,202504,6012099405.155993,7619309737.080143,-1607210331.9241495,5522897059.396167,5382720936.863764,6178294316.134769,5832070505.836604,-655397256.7386026,-449349568.9728403,53114974782.59301,64154535741.57884,-11039560958.985838
MEX,202505,7028109572.913154,6482500606.347886,545608966.5652676,6627546675.452412,5894808985.310113,6792726997.182703,6243127546.433091,-165180321.73029137,-348318561.1229782,56747005091.866844,66416088585.43361,-9669083493.566769
MEX,202506,6041440878.019808,7009017550.255511,-967576672.2357035,6907175310.4772415,6352539681.775273,6986065819.440433,6652362377.585968,-78890508.96319103,-299822695.8106947,59603599610.83743,68656768321.98104,-9053168711.143608
MEX,202507,7004046298.909827,7864786677.4349575,-860740378.5251303,7479588583.134543,7004770189.688066,7326763344.99047,7035185387.204534,152825238.1440735,-30415197.516468048,60879388944.95902,71320385183.43724,-10440996238.47822
MEX,202508,8181930880.519455,8111419077.244703,70511803.27475166,8559981551.417854,7648915148.343213,7677632756.05461,7330153973.495171,882348795.363244,318761174.8480425,65636806331.01586,73969418191.46893,-8332611860.45308
MEX,202509,9560042912.31811,8380929161.939732,1179113750.378378,8911941947.019762,8317170693.857387,8109724374.810387,7704706825.285155,802217572.2093754,612463868.5722313,71022225207.37323,76999057742.46368,-5976832535.090459
MEX,202510,14108774734.802692,8969931348.929708,5138843385.872984,9469814397.160929,8980579298.532846,8529177285.817793,8105511472.227596,940637111.3431358,875067826.3052502,80437825010.20166,79994696396.63297,443128613.56869125
MEX,202511,10164241969.361168,6259003902.931173,3905238066.4299946,10365608041.644838,9582454795.275175,7475363075.518057,8038088245.382079,2890244966.1267815,1544366549.893096,86161105045.7965,81721372564.42723,4439732481.369272
MEX,202512,10932865470.61371,7713248298.072462,3219617172.5412483,11272482244.998323,10369301561.26803,10081564855.398403,8695368405.578085,1190917389.5999203,1673933155.6899452,93426215132.23257,85139083944.8987,8287131187.333885
MEX,202601,9590216021.297342,14152990427.460371,-4562774406.163029,11839098923.120266,11159063069.921143,10970840353.201725,9509256094.70606,868258569.918541,1649806975.2150822,98693842236.15439,92810850366.15073,5882991870.003658
MEX,202602,10654876321.130167,9969375883.361612,685500437.7685547,13246153308.735847,12119244825.618147,11588456626.460846,10880287278.353659,1657696682.2750015,1238957547.2644882,105032200269.46114,98051315124.71431,6980885144.746811
MEX,202603,16009952182.178328,11803426360.486307,4206525821.6920204,14592102462.200651,13225784898.01892,12473573810.907562,11677623596.85671,2118528651.293089,1548161301.1622105,115288596647.21976,104335939031.54457,10952657615.675186
MEX,202604,18392893077.194695,16639843361.643719,1753049715.5509758,15938221094.817724,14592158955.251406,12827134363.779146,12296388267.049185,3111086731.038578,2295770688.202221,127669390319.25845,113356472656.10815,14312917663.15031
MYS,201701,4001010028.0622807,2610938130.168202,1390071897.8940787,3930549620.354426,,2654535092.973062,,1276014527.3813639,,,,
MYS,201702,4008190980.929405,2470604903.5787535,1537586077.3506517,4563638074.015794,,2754127151.476087,,1809510922.5397067,,,,
MYS,201703,4747741142.642487,2895395219.019003,1852345923.6234837,4547990328.494188,4347392674.288136,2794933381.2715707,2734531875.24024,1753056947.2226176,1612860799.0478954,,,
MYS,201704,4393229375.878481,2629593698.9318576,1763635676.9466233,4340284232.397524,4483970878.302502,2779172478.084012,2776077670.277223,1561111754.3135118,1707893208.0252786,,,
MYS,201705,4948779201.708749,2787424467.353682,2161354734.355067,4888103361.175338,4592125974.022349,2862304945.1379566,2812136934.83118,2025798416.0373812,1779989039.1911693,,,
MYS,201706,4973066329.808958,2736903080.192324,2236163249.616634,5112584912.775193,4780324168.782684,2879036533.2963896,2840171318.8394527,2233548379.4788036,1940152849.9432316,,,
MYS,201707,4700404218.333546,2862437497.2518144,1837966721.0817313,4509592889.571335,4836760387.840622,2832692601.9590673,2858011360.131138,1676900287.6122675,1978749027.709484,,,
MYS,201708,5315744592.720716,3307560968.4685006,2008183624.2522159,5231001563.773038,4951059788.706521,3033903852.512455,2915210995.9226375,2197097711.260583,2035848792.7838836,,,
MYS,201709,5680736868.425695,3108435393.449325,2572301474.9763703,5562568380.748482,5101054278.0309515,3037759936.931326,2968118797.134283,2524808443.817156,2132935480.8966684,,,
MYS,201710,5512716889.153673,3260834098.6477127,2251882790.5059605,4953454909.59363,5249008284.7050495,2995706945.160237,3022456911.5346723,1957747964.433393,2226551373.1703773,,,
MYS,201711,5727407829.769391,3114074738.873605,2613333090.8957863,5961000343.123178,5492341211.155095,3086330666.0520873,3039932516.0478835,2874669677.07109,2452408695.1072116,,,
MYS,201712,5542586578.820438,3135397192.013633,2407189386.8068056,5867524535.300276,5593993262.67236,3124439530.628428,3068825713.946917,2743085004.671848,2525167548.7254434,59551614036.25382,34919599387.94841,24632014648.30541
MYS,201801,6672752391.3701725,3175714800.126636,3497037591.2435365,6350718009.54571,6059747629.323054,3174540347.750866,3128436848.1437936,3176177661.7948437,2931310781.1792607,62223356399.561714,35484376057.906845,26738980341.65487
MYS,201802,4987533015.253011,2860096314.6090317,2127436700.643979,5767120173.966963,5995120906.270982,3172389201.285886,3157123026.55506,2594730972.681077,2837997879.715922,63202698433.88532,35873867468.937126,27328830964.948193
MYS,201803,6345314376.414563,3291550365.7494583,3053764010.665105,6110445242.822879,6076094475.445183,3224610942.600816,3190513497.2125225,2885834300.222063,2885580978.2326603,64800271667.657394,36270022615.66758,28530249051.989815
MYS,201804,6636546244.152369,3131741949.527492,3504804294.6248765,6532164015.967813,6136576477.585884,3256101304.4901657,3217700482.7922893,3276062711.477647,2918875994.793595,67043588535.93129,36772170866.263214,30271417669.668068
MYS,201805,5671982915.040188,3088846496.862557,2583136418.177631,5947848940.888286,6196819399.892993,3252109535.8936133,3244273927.6615314,2695739404.9946723,2952545472.2314615,67766792249.26272,37073592895.77209,30693199353.49063
MYS,201806,5825299635.582526,3008463921.1936646,2816835714.3888617,6001380962.412987,6160464639.75636,3153688436.4025984,3220633092.2621255,2847692526.0103884,2939831547.4942346,68619025555.03629,37345153736.77343,31273871818.26286
MYS,201807,6950266134.838039,3329904450.3728356,3620361684.465204,6475598507.323864,6141609470.208379,3236671576.161273,3214156516.152495,3238926931.162591,2927452954.055884,70868887471.54079,37812620689.894455,33056266781.64633
MYS,201808,6006558056.874409,3269465368.352182,2737092688.522227,6133846080.832917,6203608516.856589,3074645439.6817226,3155001817.415198,3059200641.1511946,3048606699.4413915,71559700935.69447,37774525089.77814,33785175845.916344
MYS,201809,6253468975.153478,3181988878.953378,3071480096.2000995,6024870317.598446,6211438301.918408,3112474446.7484965,3141263820.8638306,2912395870.8499494,3070174481.054578,72132433042.42226,37848078575.28219,34284354467.14007
MYS,201810,7302039865.448851,3405939408.3558064,3896100457.0930443,6538349964.051713,6232355454.161025,3155449679.9390116,3114189855.45641,3382900284.1127014,3118165598.704615,73921756018.71744,37993183884.99028,35928572133.72716
MYS,201811,5623460214.751472,3156051378.4822626,2467408836.26921,5905700402.846069,6156306894.832076,3126047765.036326,3131323963.907944,2779652637.8097434,3024982930.924132,73817808403.69952,38035160524.59894,35782647879.10058
MYS,201812,5926639857.996334,3119461402.7549644,2807178455.2413697,6007714480.526189,6150588282.474656,3066393652.1922545,3115963699.055864,2941320828.3339343,3034624583.4187922,74201861682.87541,38019224735.34027,36182636947.53514
MYS,201901,6938057386.15808,3279251789.975775,3658805596.1823053,6427247805.349404,6113554229.573888,3228733461.1075125,3140391626.1120315,3198514344.241892,2973162603.4618564,74467166677.66331,38122761725.18941,36344404952.47391
MYS,201902,5145982846.330769,2662164364.8480425,2483818481.482726,6023534292.674581,6152832192.850059,2941417068.994215,3078848060.7646613,3082117223.6803656,3073984132.0853972,74625616508.74109,37924829775.42841,36700786733.31266
MYS,201903,6325826396.58826,2979642442.537504,3346183954.0507555,6087056931.9825945,6179279676.668859,2952023955.997278,3040724828.699669,3135032975.9853163,3138554847.9691896,74606128528.91478,37612921852.21646,36993206676.69831
MYS,201904,6630303713.971974,2942184917.9595675,3688118796.012407,6509029201.752934,6206540142.1367035,3008322147.6844006,2967254390.8919644,3500707054.068534,3239285751.244739,74599885998.73438,37423364820.648544,37176521178.08584
MYS,201905,5676934250.931626,2654594523.158893,3022339727.772733,6283999734.774026,6293361956.16985,2857728556.2341976,2939358219.9719586,3426271178.5398283,3354003736.1978917,74604837334.62581,36989112846.94488,37615724487.68095
MYS,201906,5682862025.697864,2852734061.9522557,2830127963.745608,5842559476.336075,6211862804.287679,2988720739.18371,2951590481.034103,2853838737.1523647,3260272323.253576,74462399724.74115,36833382987.70347,37629016737.03769
MYS,201907,7629701359.138186,3178573640.8389106,4451127718.299276,6993488379.716647,6373349196.942249,3043762674.6939406,2963403990.037283,3949725705.0227065,3409945206.9049664,75141834949.0413,36682052178.16954,38459782770.87176
MYS,201908,5665248552.017492,3073649870.7417197,2591598681.2757726,5990121107.952894,6275389654.668538,2956066762.619764,2996183392.1658044,3034054345.3331304,3279206262.5027337,74800525444.18439,36486236680.55908,38314288763.625305
MYS,201909,5599686844.206926,2933779220.033286,2665907624.1736403,5298767715.352723,6094125734.3407545,2869741121.41866,2956523519.577455,2429026593.934063,3137602214.7632995,74146743313.23782,36238027021.638985,37908716291.59885
MYS,201910,7611495913.168653,3194557716.123178,4416938197.045475,6833865752.030331,6040918191.778648,2984413321.2595544,2936740401.7659926,3849452430.7707763,3104177790.0126557,74456199360.95764,36026645329.40636,38429554031.55128
MYS,201911,5267528339.517571,2867013969.896936,2400514369.6206355,5566337163.280121,5899656876.887725,2831422399.6208143,2895192280.7663426,2734914763.6593065,3004464596.121382,74100267485.72372,35737607920.82103,38362659564.9027
MYS,201912,6184316897.304436,2947850461.981549,3236466435.322887,5998380867.804892,6132861261.038447,2859520068.3809304,2891785263.0870996,3138860799.423961,3241075997.951348,74357944525.03183,35565996980.047615,38791947544.98422
MYS,202001,6901174681.816946,2926244136.1509013,3974930545.6660447,6290126733.971731,5951614921.685581,2840811129.3666973,2843917865.7894807,3449315604.605034,3107697055.8961005,74321061820.6907,35212989326.22274,39108072494.46796
MYS,202002,5093484889.181274,2880410910.785208,2213073978.396066,6004628561.866182,6097712054.547603,3177724888.629232,2959352028.7922864,2826903673.2369504,3138360025.7553163,74268563863.54121,35431235872.15991,38837327991.3813
MYS,202003,5672151706.202948,2743492858.2210426,2928658847.981905,5430540831.67479,5908432042.504234,2746311044.0700383,2921615687.3553224,2684229787.604752,2986816355.148912,73614889173.1559,35195086287.843445,38419802885.312454
MYS,202004,6094858015.477886,2684600400.99835,3410257614.479536,5999587785.560477,5811585726.367149,2704128377.0560884,2876054769.918453,3295459408.504389,2935530956.448696,73079443474.6618,34937501770.88223,38141941703.77958
MYS,202005,4673135032.043303,2669903975.104006,2003231056.9392967,5401067240.288595,5610398619.174621,2932750547.174957,2794396656.100361,2468316693.1136384,2816001963.0742598,72075644255.77348,34952811222.82735,37122833032.946144
MYS,202006,6381390414.862128,3017732672.260358,3363657742.6017704,6506211267.267951,5968955431.039008,3172853024.330707,2936577316.1872506,3333358242.937244,3032378114.8517575,72774172644.93774,35117809833.135445,37656362811.80231
MYS,202007,7930312789.969463,3291148709.0931606,4639164080.876303,7242434789.579286,6383237765.711944,3117500581.918563,3074368051.141409,4124934207.6607227,3308869714.5705347,73074784075.76903,35230384901.389694,37844399174.37933
MYS,202008,6268082389.809985,3032315187.5869064,3235767202.2230787,6825892054.321481,6858179370.389572,2965862491.5836663,3085405365.9443116,3860029562.7378144,3772774004.4452605,73677617913.56152,35189050218.23488,38488567695.32664
MYS,202009,8150735327.553101,3267510561.2873063,4883224766.265795,7587612575.540714,7218646473.14716,3189995615.740881,3091119563.081037,4397616959.799833,4127526910.0661225,76228666396.9077,35522781559.4889,40705884837.41879
MYS,202010,7765960742.487459,3258724595.286868,4507236147.200591,7045927982.987411,7153144204.283202,3073315514.4947605,3076391207.2731023,3972612468.49265,4076752997.0101,76383131226.2265,35586948438.652596,40796182787.573906
MYS,202011,7118961392.695266,3304199369.660232,3814762023.0350337,7543668048.54104,7392402869.023055,3241247700.32557,3168186276.8537374,4302420348.21547,4224216592.1693177,78234564279.4042,36024133838.41589,42210430440.988304
MYS,202012,7799627349.511487,3610548302.318577,4189079047.19291,7236700209.261793,7275432080.263415,3460849987.434669,3258471067.4183335,3775850221.827124,4016961012.845082,79849874731.61124,36686831678.752914,43163043052.85833
MYS,202101,7728260276.665143,3543749244.2478695,4184511032.4172735,7252715071.646476,7344361109.816436,3472146988.0502872,3391414891.9368424,3780568083.5961885,3952946217.8795934,80676960326.45944,37304336786.849884,43372623539.60956
MYS,202102,6540299341.620781,3049560670.051963,3490738671.568818,7570275423.464253,7353230234.79084,3333588280.4926515,3422195085.325869,4236687142.971602,3931035149.464971,82123774778.89896,37473486546.11664,44650288232.78231
MYS,202103,8358811551.83149,3592959003.629512,4765852548.201978,7844172830.439809,7555721108.516846,3556963582.593164,3454232950.3787007,4287209247.846645,4101488158.138145,84810434624.52748,38322952691.525116,46487481933.00239
MYS,202104,7567127980.262968,3691934197.6777043,3875193782.5852637,7686315995.7734785,7700254749.892513,3657644207.948802,3516065357.0115395,4028671787.8246765,4184189392.880974,86282704589.31258,39330286488.20447,46952418101.10811
MYS,202105,6324698366.409228,3488094454.573529,2836603911.8356996,7283171661.616162,7604553495.94315,3839121854.112426,3684576548.2181306,3444049807.5037365,3919976947.725019,87934267923.6785,40148476967.67399,47785790956.00451
MYS,202106,7835797726.34141,3494362653.105665,4341435073.235744,7608644485.747122,7526044047.712254,3788756823.9677057,3761840962.009645,3819887661.779416,3764203085.7026086,89388675235.15778,40625106948.519295,48763568286.63849
MYS,202107,7265829693.603096,3953751952.229159,3312077741.373937,7005257204.272697,7299024450.545326,3751307128.0160275,3793061935.3653865,3253950076.25667,3505962515.1799397,88724192138.79141,41287710191.65529,47436481947.136116
MYS,202108,6888820901.888011,4049111635.2071896,2839709266.6808214,7512577520.7685,7375493070.262773,3914092651.3417764,3818052201.1085033,3598484869.426724,3557440869.154269,89344930650.86943,42304506639.27557,47040424011.593864
MYS,202109,9100190414.95123,4203238789.7192135,4896951625.232016,8123602587.386203,7547145770.809133,4092888626.1370077,3919429468.4982705,4030713961.249195,3627716302.310862,90294385738.26756,43240234867.70748,47054150870.56009
MYS,202110,8605225596.45649,4495489389.709719,4109736206.746771,8288719955.281938,7974966687.812213,4315511397.592769,4107497558.357184,3973208557.689169,3867469129.455029,91133650592.2366,44476999662.13033,46656650930.10626
MYS,202111,8290126364.482076,4547213640.525141,3742912723.956935,8587560952.106197,8333294498.258113,4513327099.691876,4307242374.473885,4074233852.414321,4026052123.7842283,92304815564.0234,45720013932.99524,46584801631.02817
MYS,202112,10886277588.246458,4575030353.955396,6311247234.291062,9936386811.120104,8937555906.169413,4371532869.638787,4400123788.974477,5564853941.481317,4537432117.194936,95391465802.75839,46684495984.632065,48706969818.12632
MYS,202201,9332334181.571796,4598268283.516595,4734065898.055202,9032287721.641459,9185411828.289253,4588949782.146119,4491269917.158928,4443337939.495339,4694141911.130325,96995539707.66504,47739015023.90079,49256524683.764244
MYS,202202,8228247570.288306,4173299444.6928487,4054948125.5954576,9336600071.191782,9435091534.651115,4560711525.600529,4507064725.795146,4775888545.591253,4928026808.855969,98683487936.33255,48862753798.54167,49820734137.790886
MYS,202203,11224479742.962833,4962488593.556153,6261991149.40668,10350878277.298838,9573255356.710691,4800352700.928071,4650004669.55824,5550525576.370767,4923250687.1524515,101549156127.46391,50232283388.46831,51316872738.99559
MYS,202204,9662534357.76469,4846964526.26013,4815569831.50456,10131017959.853056,9939498769.447891,4624963122.842702,4662009116.4571,5506054837.010354,5277489652.990791,103644562504.96564,51387313717.050735,52257248787.91489
MYS,202205,9693166766.929781,5426716983.282526,4266449783.647255,10789577065.054775,10423824434.068888,5910109899.850203,5111808574.540325,4879467165.204573,5312015859.528563,107013030905.48619,53325936245.759735,53687094659.72644
MYS,202206,11217143724.899223,5350674692.889829,5866469032.009395,10445358814.626225,10455317946.511353,5946674507.309859,5493915843.334254,4498684307.316365,4961402103.177098,110394376904.04399,55182248285.5439,55212128618.50009
MYS,202207,9365431719.676609,5086969897.659415,4278461822.017194,9450994186.249983,10228643355.310328,4796422488.324203,5551068965.161422,4654571697.92578,4677574390.148906,112493978930.1175,56315466230.97416,56178512699.14335
MYS,202208,10457035336.956045,5174842127.4114065,5282193209.544639,11371701105.728128,10422684702.201445,4883261293.2970085,5208786096.310357,6488439812.43112,5213898605.891088,116062193365.18555,57441196723.178375,58620996642.007164
MYS,202209,11630493869.36962,5202201659.133091,6428292210.236528,10181335566.12276,10334676952.700289,5148321632.392614,4942668471.337941,5033013933.730146,5392008481.362348,118592496819.60393,58440159592.59225,60152337227.01167
MYS,202210,9419401767.19427,5866902058.726081,3552499708.4681883,9301387391.809002,10284808021.219963,5681040577.798106,5237541167.829243,3620346814.0108957,5047266853.39072,119406672990.3417,59811572261.60861,59595100728.7331
MYS,202211,9990397381.029797,5414627233.832714,4575770147.1970825,10259748364.325459,9914157107.419073,5518233623.714899,5449198611.301873,4741514740.610559,4464958496.1172,121106944006.88943,60678985854.91618,60427958151.97324
MYS,202212,10700671178.05081,5035169249.494386,5665501928.556424,9746519187.872967,9769218314.669142,4921603779.25318,5373625993.588728,4824915408.619787,4395592321.080414,120921337596.69377,61139124750.45518,59782212846.2386
MYS,202301,9948927462.195232,4513602342.913502,5435325119.281731,9834510299.831861,9946925950.676762,4623565776.017537,5021134392.995205,5210944523.814324,4925791557.681557,121537930877.31721,61054458809.85208,60483472067.46513
MYS,202302,8869323974.565393,4420942728.512311,4448381246.053082,10110686874.932617,9897238787.545815,4852823431.79259,4799330995.687769,5257863443.140027,5097907791.858046,122179007281.59431,61302102093.67155,60876905187.92276
MYS,202303,9958520501.652681,4800869426.609414,5157651075.043267,9242270984.638748,9729156053.134409,4531190733.190697,4669193313.666942,4711080251.448051,5059962739.467467,120913048040.28415,61140482926.72481,59772565113.55935
MYS,202304,8542559674.802572,4099663193.4369283,4442896481.365644,9107613850.747398,9486857236.77292,3688389853.6288514,4357468006.204046,5419223997.118547,5129389230.568874,119793073357.32204,60393181593.9016,59399891763.42043
MYS,202305,8728239102.932484,4211572701.224844,4516666401.70764,9521072807.521719,9290319214.302622,4514899202.436767,4244826596.4187717,5006173605.084952,5045492617.88385,118828145693.32474,59178037311.843925,59650108381.48082
MYS,202306,10552159940.655956,4013283461.761852,6538876478.894104,10031464687.635181,9553383781.9681,4490901979.143824,4231397011.7364807,5540562708.491358,5321986770.231619,118163161909.08147,57840646080.71594,60322515828.365524
MYS,202307,9787247612.66091,4089242424.552461,5698005188.108448,10028280655.807604,9860272716.988169,3756590930.181173,4254130703.920588,6271689725.6264305,5606142013.067581,118584977802.06578,56842918607.608986,61742059194.45678
MYS,202308,7893245452.087046,4379871478.673386,3513373973.41366,8632702973.354824,9564149438.932535,4105963334.5421457,4117818747.9557137,4526739638.812678,5446330690.976822,116021187917.19676,56047947958.870964,59973239958.3258
MYS,202309,10351753580.344233,4723426435.462683,5628327144.88155,9303144482.156696,9321376037.106375,4863312416.837223,4241955560.52018,4439832065.319473,5079420476.586195,114742447628.17139,55569172735.20056,59173274892.970825
MYS,202310,9310040426.87024,4613355262.692225,4696685164.178014,9286807159.114086,9074218204.875202,4476124729.207874,4481800160.195747,4810682429.906212,4592418044.679455,114633086287.84735,54315625939.1667,60317460348.68065
MYS,202311,8458051182.508819,4714618272.2941265,3743432910.214692,8891772438.442614,9160574693.237799,4871560895.075289,4736999347.040129,4020211543.367325,4423575346.19767,113100740089.32639,53615616977.62811,59485123111.69826
MYS,202312,8868610094.221437,5020615150.332315,3847994943.889122,8164561687.376331,8781047094.977676,5083065848.993078,4810250491.09208,3081495838.383253,3970796603.8855963,111268679005.49701,53601062878.46604,57667616127.03096
MYS,202401,8337741878.029672,5037006417.312024,3300735460.7176476,7335497027.203249,8130610384.340732,5282966885.06458,5079197876.377648,2052530142.138669,3051412507.9630833,109657493421.33145,54124466952.86457,55533026468.46687
MYS,202402,7508505753.96792,4841703209.607991,2666802544.359929,7840633602.348042,7780230772.309207,5257874439.574691,5207969057.87745,2582759162.7733507,2572261714.431757,108296675200.73396,54545227433.96025,53751447766.77372
MYS,202403,9809089341.706814,6120204780.073277,3688884561.6335363,8989618909.206327,8055249846.252538,5701391384.118676,5414077569.585982,3288227525.0876513,2641172276.6665554,108147244040.7881,55864562787.42411,52282681253.36399
MYS,202404,8423434589.533695,5173737889.296279,3249696700.2374163,9063942221.499182,8631398244.351183,4485644008.085632,5148303277.259666,4578298213.413549,3483094967.0915165,108028118955.51923,56938637483.28346,51089481472.235756
MYS,202405,9705233511.218712,5735135069.28935,3970098441.9293623,10692549241.703928,9582036790.803144,6062150822.757945,5416395404.987418,4630398418.945983,4165641385.8157263,109005113363.80545,58462199851.34797,50542913512.45748
MYS,202406,10851587800.32328,5493496323.446524,5358091476.876757,10753928498.685944,10170139987.29635,6195649792.4095335,5581148207.751038,4558278706.27641,4588991779.545313,109304541223.47278,59942412713.03264,49362128510.44013
MYS,202407,9845291225.920765,6786904146.225825,3058387079.6949396,10247895946.538189,10564791228.976019,6058126773.268891,6105309129.47879,4189769173.2692976,4459482099.497229,109362584836.73264,62640074434.70601,46722510402.02663
MYS,202408,10637439155.401258,7031372417.871025,3606066737.5302334,11885660448.929083,10962494964.717737,6523591586.028719,6259122717.235715,5362068862.900364,4703372247.482022,112106778540.04684,65291575373.90365,46815203166.1432
MYS,202409,12681445077.560413,7635938111.978669,5045506965.581744,11837215306.267244,11323590567.244837,8164107766.576018,6915275375.291209,3673107539.691226,4408315191.953628,114436470037.26303,68204087050.41963,46232382986.84339
MYS,202410,11776697735.777296,6990869616.755725,4785828119.021571,11885540588.184465,11869472114.460264,6817804108.090922,7168501153.56522,5067736480.093543,4700970960.895044,116903127346.17007,70581601404.48314,46321525941.68695
MYS,202411,11474461047.505077,6341574403.934365,5132886643.570712,12426981403.754097,12049912432.735268,6606385731.118681,7196099201.92854,5820595672.635416,4853813230.806727,119919537211.16634,72208557536.12337,47710979675.04297
MYS,202412,13157229967.39966,6776523969.759185,6380705997.640475,12267404114.182613,12193308702.040392,7109893811.592921,6844694550.2675085,5157510302.589692,5348614151.772883,124208157084.34456,73964466355.55025,50243690728.79432
MYS,202501,9689426321.92121,8359818410.358278,1329607911.562931,7938177985.422394,10877521167.786367,8974967716.52156,7563749086.411054,-1036789731.0991669,3313772081.3753138,125559841528.2361,77287278348.5965,48272563179.63961
MYS,202502,9275358906.741339,6203295808.847992,3072063097.893347,9062065045.35509,9755882381.653364,6667459823.927599,7584107117.347362,2394605221.42749,2171775264.3060026,127326694681.00952,78648870947.8365,48677823733.17302
MYS,202503,12618988777.307158,8449889664.581301,4169099112.725857,11189492756.485819,9396578595.754433,7775109150.030107,7805845563.493089,3414383606.4557123,1590733032.261344,130136594116.60986,80978555832.34451,49158038284.26534
MYS,202504,12393824945.059229,9943254833.682722,2450570111.376507,13359497044.468473,11203684948.769793,8276730875.354134,7573099949.770614,5082766169.11434,3630584998.999179,134106984472.1354,85748072776.73096,48358911695.404434
MYS,202505,10681682889.929699,7797551224.65238,2884131665.277319,11913149068.960249,12154046289.971514,8112017459.633591,8054619161.67261,3801131609.3266582,4099427128.2989035,135083433850.84637,87810488932.094,47272944918.75239
MYS,202506,11525514002.747099,7399842218.992265,4125671783.754834,11954779992.717913,12409142035.382212,8383709670.086734,8257486001.691486,3571070322.631179,4151656033.6907253,135757360053.2702,89716834827.63972,46040525225.63047
MYS,202507,12740431032.166504,10067443638.417389,2672987393.749115,13425763774.58846,12431230945.422205,8737666012.810097,8411131047.51014,4688097761.778364,4020099897.9120646,138652499859.51593,92997374319.8313,45655125539.68465
MYS,202508,11501417477.66768,9370285054.186333,2131132423.481348,13118798077.446718,12833113948.25103,8627038202.170773,8582804628.355868,4491759875.275946,4250309319.8951616,139516478181.78238,95336286956.1466,44180191225.63576
MYS,202509,13775364311.357845,8105739920.090301,5669624391.267545,13360108585.775625,13301556812.603601,9022852277.732924,8795852164.23793,4337256308.042702,4505704648.365671,140610397415.5798,95806088764.25824,44804308651.32156
MYS,202510,13966475821.133781,9495489601.846987,4470986219.286795,14201785238.295797,13560230633.83938,9303854933.831364,8984581804.578354,4897930304.464434,4575648829.261026,142800175500.93628,98310708749.3495,44489466751.58678
MYS,202511,12971317981.161686,9867025507.374153,3104292473.787533,14458972390.247782,14006955404.77307,10327018688.433455,9551241966.665915,4131953701.8143272,4455713438.107155,144297032434.5929,101836159852.78928,42460872581.803604
MYS,202512,16665641361.555563,8997120923.57483,7668520437.980734,15652500173.26846,14771085933.937346,9797844333.691055,9809572651.98529,5854655839.577404,4961513281.952055,147805443828.7488,104056756806.60492,43748687022.14387
MYS,202601,21534848332.29348,9163396589.794018,12371451742.499462,16381191590.32915,15497554717.948462,10067217156.594706,10064026726.239738,6313974433.734444,5433527991.708723,159650865839.12106,104860334986.04066,54790530853.08039
MYS,202602,19089840739.918095,9834839450.728065,9255001289.19003,17413493586.598373,16482395116.731995,10472448430.20341,10112503306.829723,6941045156.394964,6369891809.902271,169465347672.2978,108491878627.92075,60973469044.377075
MYS,202603,23121948293.955997,11465080986.509596,11656867307.446402,19690225391.368267,17828303522.765263,10428425383.13059,10322696989.976234,9261800008.237677,7505606532.789028,179968307188.9467,111507069949.84903,68461237239.097626
MYS,202604,33193610965.207787,13118524101.623373,20075086863.58441,35421214528.8531,24174977835.606583,10491946210.645212,10464273341.326405,24929268318.207893,13710704494.280178,200768093209.0952,114682339217.78969,86085753991.30553
NLD,201701,2147213830.816748,1424008513.8816695,723205316.9350784,2030530743.3909876,,1438752007.501775,,591778735.8892126,,,,
NLD,201702,1904391513.7914302,1358867546.9493482,545523966.842082,2074673625.7630825,,1529893077.2165964,,544780548.5464861,,,,
NLD,201703,2419068053.2357683,1679456054.2839594,739611998.9518089,2126606368.6779475,2077270245.944006,1574179696.367072,1514274927.0284812,552426672.3108754,562995318.9155247,,,
NLD,201704,1809706597.473615,1523646090.6611354,286060506.8124795,2142059327.4515543,2114446440.6308615,1601107674.1790373,1568393482.5875685,540951653.272517,546052958.043293,,,
NLD,201705,2280857535.315397,1595740852.4145648,685116682.9008319,2258854239.5691867,2175839978.5662293,1653159351.202202,1609482240.5827706,605694888.3669846,566357737.9834588,,,
NLD,201706,2741832202.5006733,1798339843.2298877,943492359.2707856,2429732792.7745676,2276882119.9317694,1738730672.0290875,1664332565.8034422,691002120.7454801,612549554.1283271,,,
NLD,201707,2354804133.091112,1711181417.5060232,643622715.585089,2511925704.4694953,2400170912.2710834,1764358777.8363137,1718749600.355868,747566926.6331816,681421311.9152153,,,
NLD,201708,2492684276.0943046,1878379155.3263195,614305120.7679851,2405409779.836004,2449022759.026689,1756646195.8693233,1753245215.244908,648763583.9666805,695777543.781781,,,
NLD,201709,3006293884.1667953,1848237612.1697216,1158056271.9970737,2439139236.9664607,2452158240.4239864,1817800835.5562282,1779601936.4206219,621338401.4102325,672556304.0033646,,,
NLD,201710,2146365043.3654115,1841133932.8702977,305231110.49511385,2610930744.660618,2485159920.487694,1787428562.089349,1787291864.5049667,823502182.5712688,697868055.982727,,,
NLD,201711,2495077451.621715,1901541082.9934084,593536368.6283066,2529971454.8024755,2526680478.809851,1909651329.8373623,1838293575.8276465,620320124.9651132,688386902.9822047,,,
NLD,201712,2913798143.9046364,1995056982.7849424,918741161.119694,2732578549.3005934,2624493582.921229,1939950567.4020286,1879010153.10958,792627981.8985648,745483429.8116488,28712092665.377605,20555589085.071278,8156503580.306329
NLD,201801,2996248939.54562,2022352256.8023455,973896682.7432745,3020533195.678169,2761027733.2604127,2016824248.266048,1955475381.8351462,1003708947.4121208,805552351.4252665,29561127774.106476,21153932827.991955,8407194946.114525
NLD,201802,2632547229.1846485,1804245912.2255707,828301316.9590778,2849400329.6098795,2867504024.8628807,2016173961.57953,1990982925.749202,833226368.0303495,876521099.1136787,30289283489.4997,21599311193.268177,8689972296.23152
NLD,201803,3332567510.130239,2187414968.005354,1145152542.124885,2932212618.881553,2934048714.7232003,2049636730.3154838,2027544980.053687,882575888.5660694,906503734.6695132,31202782946.39417,22107270106.98957,9095512839.404596
NLD,201804,2493594292.054504,1966526437.0970068,527067854.9574971,3031093095.713853,2937568681.4017615,2061195566.83197,2042335419.5756614,969897528.8818829,895233261.8261001,31886670640.975056,22550150453.42544,9336520187.549614
NLD,201805,2829934232.149431,1930873037.1464922,899061195.002939,2913588799.6462064,2958964838.080538,2004718531.2775357,2038516942.8083298,908870268.3686707,920447895.272208,32435747337.80909,22885282638.157368,9550464699.65172
NLD,201806,3103571138.5428085,2084346288.4395518,1019224850.1032567,2733358600.317371,2892680165.2258096,2017868507.8785067,2027927535.3293374,715490092.4388642,864752629.8964722,32797486273.851227,23171289083.36703,9626197190.484192
NLD,201807,2501128078.2821536,1936598548.3338225,564529529.9483311,2768477459.328484,2805141619.7640204,1998681924.9290874,2007089654.6950433,769795534.3993967,798051965.0689771,32943810219.042267,23396706214.19483,9547104004.847435
NLD,201808,3042194835.621041,1853544479.9540598,1188650355.666981,2935448658.39491,2812428239.346922,1766177089.1945314,1927575840.6673753,1169271569.2003784,884852398.6795466,33493320778.569,23371871538.822575,10121449239.74643
NLD,201809,3639523321.910553,2090117231.8779528,1549406090.0326002,2953768949.4131236,2885898355.712172,2077047494.002159,1947302169.3752594,876721455.4109645,938596186.3369126,34126550216.31276,23613751158.530804,10512799057.781958
NLD,201810,2231215827.973183,2225460742.2546406,5755085.718542576,2594519073.7834415,2827912227.1971583,2172452663.9302807,2005225749.0423238,422066409.85316086,822686478.1548345,34211401000.920536,23998077967.915146,10213323033.005384
NLD,201811,2978951543.7102237,2071232640.248598,907718903.4616256,2904681685.9292135,2817656569.708593,2076668918.2613935,2108723025.3979445,828012767.66782,708933544.3106484,34695275093.00904,24167769525.170338,10527505567.838705
NLD,201812,3029756336.9264364,2206533024.8207965,823223312.1056399,2659043046.5391827,2719414602.0839458,2113343846.9936085,2120821809.7284276,545699199.5455742,598592792.3555181,34811233286.030846,24379245567.206192,10431987718.824652
NLD,201901,2299515214.79698,2306300539.9946213,-6785325.197641373,2466295342.0169253,2676673358.1617737,2277616040.552003,2155876268.602335,188679301.46492243,520797089.5594387,34114499561.282204,24663193850.398468,9451305710.883736
NLD,201902,2544554048.5682597,1913950237.6177125,630603810.9505472,2742067052.9553423,2622468480.5038166,2122422703.6148286,2171127530.3868136,619644349.3405137,451340950.11700296,34026506380.665813,24772898175.79061,9253608204.875204
NLD,201903,3143027021.277103,2242359867.0326104,900667154.2444925,2761747878.5672464,2656703424.5131717,2095377988.887951,2165138911.018261,666369889.6792955,491564513.4949107,33836965891.812675,24827843074.817863,9009122816.994812
NLD,201904,2254484064.9466195,2032107699.9858654,222376364.96075416,2810076603.385694,2771297178.3027606,2122920714.578384,2113573802.3603878,687155888.8073101,657723375.9423728,33597855664.704792,24893424337.706726,8704431326.99807
NLD,201905,2586787440.717714,2157656077.466017,429131363.25169706,2761321545.420129,2777715342.45769,2246348478.383486,2154882393.94994,514973067.036643,622832948.5077496,33354708873.27307,25120207378.02625,8234501495.246827
NLD,201906,3160780341.0850086,2077149468.7374125,1083630872.3475962,2760522380.4488335,2777306843.084885,2012141767.9593208,2127136986.97373,748380612.4895127,650169856.111155,33411918075.815273,25113010558.324112,8298907517.491166
NLD,201907,2320587451.828732,2057880931.8168461,262706520.01188588,2651301830.5634866,2724381918.8108163,2125951845.3871229,2128147363.9099762,525349985.1763637,596234554.90084,33231377449.361855,25234292941.807133,7997084507.554721
NLD,201908,2900527388.2467265,2144942171.2297428,755585217.0169837,2795671511.766745,2735831907.593022,2085887288.2340515,2074660300.5268316,709784223.5326936,661171607.0661902,33089710001.98754,25525690633.082817,7564019368.904724
NLD,201909,3541371687.244046,2061146339.0930045,1480225348.1510417,2870777993.6261377,2772583778.652123,2067333954.9261591,2093057696.1824443,803444038.6999786,679526082.4696786,32991558367.321033,25496719740.297867,7494838627.023165
NLD,201910,2701579983.414866,2135558748.0714538,566021235.3434122,3017992872.5169764,2894814125.969953,2097508635.102724,2083576626.0876448,920484237.4142523,811237499.8823082,33461922522.762714,25406817746.11468,8055104776.648035
NLD,201911,3178641323.244532,2024663988.8438761,1153977334.400656,2982958910.410528,2957243258.851214,2024843848.2398005,2063228812.7562277,958115062.1707277,894014446.0949862,33661612302.29702,25360249094.709957,8301363207.587065
NLD,201912,4122583749.679021,2080152929.9552429,2042430819.723778,3386318773.898371,3129090185.6086254,1959728718.008185,2027360400.4502366,1426590055.8901863,1101729785.1583889,34754439715.04961,25233868999.844406,9520570715.205202
NLD,202001,2552900689.3732076,2110022430.2534904,442878259.1197171,2935455697.578581,3101577793.9624934,2067698112.7164388,2017423559.654808,867757584.8621421,1084154234.3076854,35007825189.62583,25037590890.10327,9970234299.522562
NLD,202002,2754239195.9846954,1828434087.964702,925805108.0199935,2970882256.0918193,3097552242.522924,2015533503.550407,2014320111.42501,955348752.5414124,1083232131.097914,35217510337.04227,24952074740.45026,10265435596.592009
NLD,202003,3108785505.9118366,2091292164.5014472,1017493341.4103894,2731207941.103616,2879181964.9246726,1948812709.625815,2010681441.96422,782395231.4778013,868500522.9604526,35183268821.67701,24801007037.9191,10382261783.757904
NLD,202004,2183719440.373075,1827497444.6408699,356221995.73220515,2793284398.095381,2831791531.7636056,1905007303.2187815,1956451172.1316679,888277094.8765993,875340359.6319377,35112504197.10346,24596396782.574104,10516107414.529356
NLD,202005,2596472080.5059505,1948429148.8505366,648042931.6554139,2869104038.373107,2797865459.190701,2025956635.9758978,1959925549.6068313,843147402.3972092,837939909.5838697,35122188836.8917,24387169853.958626,10735018982.933073
NLD,202006,3432146742.2038774,2256609291.538417,1175537450.6654606,2954381531.330409,2872256655.9329658,2182749298.261143,2037904412.485274,771632233.0692658,834352243.4476917,35393555238.01057,24566629676.759632,10826925561.250937
NLD,202007,2525910874.867786,2030804423.6795044,495106451.18828154,2955286309.370432,2926257293.024649,2089902972.8112907,2099536302.3494442,865383336.5591412,826720990.675205,35598878661.04962,24539553168.622288,11059325492.427334
NLD,202008,2581998287.0189295,2254429066.589338,327569220.42959166,2493603782.180358,2801090540.9603996,2234167328.14875,2168939866.407061,259436454.0316081,632150674.5533385,35280349559.82182,24649040063.981884,10631309495.839941
NLD,202009,3611938675.8509755,2148051664.720127,1463887011.1308484,2936541655.684935,2795143915.7452416,2165940668.093981,2163336989.684674,770600987.5909543,631806926.0605679,35350916548.42876,24735945389.609005,10614971158.819748
NLD,202010,3084284452.781158,2232743542.870606,851540909.910552,3309787520.1702466,2913310986.0118465,2207885241.853274,2202664412.698668,1101902278.3169727,710646573.3131785,35733621017.795044,24833130184.408157,10900490833.386887
NLD,202011,3341023712.3494034,2291277417.451029,1049746294.8983746,3043111176.6149864,3096480117.4900556,2276091134.4363246,2216639014.7945266,767020042.1786618,879841102.695529,35896003406.89992,25099743613.015312,10796259793.884605
NLD,202012,4126781643.8587966,2503445671.8034787,1623335972.0553179,3158489882.0255446,3170462859.6035924,2316963059.901563,2266979812.0637207,841526822.1239815,903483047.5398717,35900201301.07969,25523036354.863544,10377164946.216146
NLD,202101,3036136887.9916487,2260597872.5978947,775539015.393754,3766496924.258726,3322699327.6330857,2260451390.008101,2284501861.448663,1506045534.2506251,1038197466.1844225,36383437499.698135,25673611797.207947,10709825702.490181
NLD,202102,3144685916.4811273,2197908662.861353,946777253.6197743,3478682061.012222,3467889622.4321647,2433110104.455993,2336841518.121886,1045571956.5562286,1131048104.310279,36773884220.194565,26043086372.104603,10730797848.089964
NLD,202103,4168416262.867432,2690886183.0879393,1477530079.7794929,3676789356.975173,3640656114.0820403,2499196653.4834285,2397586049.3158407,1177592703.4917445,1243070064.7661996,37833514977.15016,26642680390.691093,11190834586.459068
NLD,202104,3315987779.129438,2436101705.740677,879886073.388761,4257013476.6257577,3804161631.5377173,2549261770.1876063,2493856176.0423427,1707751706.4381514,1310305455.4953747,38965783315.906525,27251284651.7909,11714498664.115622
NLD,202105,2976154860.352068,2290832626.3187275,685322234.0333405,3289179069.510877,3740993967.7039356,2355163847.422495,2467874090.3645096,934015222.0883822,1273119877.339426,39345466095.75264,27593688129.25909,11751777966.49355
NLD,202106,4118415785.067055,2572123977.500768,1546291807.566287,3450877027.931317,3665689858.0226502,2468524148.9996657,2457649922.2032557,982352878.9316511,1208039935.8193946,40031735138.61582,27909202815.221443,12122532323.394377
NLD,202107,3161178547.43896,2512611066.326196,648567481.1127639,3691050069.0222745,3477035388.8214893,2588893095.590337,2470860364.004166,1102156973.4319377,1006175024.8173232,40667002811.18699,28391009457.868134,12275993353.31886
NLD,202108,3523954739.033857,2386864043.055082,1137090695.978775,3410041738.2840157,3517322945.079202,2431404860.3545446,2496274034.9815154,978636877.929471,1021048910.0976868,41608959263.20192,28523444434.333878,13085514828.868042
NLD,202109,4364313199.271608,2503239622.1188293,1861073577.152779,3598383543.4588137,3566491783.588368,2485679798.1385555,2501992584.694479,1112703745.3202581,1064499198.893889,42361333786.62255,28878632391.732582,13482701394.889973
NLD,202110,3082795713.932645,2496068268.0940146,586727445.8386302,3339004756.292213,3449143346.0116806,2488095666.22044,2468393441.57118,850909090.071773,980749904.4405007,42359845047.77404,29141957116.95599,13217887930.81805
NLD,202111,3876608243.6117105,2614634951.4314766,1261973292.180234,3525860387.608981,3487749562.4533362,2551417057.2767663,2508397507.2119203,974443330.3322148,979352055.241416,42895429579.03635,29465314650.936436,13430114928.09991
NLD,202112,4471877431.906689,3032066808.805464,1439810623.101225,3263862348.3006053,3376242497.4006,2765286306.729375,2601599676.7421937,498576041.5712304,774642820.6584063,43240525367.08424,29993935787.938423,13246589579.145817
NLD,202201,2179053828.494579,2596538452.2863154,-417484623.7917366,2862606073.344033,3217442936.4178734,2639952436.792994,2652218600.2663784,222653636.55103874,565224336.151495,42383442307.587166,30329876367.626842,12053565939.960327
NLD,202202,2474963209.3259892,2410918520.151125,64044689.17486429,2826675634.2882624,2984381351.977633,2722858558.7675247,2709365767.4299645,103817075.52073765,275015584.54766846,41713719600.43203,30542886224.916615,11170833375.515415
NLD,202203,3322045178.490744,2941836936.8764267,380208241.6143174,2890426435.3701897,2859902714.3341613,2737981672.2772403,2700264222.6125865,152444763.0929494,159638491.72157478,40867348516.05534,30793836978.7051,10073511537.350243
NLD,202204,2324165332.9490194,2528062369.905644,-203897036.9566245,2937502213.799752,2884868094.4860682,2643488172.1718774,2701442801.072214,294014041.62787485,183425293.41385412,39875526069.87492,30885797642.870068,8989728427.004856
NLD,202205,2659586957.616239,2818782602.284466,-159195644.66822672,2845454914.1718106,2891127854.447251,2877446960.741401,2752972268.3968396,-31992046.56959057,138155586.05041122,39558958167.13909,31413747618.835808,8145210548.303288
NLD,202206,3550948561.95744,2841109855.8827066,709838706.0747333,2960801244.3024907,2914586124.091351,2748401864.768994,2756445665.8940907,212399379.53349686,158140458.19726038,38991490944.02948,31682733497.217743,7308757446.811735
NLD,202207,2250281286.508897,2527797095.2561975,-277515808.7473006,2618188846.928562,2808148335.134288,2498117005.733202,2707988610.414532,120071841.19536018,100159724.71975565,38080593683.09942,31697919526.147747,6382674156.95167
NLD,202208,2921369498.581727,2605668077.9997706,315701420.5819564,2824117162.0446053,2801035751.091886,2705071780.8902364,2650530217.1308103,119045381.15436888,150505533.96107578,37478008442.647285,31916723561.092438,5561284881.554852
NLD,202209,3319532853.0029726,2787697879.6984973,531834973.3044753,2705782755.0979214,2716029588.0236964,2699280651.5587473,2634156479.394062,6502103.53917408,81873108.62963438,36433228096.378654,32201181818.672104,4232046277.7065473
NLD,202210,2359952943.0558486,2794173693.6627026,-434220750.60685396,2591265071.356369,2707054996.1662984,2809619413.4665537,2737990615.305179,-218354342.11018467,-30935619.13888073,35710385325.501854,32499287244.24079,3211098081.261063
NLD,202211,2934374226.8575087,2860713884.4777226,73660342.37978601,2630405821.1784782,2642484549.2109227,2759222290.010607,2756040785.011969,-128816468.83212852,-113556235.80104637,34768151308.74765,32745366177.287037,2022785131.4606152
NLD,202212,4364036331.03765,2891509294.841313,1472527036.1963372,3177202511.479542,2799624468.0047965,2613868741.3566957,2727570148.2779517,563333770.1228461,72054319.72684479,34660310207.87862,32604808663.322887,2055501544.5557275
NLD,202301,2102283952.9731166,2629279556.024044,-526995603.0509274,2921825642.8965645,2909811325.1848617,2673547720.9684887,2682212917.4452634,248277921.9280758,227598407.73959827,34583540332.357155,32637549767.060616,1945990565.2965367
NLD,202302,2705857245.2471795,2288820501.433976,417036743.81320333,3176973319.6642804,3092000491.3467956,2683366651.8193064,2656927704.71483,493606667.84497404,435072786.63196564,34814434368.27834,32515451748.343468,2298982619.9348755
NLD,202303,3562731445.154068,2723599427.254365,839132017.899703,3067074024.676491,3055290995.7457786,2562180144.780053,2639698172.522616,504893879.89643764,415592823.22316265,35055120634.941666,32297214238.721405,2757906396.2202616
NLD,202304,2581145672.026554,2583690118.7614555,-2544446.734901428,3137506644.0276585,3127184662.7894764,2725530946.845872,2657025914.481744,411975697.18178654,470158748.3077326,35312100974.0192,32352841987.577217,2959258986.441984
NLD,202305,3287054798.3726807,2757468072.6203146,529586725.75236607,3418333507.949879,3207638058.8846765,2855050096.5451946,2714253729.390373,563283411.4046845,493384329.4943032,35939568814.77564,32291527457.913067,3648041356.8625774
NLD,202306,3984621205.1220703,2708091605.040419,1276529600.0816512,3408595549.3820524,3321478567.1198635,2642612814.2253094,2741064619.2054586,765982735.156743,580413947.9144049,36373241457.94027,32158509207.070778,4214732250.8694954
NLD,202307,3036689470.5927496,3678480554.8086147,-641791084.2158651,3581094898.0685034,3469341318.466812,3441098694.264491,2979587201.678332,139996203.8040123,489754116.7884803,37159649642.024124,33309192666.623196,3850456975.4009314
NLD,202308,3638409208.450087,3126151960.1169457,512257248.3331413,3600072807.390607,3529921084.9470544,3250624452.128532,3111445320.2061105,349448355.26207495,418475764.7409439,37876689351.89249,33829676548.740368,4047012803.152116
NLD,202309,4107328553.2970934,3126238888.606762,981089664.6903315,3237512225.0287437,3472893310.162618,3008324096.718261,3233349081.0370946,229188128.31048298,239544229.12552357,38664485052.18661,34168217557.648632,4496267494.5379715
NLD,202310,3056034143.3213363,2765582618.3247705,290451524.9965658,3333427898.934533,3390337643.784628,2834969542.7823668,3031306030.543053,498458356.15216637,359031613.24157476,39360566252.452095,34139626482.310703,5220939770.141391
NLD,202311,3945179134.747866,2958947676.1743517,986231458.5735145,3525089295.5344563,3365343139.832578,2846490663.391677,2896594767.630768,678598632.1427794,468748372.20181036,40371371160.34245,34237860274.00733,6133510886.33512
NLD,202312,4443273810.0378685,3144635251.8015428,1298638558.2363257,3199587323.9014964,3352701506.123495,2963242116.95025,2881567441.0414314,236345206.95124626,471134065.0820637,40450608639.342674,34490986230.96756,5959622408.375108
NLD,202401,2558635144.6965194,2805766700.6878047,-247131555.99128532,3664433400.859784,3463036673.431912,2741386162.258287,2850372980.866738,923047238.6014972,612663692.5651741,40906959831.06607,34667473375.631325,6239486455.434751
NLD,202402,2518940847.8531084,2307287581.8844934,211653265.96861506,2951647747.8877583,3271889490.883013,2727535539.801938,2810721273.003492,224112208.0858202,461168217.8795209,40720043433.672005,34685940456.08184,6034102977.590162
NLD,202403,4145357192.4647427,3044124064.417578,1101233128.0471644,3604909963.4875994,3406997037.411714,2848483105.575678,2772468269.2119675,756426857.9119215,634528768.1997466,41302669180.98267,35006465093.245056,6296204087.737623
NLD,202404,3050787893.9741,2696422945.9319067,354364948.0421934,3642533471.8263855,3399697061.067248,2831256570.188097,2802425071.8552375,811276901.6382885,597271989.2120104,41772311402.93023,35119197920.415504,6653113482.514718
NLD,202405,3480333394.7530217,2529636570.227078,950696824.5259438,3534577912.909948,3594007116.0746446,2653821492.989968,2777853722.9179144,880756419.91998,816153393.1567302,41965589999.31057,34891366418.02226,7074223581.288296
NLD,202406,3718821976.35529,3254156545.0688868,464665431.2864032,3264632887.0431066,3480581423.92648,3223727935.8483963,2902935333.00882,40904951.194710255,577646090.9176598,41699790770.543785,35437431358.050735,6262359412.493049
NLD,202407,2697508864.280858,3327154708.0958023,-629645843.8149443,3207628434.9343147,3335613078.2957897,2955196394.1946273,2944248607.677664,252432040.73968744,391364470.6181259,41360610164.231895,35086105511.33792,6274504652.89397
NLD,202408,3195156828.187173,2815008563.519202,380148264.66797066,3223716353.078814,3231992558.352079,2938457273.917258,3039127201.3200936,285259079.16155624,192865357.03198528,40917357783.96898,34774962114.74018,6142395669.228799
NLD,202409,4736599326.218442,3144314299.0136027,1592285027.2048392,3608575494.597984,3346640094.2037044,3015280339.6630363,2969644669.258307,593295154.9349475,376995424.9453974,41546628556.89032,34793037525.14702,6753591031.743306
NLD,202410,3362187981.4193583,2884790717.0380397,477397264.38131857,3640250178.3137884,3490847341.9968624,3028919540.947353,2994219051.509216,611330637.3664355,496628290.4876466,41852782394.98835,34912245623.86029,6940536771.128059
NLD,202411,4001850786.246018,3125598391.324081,876252394.921937,3560185478.0253377,3603003716.979037,3008256882.6741943,3017485587.761528,551928595.3511434,585518129.2175088,41909454046.4865,35078896339.01002,6830557707.476481
NLD,202412,4752029855.284085,2769701615.2691755,1982328240.0149097,3374825821.3259788,3525087159.221701,2715481512.9551454,2917552645.525564,659344308.3708334,607534513.696137,42218210091.73271,34703962702.47765,7514247389.255066
NLD,202501,2461999254.197516,2523174672.127631,-61175417.93011522,3626699474.9409456,3520570258.097421,2377392759.2926517,2700377051.6406636,1249306715.648294,820193206.4567575,42121574201.23371,34421370673.91748,7700203527.316236
NLD,202502,3255848132.6484675,2363750869.588677,892097263.0597906,3823211859.9557066,3608245718.740877,2828416471.771153,2640430248.0063167,994795388.1845536,967815470.7345605,42858481486.02907,34477833961.621666,8380647524.407411
NLD,202503,4435039799.2189,3338844188.0410895,1096195611.1778102,3914720545.996522,3788210626.964391,3086376368.937012,2764061866.666939,828344177.0595098,1024148760.2974524,43148164092.78323,34772554085.24517,8375610007.538057
NLD,202504,3202979005.3034897,3121470172.6789856,81508832.62450409,3771598248.37941,3836510218.110546,3245476333.947625,3053423058.218597,526121914.43178463,783087159.8919492,43300355204.11262,35197601311.99225,8102753892.120368
NLD,202505,3689207275.703294,3245681160.805385,443526114.8979087,3665755856.7686048,3784024883.714845,3468429358.3808866,3266760687.088508,197326498.3877182,517264196.62633705,43509229085.06289,35913645902.57056,7595583182.492332
NLD,202506,4308088390.849122,3505862300.314848,802226090.5342741,3894981435.3971252,3777445180.181713,3522409584.9855056,3412105092.438006,372571850.41161966,365340087.7437072,44098495499.556725,36165351657.81652,7933143841.740203
NLD,202507,3307263178.007218,3537201580.765616,-229938402.75839806,3966275399.026165,3842337563.7306314,2969402583.0855603,3320080508.8173175,996872815.9406047,522257054.91331387,44708249813.28308,36375398530.486336,8332851282.796749
NLD,202508,3844529884.8920817,3673470065.1746097,171059819.71747208,3962989814.7293305,3941415549.7175403,3847248466.212343,3446353544.7611365,115741348.51698732,495062004.95640373,45357622869.98799,37233860032.14174,8123762837.846251
NLD,202509,5359410713.363039,3994801640.269893,1364609073.0931458,3924299555.655217,3951188256.4702377,3829681016.716336,3548777355.3380795,94618538.9388814,402410901.1321583,45980434257.13258,38084347373.39803,7896086883.734558
NLD,202510,3659411880.2183127,3759800279.5094647,-100388399.291152,3911957967.2602997,3933082445.881616,4056196126.192304,3911041869.7069945,-144238158.93200445,22040576.174621582,46277658155.93154,38959356935.86945,7318301220.062087
NLD,202511,2953181918.5890207,3398855306.886836,-445673388.2978153,2611766909.085472,3482674810.6669965,3285077825.3552485,3723651656.087963,-673310916.2697763,-240976845.42096663,45228989288.27454,39232613851.43221,5996375436.842335
NLD,202512,6054165058.0336895,4283841642.6569653,1770323415.3767242,4239169522.4894924,3587631466.2784214,4376707126.005988,3905993692.517847,-137537603.5164957,-318362226.23942566,46531124491.024155,40746753878.82,5784370612.204149
NLD,202601,2576429655.1339383,5173245665.189498,-2596816010.0555596,3907605393.1950426,3586180608.2566686,4691045777.282214,4117610242.8811507,-783440384.0871716,-531429634.62448215,46645554891.96057,43396824871.88187,3248730020.078705
NLD,202602,3361505253.602391,4056975003.131992,-695469749.5296011,3947163496.0274134,4031312803.9039826,4902262252.902225,4656671718.730143,-955098756.8748112,-625358914.82616,46751212012.9145,45090049005.425186,1661163007.4893131
NLD,202603,4215398641.1228747,5713645768.62517,-1498247127.502295,3783952801.721694,3879573896.981383,5199800794.474331,4931036274.886256,-1415847992.752637,-1051462377.9048734,46531570854.81847,47464850586.00926,-933279731.1907923
NLD,202604,3376716190.973,5212514883.0150795,-1835798692.0420794,3932550990.965503,3887889096.2382035,5356723690.296985,5152928912.557847,-1424172699.3314815,-1265039816.3196435,46705308040.487976,49555895296.34535,-2850587255.857376
PHL,201701,1430406082.5076175,1128803933.9815822,301602148.5260353,1950873311.8311105,,1189213283.691125,,761660028.1399856,,,,
PHL,201702,1832202961.5195618,1153175006.434967,679027955.0845947,2008838206.37862,,1231818462.9652941,,777019743.4133258,,,,
PHL,201703,2057893912.9228365,1358825944.558047,699067968.3647895,1985296272.7465785,1981669263.6521027,1278018755.1768444,1233016833.944421,707277517.5697341,748652429.7076817,,,
PHL,201704,1803788781.5588522,1271954199.22558,531834582.3332722,2003319964.1681015,1999151481.0977666,1273233602.720762,1261023606.9543002,730086361.4473395,738127874.1434665,,,
PHL,201705,2047698476.6236694,1279598336.298661,768100140.3250084,2010566447.5646284,1999727561.4931028,1259671154.4950259,1270307837.4642107,750895293.0696025,729419724.028892,,,
PHL,201706,2016054168.6389368,1277001308.9565892,739052859.6823475,1972576589.3123212,1995487667.0150173,1311946593.3480148,1281617116.854601,660629995.9643064,713870550.1604164,,,
PHL,201707,1572650229.3516524,1340809291.6578958,231840937.69375658,1571579887.893575,1851574308.2568417,1334925304.0128033,1302181017.2852812,236654583.88077164,549393290.9715605,,,
PHL,201708,2171843662.6761003,1380937649.7163367,790906012.9597635,1995545836.4151938,1846567437.8736966,1344460114.1262126,1330444003.8290102,651085722.2889812,516123434.0446863,,,
PHL,201709,1740868716.6701908,1401635979.423188,339232737.24700284,1943564174.426059,1836896632.9116094,1368109533.0695863,1349164983.7362006,575454641.3564727,487731649.17540884,,,
PHL,201710,2218180365.8618026,1446796298.194606,771384067.6671965,1965259844.0449216,1968123284.9620583,1381528432.9858875,1364699360.0605621,583731411.0590341,603423924.9014962,,,
PHL,201711,2271169342.6761875,1369003146.9012227,902166195.7749648,1983178000.3835392,1964000672.9515066,1398105575.4811506,1382581180.512208,585072424.9023886,581419492.4392986,,,
PHL,201712,2261763036.041935,1447094464.8613555,814668571.1805794,1975139144.0663633,1974525662.831608,1461337542.4598248,1413657183.6422877,513801601.60653853,560868479.1893203,23424519737.049343,15855635560.210032,7568884176.839312
PHL,201801,1567547713.2559865,1420595585.46678,146952127.7892065,1995736095.7753751,1984684413.408426,1467885771.7686193,1442442963.2365315,527850324.0067558,542241450.1718946,23561661367.79771,16147427211.695229,7414234156.102483
PHL,201802,1269908583.6278217,1383063075.5310144,-113154491.90319276,1392591798.748042,1787822346.1965935,1484004081.293872,1471075798.5074387,-91412282.54583001,316746547.68915486,22999366989.90597,16377315280.791275,6622051709.114695
PHL,201803,2417525258.4980974,1531847550.2944202,885677708.2036772,2357917864.5937724,1915415253.0390632,1479435174.180529,1477108342.4143403,878482690.4132433,438306910.62472296,23358998335.48123,16550336886.527649,6808661448.953583
PHL,201804,1670409450.97964,1474596637.7021978,195812813.27744222,1842757388.2327373,1864422350.5248506,1479879030.9600275,1481106095.4781427,362878357.27270985,383316255.04670787,23225619004.90202,16752979325.004267,6472639679.897753
PHL,201805,1896862328.1951048,1570235688.5851896,326626639.60991526,1876639457.663105,2025771570.163205,1558864495.8402407,1506059566.993599,317774961.8228643,519712003.169606,23074782856.473454,17043616677.290796,6031166179.182659
PHL,201806,1981792937.4179883,1458692862.886759,523100074.53122926,1922661637.2690089,1880686161.0549505,1490116519.266716,1509620015.3556614,432545118.0022929,371066145.6992891,23040521625.25251,17225308231.220966,5815213394.031542
PHL,201807,1992852523.5912936,1512123682.1640897,480728841.4272039,1971917378.188435,1923739491.0401828,1476427460.1327171,1508469491.746558,495489918.05571795,415269999.2936249,23460723919.49215,17396622621.72716,6064101297.764989
PHL,201808,2090872747.573733,1550763506.4527943,540109241.1209388,1937104927.2718914,1943894647.5764449,1510987022.9401672,1492510334.1132002,426117904.33172417,451384313.4632447,23379753004.38978,17566448478.46362,5813304525.926165
PHL,201809,2608944440.486521,1543928517.696302,1065015922.7902188,2765820253.1556215,2224947519.538649,1505036464.8243754,1497483649.2990866,1260783788.3312461,727463870.2395625,24247828728.206112,17708741016.736732,6539087711.469379
PHL,201810,1978554918.045298,1732805793.3448825,245749124.7004156,1813913687.4608488,2172279622.629454,1668663134.4833457,1561562207.415963,145250552.97750306,610717415.2134912,24008203280.389606,17994750511.88701,6013452768.502599
PHL,201811,1809649473.5540593,1632084789.5170364,177564684.03702283,1658929741.845187,2079554560.8205526,1658812889.5858335,1610837496.2978516,116852.25935339928,468717064.522701,23546683411.26748,18257832154.502823,5288851256.764658
PHL,201812,1722129107.632864,1364966362.9182322,357162744.7146318,1555335152.3850348,1676059527.230357,1378603341.8785806,1568693121.9825866,176731810.50645423,107366405.24777031,23007049482.858406,18175704052.559696,4831345430.298709
PHL,201901,2094554756.642568,1467733227.4280186,626821529.2145495,2493429098.4933558,1902564664.2411926,1490685896.7757597,1509367376.0800579,1002743201.717596,393197288.1611347,23534056526.24499,18222841694.520935,5311214831.724052
PHL,201902,1987170880.4365497,1277983711.1228802,709187169.3136694,2173847861.43076,2074204037.4363835,1378053963.29003,1415781067.31479,795793898.1407299,658422970.1215935,24251318823.053715,18117762330.112804,6133556492.940914
PHL,201903,2321427617.6168,1362564312.9785895,958863304.6382103,2287942686.8155913,2318406548.9132357,1346320585.0021954,1405020148.3559952,941622101.813396,913386400.5572405,24155221182.17242,17948479092.79697,6206742089.375448
PHL,201904,2190484031.9447145,1376460535.2020726,814023496.7426419,2405096803.7519817,2288962450.666111,1386179523.982845,1370184690.7583568,1018917279.7691367,918777759.9077542,24675295763.137493,17850342990.29685,6824952772.840647
PHL,201905,2428684449.6358814,1393654846.5933783,1035029603.0425031,2419432672.861321,2370824054.476298,1394935356.5557501,1375811821.8469303,1024497316.3055708,995012232.6293676,25207117884.57827,17673762148.305035,7533355736.273235
PHL,201906,2518446920.862914,1329054812.31923,1189392108.543684,2430206047.770086,2418245174.7944627,1350284174.1854384,1377133018.2413447,1079921873.5846474,1041112156.553118,25743771868.023193,17544124097.737507,8199647770.28569
PHL,201907,2434935065.8443127,1397612670.931934,1037322394.9123785,2391604144.0833273,2413747621.571578,1339350665.8049228,1361523398.8487036,1052253478.2784045,1052224222.7228744,26185854410.276215,17429613086.50535,8756241323.770864
PHL,201908,2653190068.425143,1359605900.2321727,1293584168.19297,2481117865.627198,2434309352.493537,1322468232.4080327,1337367690.7994647,1158649633.2191656,1096941661.6940722,26748171731.127625,17238455480.28473,9509716250.842896
PHL,201909,2643489824.2248,1320920184.3870592,1322569639.837741,2664945157.3424144,2512555722.3509803,1282830438.4790134,1314883112.2306564,1382114718.863401,1197672610.120324,26782717114.865902,17015447146.975487,9767269967.890419
PHL,201910,2586114553.2258706,1407842707.046596,1178271846.1792746,2454550267.031349,2533537763.333654,1367252395.2755425,1324183688.7208626,1087297871.7558067,1209354074.6127913,27390276750.04648,16690484060.6772,10699792689.369276
PHL,201911,2501504815.9327707,1347089195.4878094,1154415620.4449613,2405637746.8445735,2508377723.7394457,1363311795.333267,1337798209.695941,1042325951.5113065,1170579514.0435047,28082132092.425186,16405488466.647972,11676643625.777216
PHL,201912,2616997268.1672196,1324356192.7692986,1292641075.397921,2444106344.805284,2434764786.2270694,1337582596.749748,1356048929.1195192,1106523748.055536,1078715857.1075501,28977000252.959545,16364878296.499039,12612121956.460505
PHL,202001,2552859275.778212,1294914267.9922926,1257945007.7859194,2840098632.537201,2563280908.062353,1294669685.0443573,1331854692.3757908,1545428947.4928436,1231426215.6865623,29435304772.095184,16192059337.063313,13243245435.031874
PHL,202002,2351120264.813115,1227944152.894247,1123176111.918868,2559640353.9089804,2614615110.417155,1333707935.484314,1321986739.0928066,1225932418.4246664,1292628371.3243482,29799254156.471756,16142019778.83468,13657234377.637074
PHL,202003,2543270573.6001644,1228476826.0320413,1314793747.568123,2535015216.970002,2644918067.8053946,1240184617.3982313,1289520745.975634,1294830599.571771,1355397321.8297606,30021097112.455116,16007932291.888132,14013164820.566986
PHL,202004,1985680714.586132,1013273102.4434221,972407612.14271,2163967297.210377,2419540956.0297866,1024336320.982948,1199409624.6218312,1139630976.2274294,1220131331.4079554,29816293795.096535,15644744859.12948,14171548935.967054
PHL,202005,2498824095.379833,1204281933.5188498,1294542161.8609834,2501731019.2623134,2400237844.480898,1217637235.5224273,1160719391.301202,1284093783.739886,1239518453.1796958,29886433440.84049,15455371946.054953,14431061494.785534
PHL,202006,2912965244.7425733,1291889694.7949135,1621075549.9476597,2801916873.5652456,2489205063.3459783,1305623520.887718,1182532359.131031,1496293352.6775277,1306672704.2149472,30280951764.720146,15418206828.530636,14862744936.18951
PHL,202007,2814644991.143419,1410175884.50443,1404469106.6389887,2756932886.957046,2686860259.9282017,1327715011.9638278,1283658589.4579911,1429217874.9932182,1403201670.4702106,30660661690.019253,15430770042.103132,15229891647.91612
PHL,202008,2523958819.5022845,1291826842.9383154,1232131976.5639691,2378617888.2809997,2645822549.601097,1253153585.093702,1295497372.6484158,1125464303.1872976,1350325176.9526813,30531430441.096397,15362990984.809277,15168439456.287119
PHL,202009,2839730396.710656,1341623200.430106,1498107196.2805502,2689404356.638383,2608318377.292143,1297966050.3410702,1292944882.4661999,1391438306.2973127,1315373494.825943,30727671013.582253,15383694000.852322,15343977012.729927
PHL,202010,2790277277.746614,1318729400.6955023,1471547877.0511117,2745472599.7348742,2604498281.551419,1288905436.9800768,1280008357.4716165,1456567162.7547975,1324489924.0798023,30931833738.102993,15294580694.501228,15637253043.601767
PHL,202011,2716412558.9439077,1300880542.369731,1415532016.5741768,2743819448.5108705,2726232134.9613757,1309794897.2798612,1298888794.8670027,1434024551.2310092,1427343340.094373,31146741481.114132,15248372041.38315,15898369439.730982
PHL,202012,2858171217.9651437,1324039685.82514,1534131532.1400037,2768031820.897293,2752441289.714346,1332320181.4321358,1310340171.897358,1435711639.4651573,1442101117.816988,31387915430.912056,15248055534.438992,16139859896.473064
PHL,202101,2565195221.724243,1379099432.2348876,1186095789.4893556,2699076076.0146604,2736975781.807608,1384662606.3211336,1342259228.3443768,1314413469.6935267,1394716553.4632313,31400251376.858086,15332240698.681587,16068010678.1765
PHL,202102,2244199380.760718,1274874595.4614244,969324785.2992935,2373421166.3855753,2613509687.765843,1392462022.0378675,1369814936.5970457,980959144.3477077,1243694751.1687973,31293330492.805687,15379171141.248764,15914159351.556925
PHL,202103,2814442076.9644117,1457042727.3142738,1357399349.650138,2815754049.9963427,2629417097.465526,1465769686.862536,1414298105.0738459,1349984363.1338067,1215118992.3916802,31564501996.169937,15607737042.530996,15956764953.63894
PHL,202104,2573348459.740235,1414040819.188032,1159307640.552203,2807984366.4292307,2665719860.9370494,1435787343.4579656,1431339684.1194565,1372197022.971265,1234380176.8175929,32152169741.32404,16008504759.275606,16143664982.048433
PHL,202105,2866979015.177804,1430263157.1459947,1436715858.0318093,2856729446.8194494,2826822621.081674,1455975175.9805367,1452510735.4336793,1400754270.8389127,1374311885.6479948,32520324661.12201,16234485982.90275,16285838678.21926
PHL,202106,2880202198.4943204,1492392877.620377,1387809320.8739433,2797785834.0017433,2820833215.750141,1513455768.9286318,1468406096.122378,1284330065.0731115,1352427119.627763,32487561614.873756,16434989165.728214,16052572449.145542
PHL,202107,2915619364.845181,1630994009.7174048,1284625355.1277761,2857729661.7325125,2837414980.851235,1523990746.928534,1497807230.6125677,1333738914.8039784,1339607750.2386672,32588535988.57552,16655807290.941189,15932728697.63433
PHL,202108,2995611449.053169,1622045097.6308498,1373566351.422319,2838200432.8834915,2831238642.8725824,1553076245.3938978,1530174253.7503548,1285124187.4895937,1301064389.1222277,33060188618.126404,16986025545.633722,16074163072.492682
PHL,202109,3050287764.3119373,1650885850.751911,1399401913.5600264,2859901138.9453354,2851943744.5204463,1585172747.2960825,1554079913.2061718,1274728391.649253,1297863831.3142745,33270745985.727684,17295288195.95553,15975457789.772158
PHL,202110,2843342358.371461,1862206283.6235566,981136074.7479043,2888060684.9292445,2862054085.586024,1834705176.3741543,1657651389.6880448,1053355508.5550902,1204402695.897979,33323811066.35253,17838765078.883583,15485045987.468948
PHL,202111,2842835995.6198764,1554476024.0753875,1288359971.544489,2879421674.404262,2875794499.426281,1571346827.5904646,1663741583.753567,1308074846.8137975,1212052915.672714,33450234503.0285,18092360560.58924,15357873942.43926
PHL,202112,3012252238.8590283,1610995886.4873977,1401256352.3716307,2969110000.711879,2912197453.3484616,1622145819.605472,1676065941.1900303,1346964181.1064067,1236131512.1584313,33604315523.922382,18379316761.251495,15224998762.670887
PHL,202201,2991469041.5509315,1588546188.749622,1402922852.8013093,3057162014.514004,2968564563.210048,1605860538.4750528,1599784395.2236633,1451301476.0389514,1368780167.9863849,34030589343.749073,18588763517.76623,15441825825.982841
PHL,202202,2837818365.364048,1444207614.2007642,1393610751.1632838,2947425033.485839,2991232349.570574,1586668499.4641123,1604891619.181546,1360756534.0217266,1386340730.3890278,34624208328.3524,18758096536.505573,15866111791.846832
PHL,202203,3239954695.3389435,1582993640.079795,1656961055.2591486,3228425408.3683796,3077670818.7894077,1554766019.4036303,1582431685.7809317,1673659388.9647493,1495239133.008476,35049720946.72694,18884047449.271095,16165673497.455843
PHL,202204,2648440115.331719,1559867177.957573,1088572937.374146,2851637026.690186,3009162489.5148015,1589796918.6280093,1577077145.831917,1261840108.0621767,1432085343.6828845,35124812602.31842,19029873808.040634,16094938794.277786
PHL,202205,2939744067.869335,1568588085.9616888,1371155981.9076464,2883686344.470202,2987916259.842922,1578603871.6061049,1574388936.5459146,1305082472.864097,1413527323.2970076,35197577655.00995,19168198736.856327,16029378918.153624
PHL,202206,2936538313.7751646,1700415066.0170634,1236123247.7581012,2893927667.7287416,2876417012.963043,1740473011.9580145,1636291267.397376,1153454655.7707272,1240125745.5656672,35253913770.290794,19376220925.253014,15877692845.03778
PHL,202207,2890760211.9686284,1661954047.750879,1228806164.2177494,2830914860.79042,2869509624.329788,1563181040.9958754,1627419308.1866648,1267733819.7945447,1242090316.1431234,35229054617.41424,19407180963.286488,15821873654.127754
PHL,202208,3079717494.28035,1703362505.615332,1376354988.6650183,2936911356.5317407,2887251295.016968,1611974173.3142934,1638542742.0893946,1324937183.2174473,1248708552.9275732,35313160662.64142,19488498371.27097,15824662291.370453
PHL,202209,4030763910.075307,1652711474.2170277,2378052435.858279,3665411097.003467,3144412438.108542,1593470906.5573454,1589542040.2891715,2071940190.4461217,1554870397.8193705,36293636808.40479,19490323994.736084,16803312813.668705
PHL,202210,4823578768.050839,1517616542.096747,3305962225.9540925,5377396992.006044,3993239815.1804175,1498555146.7364051,1568000075.5360146,3878841845.269639,2425239739.644403,38273873218.084175,19145734253.20928,19128138964.874893
PHL,202211,4215642792.3257914,1445119127.701955,2770523664.6238365,4241938086.6607256,4428248725.2234125,1467063334.8887439,1519696462.727498,2774874751.7719817,2908552262.4959145,39646680014.790085,19036377356.835842,20610302657.954243
PHL,202212,2893035903.1197762,1401761658.1021428,1491274245.0176334,2899650793.1726007,4172995290.6131234,1432378770.9555855,1465999084.193578,1467272022.2170153,2706996206.419545,39527463679.050835,18827143128.45059,20700320550.600246
PHL,202301,2200670524.2775617,1325996689.3219595,874673834.9556022,2222826474.353297,3121471784.728874,1333560645.43829,1411000917.0942066,889265828.9150071,1710470867.6346676,38736665161.777466,18564593629.022926,20172071532.754536
PHL,202302,2083618272.7406456,1199417916.4918928,884200356.2487528,2137686710.156756,2420054659.227551,1317299603.7550597,1361079673.3829784,820387106.4016962,1058974985.8445725,37982465069.15407,18319803931.314056,19662661137.840004
PHL,202303,2988376467.2374797,1349190655.704388,1639185811.5330918,2956239452.12917,2438917545.5464077,1295842865.2603178,1315567704.8178892,1660396586.8688521,1123349840.7285185,37730886841.0526,18086000946.93865,19644885894.11395
PHL,202304,2209829259.4188323,1224464834.3290844,985364425.0897479,2317128271.7056684,2470351477.997198,1253178088.1210113,1288773519.0454628,1063950183.5846572,1181577958.9517353,37292275985.13972,17750598603.31016,19541677381.82955
PHL,202305,3298077525.117251,1248770471.1822715,2049307053.9349794,3205644674.417664,2826337466.0841675,1254362050.0351963,1267794334.4721751,1951282624.3824677,1558543131.6119924,37650609442.38763,17430780988.530743,20219828453.856884
PHL,202306,3390690503.3168263,1161359267.2678864,2229331236.0489397,3300185970.648925,2940986305.590752,1202891158.8835192,1236810432.3465755,2097294811.7654057,1704175873.2441766,38104761631.92929,16891725189.781567,21213036442.14772
PHL,202307,3085280287.821863,1167771293.4522245,1917508994.3696387,2990584804.818556,3165471816.6283817,1122138150.172992,1193130453.030569,1868446654.6455638,1972341363.5978127,38299281707.782524,16397542435.482912,21901739272.299614
PHL,202308,3098634802.905437,1197986842.1338043,1900647960.7716327,2964441198.777133,3085070658.0815377,1150719399.8156202,1158582902.9573772,1813721798.9615128,1926487755.1241605,38318199016.407616,15892166772.001385,22426032244.406227
PHL,202309,3353845974.389201,1113719386.2250524,2240126588.164149,3115140161.260297,3023388721.618662,1102554901.615921,1125137483.8681777,2012585259.6443758,1898251237.7504842,37641281080.721504,15353174684.009409,22288106396.712097
PHL,202310,2864514893.19415,1112194289.6472616,1752320603.5468884,3382322036.102515,3153967798.7133145,1139039759.12321,1130771353.5182505,2243282276.9793053,2023196445.195064,35682217205.864815,14947752431.559923,20734464774.304893
PHL,202311,2915738068.296374,1063010087.5718303,1852727980.7245436,2852463102.1588283,3116641766.5072136,1091204806.7043462,1110933155.8144925,1761258295.454482,2005708610.6927211,34382312481.8354,14565643391.429798,19816669090.4056
PHL,202312,2828542933.726161,1026778979.9306993,1801763953.7954617,2819429250.2201276,3018071462.8271565,1078868826.4257765,1103037797.4177775,1740560423.794351,1915033665.409379,34317819512.441784,14190660713.258356,20127158799.183426
PHL,202401,2842029303.612523,1091638083.392978,1750391220.2195451,2910093820.806073,2860662057.7283435,1070717836.0556332,1080263823.0619185,1839375984.7504401,1780398234.666425,34959178291.77675,13956302107.329372,21002876184.447372
PHL,202402,2771994741.48588,1002657748.5498163,1769336992.9360638,2867205174.9821987,2865576082.0028,986293645.7351942,1045293436.0722013,1880911529.2470045,1820282645.9305987,35647554760.52198,13759541939.387297,21888012821.13468
PHL,202403,2857970062.7695246,1028658625.54051,1829311437.2290144,2785255003.0750804,2854184666.287784,886063732.3893188,981025071.3933821,1899191270.6857615,1873159594.894402,35517148356.05402,13439009909.22342,22078138446.830605
PHL,202404,2826840593.81466,1023338757.0790908,1803501836.7355692,2906157730.9274106,2852872636.32823,1041083228.3155262,971146868.8133465,1865074502.6118844,1881725767.5148835,36134159690.44985,13237883831.973425,22896275858.476425
PHL,202405,2782972625.006122,1157156716.5993745,1625815908.4067476,2672385052.223104,2787932595.4085317,1180642003.7064362,1035929654.8037605,1491743048.5166678,1752002940.6047711,35619054790.33872,13146270077.39053,22472784712.948193
PHL,202406,2372307959.9013805,1087224327.3159497,1285083632.5854309,2296762931.3236685,2625101904.8247275,1149739549.4951386,1123821593.8390338,1147023381.8285298,1501280310.9856937,34600672246.92328,13072135137.438591,21528537109.484688
PHL,202407,2428861903.464436,1239264556.2998273,1189597347.1646087,2329047763.648336,2432731915.731703,1232193585.2386184,1187525046.1467311,1096854178.4097176,1245206869.5849717,33944253862.56585,13143628400.286194,20800625462.279655
PHL,202408,2813455212.1460223,1226114182.7939177,1587341029.3521047,2699498994.10562,2441769896.359208,1209064312.3196707,1196999149.0178092,1490434681.7859492,1244770747.341399,33659074271.806435,13171755740.946308,20487318530.860126
PHL,202409,2404355100.9838204,1208094939.2672112,1196260161.7166092,2243880676.9064493,2424142478.220135,1238703311.7566414,1226653736.43831,1005177365.1498079,1197488741.7818253,32709583398.401054,13266131293.988466,19443452104.412586
PHL,202410,2055379163.7989001,1317066243.7175484,738312920.0813518,2585579769.761653,2509653146.9245744,1414473481.4577,1287413701.8446708,1171106288.303953,1222239445.0799036,31900447669.005802,13471003248.058752,18429444420.947052
PHL,202411,2070280217.1633039,1192059198.6355739,878221018.52773,1977126300.122462,2268862248.930188,1238006754.1811213,1297061182.4651542,739119545.9413407,971801066.465034,31054989817.872734,13600052359.122498,17454937458.750237
PHL,202412,2173734729.8581424,1150254583.802255,1023480146.0558875,2158941977.8231463,2240549349.2357535,1240503624.0429654,1297661286.5605958,918438353.7801809,942888062.6751578,30400181614.004715,13723527962.994053,16676653651.010664
PHL,202501,2616947876.3893957,1320778559.0349958,1296169317.3544,2733038533.0686355,2289702270.3380814,1258346622.6419528,1245619000.2886798,1474691910.4266827,1044083270.0494015,30175100186.78159,13952668438.63607,16222431748.14552
PHL,202502,2579646457.384708,1193807955.5026145,1385838501.8820934,2688482643.562631,2526821051.484804,1094226496.3809607,1197692247.6886263,1594256147.1816704,1329128803.7961779,29982751902.680416,14143818645.588867,15838933257.091549
PHL,202503,2774957474.6800184,1326527375.1865213,1448430099.4934971,2643431893.0660887,2688317689.8991184,1055848480.5932398,1136140533.2053845,1587583412.472849,1552177156.693734,29899739314.590908,14441687395.23488,15458051919.35603
PHL,202504,2653496309.4439764,1310310092.194505,1343186217.2494714,2662448820.3622003,2664787785.6636395,1320553272.7456303,1156876083.2399435,1341895547.61657,1507911702.423696,29726395030.220226,14728658730.350294,14997736299.869932
PHL,202505,2990702314.597554,1325555930.879606,1665146383.7179482,2842606773.8721995,2716162495.7668295,1369202173.9580662,1248534642.432312,1473404599.9141333,1467627853.3345175,29934124719.811657,14897057944.630526,15037066775.181133
PHL,202506,2978004852.6500044,1367702590.7686164,1610302261.881388,2867357297.062699,2790804297.099033,1468369894.4176984,1386041780.3737984,1398987402.6450005,1404762516.7252345,30539821612.560284,15177536208.083193,15362285404.47709
PHL,202507,3081242728.615102,1433777483.2954698,1647465245.319632,2920994814.5052342,2876986295.146711,1467687213.375161,1435086427.2503083,1453307601.1300733,1441899867.8964026,31192202437.710945,15372049135.078835,15820153302.632113
PHL,202508,3102170009.0110536,1507322060.823001,1594847948.1880527,2987498351.9229355,2925283487.8302894,1523749333.6494896,1486602147.1474497,1463749018.2734458,1438681340.6828396,31480917234.57598,15653257013.107918,15827660221.468061
PHL,202509,3165399091.0385923,1489854725.9549062,1675544365.083686,2974334171.245038,2960942445.8910694,1578219206.2551093,1523218584.4265864,1396114964.9899287,1437723861.464483,32241961224.630753,15935016799.795614,16306944424.835138
PHL,202510,2354995129.9667253,1453820793.862225,901174336.1045003,3158265268.054025,3040032597.0739994,1638487579.9927094,1580152039.9657695,1519777688.0613158,1459880557.1082299,32541577190.798576,16071771349.94029,16469805840.858288
PHL,202511,3402643282.674709,1646633286.1083167,1756009996.5663922,3167918407.5570345,3100172615.6186996,1725801916.8075435,1647502901.0184543,1442116490.749491,1452669714.6002452,33873940256.309982,16526345437.413033,17347594818.89695
PHL,202512,3281785753.8003373,1631879949.0617523,1649905804.738585,3241852612.9568896,3189345429.52265,1802849064.8292174,1722379520.5431566,1439003548.1276722,1466965908.9794931,34981991280.252174,17007970802.67253,17974020477.579647
PHL,202601,3006734346.933672,2053024391.1157289,953709955.8179431,3216145188.317132,3208638736.277018,1891285773.1659992,1806645584.9342535,1324859415.1511328,1401993151.3427646,35371777750.79645,17740216634.75326,17631561116.04319
PHL,202602,3177372635.871497,2230165325.643574,947207310.2279229,3338712560.7538733,3265570120.675965,1899108824.0829117,1864414554.0260427,1439603736.6709616,1401155566.6499221,35969503929.28324,18776574004.894222,17192929924.38902
PHL,202603,3737861975.6308527,2669256026.346342,1068605949.2845106,3472425631.337696,3342427793.469567,1958887817.7917724,1916427471.680228,1513537813.5459237,1426000321.7893388,36932408430.23408,20119302656.054043,16813105774.180033
PHL,202604,3545949616.8712826,2073695827.120064,1472253789.7512186,3478645543.180532,3429927911.7573676,2068455371.5157547,1975484004.4634798,1410190171.6647773,1454443907.2938879,37824861737.661385,20882688390.979603,16942173346.68178
POL,201701,191872800.324324,553557635.2237865,-361684834.89946246,209999878.18885812,,539950805.973562,,-329950927.78470385,,,,
POL,201702,196283394.7139525,517601828.3748466,-321318433.66089404,215878356.46689293,,531483192.5860545,,-315604836.1191616,,,,
POL,201703,252976650.36381635,563100361.8987597,-310123711.53494334,228372606.81350696,218083613.82308602,545550791.9593819,538994930.1729995,-317178185.145875,-320911316.3499135,,,
POL,201704,202911031.58739895,485266213.52801675,-282355181.9406178,217362234.68995175,220537732.65678385,550840529.2164367,542624837.9206244,-333478294.52648497,-322087105.26384056,,,
POL,201705,212913356.07390782,563430105.8393146,-350516749.7654067,224956661.5329245,223563834.34546104,574178927.8128511,556856749.6628898,-349222266.27992654,-333292915.3174288,,,
POL,201706,249055719.2307636,628439185.5675784,-379383466.3368148,230294801.59415284,224204565.9390097,593516003.9955329,572845153.6749402,-363221202.40138006,-348640587.73593056,,,
POL,201707,212232666.15448806,553327427.9025775,-341094761.74808943,234864053.88298002,230038505.67001912,580858519.6165886,582851150.4749908,-345994465.7336086,-352812644.8049717,,,
POL,201708,232916537.3214956,581125507.823095,-348208970.5015994,243086411.5167975,236081755.66464344,610869470.9189255,595081331.5103489,-367783059.402128,-358999575.8457055,,,
POL,201709,283571562.80819833,625290758.2311908,-341719195.42299247,257166506.9798457,245038990.79320776,633372405.0022624,608366798.5125922,-376205898.02241665,-363327807.71938443,,,
POL,201710,258825035.074995,596215685.9592124,-337390650.8842174,246450003.41683424,248900973.97115913,611997648.8980235,618746508.2730705,-365547645.48118925,-369845534.30191135,,,
POL,201711,273941177.1862615,705120140.7948397,-431178963.60857826,249253878.735173,250956796.3772843,616986085.8050966,620785379.9017941,-367732207.06992364,-369828583.5245098,,,
POL,201712,257151821.7053021,707705501.5965787,-450553679.8912766,260751848.03841478,252151910.06347403,647459145.2709926,625480959.991371,-386707297.23257786,-373329049.927897,2824651752.5449038,7080180352.739797,-4255528600.194893
POL,201801,261971478.1175601,657857219.0929341,-395885740.97537404,280966301.71045804,263657342.8280153,655013082.9396554,639819438.0052482,-374046781.2291974,-376162095.17723286,2894750430.33814,7184479936.608945,-4289729506.270804
POL,201802,259597435.5097315,676557214.675879,-416959779.1661475,279170181.8461773,273629443.8650167,711846170.8936605,671439466.3681029,-432675989.04748327,-397810022.5030862,2958064471.133919,7343435322.909977,-4385370851.776057
POL,201803,306510490.95157444,709781318.5341784,-403270827.58260393,271733900.06048274,277290127.8723727,689271141.2614485,685376798.3649215,-417537241.20096576,-408086670.49254876,3011598311.721677,7490116279.545396,-4478517967.823718
POL,201804,290708777.441811,633780088.465606,-343071311.02379495,302068881.60470235,284324321.1704541,723748589.4342852,708288633.8631314,-421679707.8295828,-423964312.6926773,3099396057.576089,7638630154.482985,-4539234096.906896
POL,201805,282872995.9426914,686248489.6740191,-403375493.7313277,296790584.9301224,290197788.86510247,700751391.0431074,704590373.912947,-403960806.112985,-414392585.0478446,3169355697.4448724,7761448538.317689,-4592092840.872816
POL,201806,308638847.5835359,712751595.672681,-404112748.08914506,290976635.3928375,296612033.97588736,670706343.3549788,698402107.9441239,-379729707.9621413,-401790073.9682365,3228938825.797645,7845760948.4227915,-4616822122.625147
POL,201807,283899608.03747296,708460626.2429905,-424561018.20551753,309509562.3467673,299092260.8899091,736215799.990338,702557844.7961413,-426706237.64357066,-403465583.9062322,3300605767.6806297,8000894146.763205,-4700288379.082575
POL,201808,270101885.75254536,796128421.605345,-526026535.85279965,293384166.7647285,297956788.16811115,817251684.9567498,741391276.1006889,-523867518.1920213,-443434487.9325778,3337791116.1116796,8215897060.545455,-4878105944.433775
POL,201809,293714140.67491835,659402362.0904392,-365688221.41552085,280475455.328601,294456394.8133656,669521567.7787597,740996350.9086157,-389046112.4501587,-446539956.0952501,3347933693.9783998,8250008664.404703,-4902074970.426303
POL,201810,310331665.0234892,774972353.3812585,-464640688.3577693,296448936.9056251,290102852.9996515,765779620.4562296,750850957.7305797,-469330683.55060446,-460748104.73092824,3399440323.9268937,8428765331.82675,-5029325007.899856
POL,201811,315347820.7168913,830897728.7708173,-515549908.053926,288542874.6354782,288489088.95656806,730016727.1083937,721772638.4477943,-441473852.4729155,-433283549.49122626,3440846967.4575233,8554542919.802727,-5113695952.345202
POL,201812,287925734.4534122,731930544.7775543,-444004810.3241421,291771412.2042631,292254407.9151221,681470106.2330933,725755484.5992389,-389698694.0288302,-433501076.6841168,3471620880.2056336,8578767962.983703,-5107147082.778069
POL,201901,251816716.3905647,642427597.1980833,-390610880.8075186,263920491.60252723,281411592.8140895,652850471.7529823,688112435.0314897,-388929980.150455,-406700842.21740025,3461466118.478638,8563338341.088851,-5101872222.610212
POL,201902,252565013.93539497,607444999.880853,-354879985.94545805,265043930.57741928,273578611.4614032,653777507.891836,662699361.9593039,-388733577.31441677,-389120750.49790066,3454433696.9043016,8494226126.293825,-5039792429.3895235
POL,201903,272980210.6970216,692898078.0573387,-419917867.3603171,236973297.1542518,255312573.11139944,673927651.1654961,660185210.2701048,-436954354.0112443,-404872637.15870535,3420903416.649749,8477342885.816986,-5056439469.167237
POL,201904,261802228.27645296,562579764.0156236,-300777535.7391706,264247630.89385465,255421619.5418419,645192131.1611608,657632430.072831,-380944500.2673062,-402210810.53098917,3391996867.4843907,8406142561.367003,-5014145693.882613
POL,201905,243286613.17441624,621882563.6526955,-378595950.4782793,253859827.52386123,251693585.19065586,634683357.4273835,651267713.2513467,-380823529.9035223,-399574128.0606909,3352410484.716116,8341776635.34568,-4989366150.629564
POL,201906,207600105.24869636,590880805.0895466,-383280699.84085023,200033575.15968502,239380344.52580032,554545383.6086148,611473624.0657197,-354511808.4489298,-372093279.5399194,3251371742.381276,8219905844.762546,-4968534102.381269
POL,201907,232616960.94262403,611827835.0270404,-379210874.08441633,249183401.64612147,234358934.7765559,629339593.2110162,606189444.7490048,-380156191.5648947,-371830509.97244895,3200089095.2864275,8123273053.546596,-4923183958.260168
POL,201908,228971382.00189334,641168077.6576152,-412196695.65572184,257722051.3114491,235646342.70575187,642365255.5307693,608750077.4501334,-384643204.21932024,-373103734.74438155,3158958591.535775,7968312709.5988655,-4809354118.06309
POL,201909,252258224.54381105,638238832.5645417,-385980608.0207306,252809820.3927122,253238424.45009425,646978594.923469,639561147.8884182,-394168774.5307567,-386322723.438324,3117502675.404668,7947149180.072968,-4829646504.668301
POL,201910,276536227.2178423,681256988.5855758,-404720761.36773354,265096658.8462178,258542843.516793,649710727.6863794,646351526.0468726,-384614068.8401616,-387808682.5300796,3083707237.599021,7853433815.277286,-4769726577.678264
POL,201911,296554969.7383,747168094.1604371,-450613124.4221371,273600338.6907015,263835605.9765438,661333515.4782182,652674279.3626889,-387733176.7875167,-388838673.3861451,3064914386.62043,7769704180.666905,-4704789794.046475
POL,201912,246021341.39612693,708249844.5183141,-462228503.1221872,249024400.76711142,262573799.4346769,670707113.4296004,660583785.5313993,-421682712.66248894,-398009986.09672236,3023009993.5631447,7746023480.407665,-4723013486.844521
POL,202001,255004531.7307545,681444540.0185047,-426440008.28775024,260555087.543463,261059942.33375862,705287805.0875825,679109477.998467,-444732717.5441195,-418049535.6647084,3026197808.903334,7785040423.228086,-4758842614.324753
POL,202002,259552970.67111346,620361601.3365415,-360808630.66542804,264818048.35262868,258132512.2210677,684479929.8511144,686824949.456099,-419661881.4984857,-428692437.23503137,3033185765.639053,7797957024.683775,-4764771259.044723
POL,202003,250789851.6198749,680376545.2281375,-429586693.6082626,214452081.51098448,246608405.80235872,662772708.5458645,684180147.8281871,-448320627.03488,-437571742.02582836,3010995406.561906,7785435491.854573,-4774440085.292667
POL,202004,201510867.16891113,493105523.52952486,-291594656.3606137,198432170.13186482,225900766.6651593,569426279.9940708,638892972.7970165,-370994109.862206,-412992206.13185716,2950704045.4543643,7715961251.368475,-4765257205.91411
POL,202005,307629848.3532519,705233007.4672135,-397603159.11396164,320685586.9309598,244523279.52460304,718806328.9753878,650335105.838441,-398120742.044428,-405811826.313838,3015047280.6331997,7799311695.182993,-4784264414.549793
POL,202006,570285708.5496185,987700211.197374,-417414502.6477555,559252419.6211472,359456725.56132394,923935705.3365717,737389438.1020101,-364683285.71542454,-377932712.5406862,3377732883.934122,8196131101.290821,-4818398217.356698
POL,202007,416301509.7366781,759614518.7781314,-343313009.04145324,440177792.4576488,440038599.6699186,778519359.2615912,807087131.1911836,-338341566.8039424,-367048531.521265,3561417432.728176,8343917785.041912,-4782500352.313735
POL,202008,236550160.92349324,776089283.4244965,-539539122.5010033,274855531.30692244,424761914.46190614,760161716.6256748,820872260.407946,-485306185.3187524,-396110345.94603986,3568996211.649776,8478838990.808792,-4909842779.159017
POL,202009,287484312.9899202,762528375.5550176,-475044062.5650974,300777344.4150688,338603556.05988,764095915.3117971,767592330.3996878,-463318570.89672834,-428988774.33980775,3604222300.095885,8603128533.799269,-4998906233.703383
POL,202010,314816987.3856343,926650334.9134332,-611833347.5277989,304147090.5571894,293259988.75972694,859233930.1050875,794497187.3475199,-555086839.547898,-501237198.58779293,3642503060.263677,8848521880.127127,-5206018819.863449
POL,202011,347177795.07240814,890091561.479933,-542913766.4075248,324274565.9961074,309733000.32278854,809523139.832818,810950995.0832343,-485248573.83671063,-501217994.7604458,3693125885.5977855,8991445347.44662,-5298319461.848837
POL,202012,334569098.88527316,826109777.1732632,-491540678.28799003,340654623.00507456,323025426.5194571,798339855.3068296,822365641.7482451,-457685232.301755,-499340215.228788,3781673643.086931,9109305280.10157,-5327631637.014639
POL,202101,358302291.8358567,752682453.1026425,-394380161.26678586,358880340.447943,341269843.1497083,787358970.1277492,798407321.7557989,-428478629.67980623,-457137478.60609066,3884971403.192034,9180543193.185709,-5295571789.993674
POL,202102,362735365.3423095,714368485.7538109,-351633120.4115014,362939456.1953822,354158139.8827999,798694481.1543726,794797768.8629837,-435755024.9589904,-440639628.9801838,3988153797.8632298,9274550077.602978,-5286396279.739748
POL,202103,439221281.2794522,865213938.0154438,-425992656.7359916,360123540.04653746,360647778.8966208,843808535.4515994,809953995.5779071,-483684995.4050619,-449306216.6812863,4176585227.522807,9459387470.390284,-5282802242.867477
POL,202104,372016129.62400264,688731879.647632,-316715750.02362937,362330469.76211435,361797822.0013447,793383201.3914226,811962072.6657982,-431052731.6293083,-450164250.6644535,4347090489.977899,9655013826.508392,-5307923336.530493
POL,202105,341929060.8185536,818601729.528823,-476672668.7102694,356830441.10169,359761483.63678056,826715196.3273622,821302311.0567946,-469884755.2256722,-461540827.4200141,4381389702.4432,9768382548.570002,-5386992846.126801
POL,202106,370526548.81887835,910370480.3960147,-539843931.5771363,377505064.77891934,365555325.21424127,835893386.9576081,818663928.2254643,-458388322.17868876,-453108603.0112231,4181630542.71246,9691052817.768642,-5509422275.056182
POL,202107,358995785.05988675,787647707.3413528,-428651922.28146607,370990230.3876729,368441912.0894274,809850350.8650953,824152978.0500218,-438860120.47742236,-455711065.96059436,4124324818.035669,9719086006.331863,-5594761188.296195
POL,202108,315894494.83289754,890991604.8467593,-575097110.0138618,363530933.8245024,370675409.6636982,856387241.2555029,834043659.6927356,-492856307.43100053,-463368250.02903736,4203669151.945073,9833988327.754126,-5630319175.809053
POL,202109,364605331.6587554,1003396717.8951766,-638791386.2364212,383144449.9487346,372555204.7203033,970121747.0284117,878786446.3830032,-586977297.0796771,-506231241.66269994,4280790170.6139083,10074856670.094284,-5794066499.480376
POL,202110,454594405.56730735,904920749.1158309,-450326343.54852355,443780070.3791234,396818484.7174535,856655504.5034089,894388164.2624413,-412875434.1242855,-497569679.5449878,4420567588.795582,10053127084.296682,-5632559495.5011015
POL,202111,396592522.189182,1039253598.6534913,-642661076.4643092,381153381.6596455,402692633.9958345,974883616.4469678,933886955.9929295,-593730234.7873223,-531194321.9970949,4469982315.912355,10202289121.470242,-5732306805.557886
POL,202112,398202648.9391178,1196600201.0323021,-798397552.0931844,415685802.11359626,413539751.3841217,1159331196.980927,996956772.643768,-743645394.8673308,-583417021.2596462,4533615865.9662,10572779545.329279,-6039163679.36308
POL,202201,532584846.069633,980881586.4377134,-448296740.3680804,522871801.7146598,439903661.8293006,1037939387.5263836,1057384733.6514262,-515067585.8117238,-617481071.8221257,4707898420.199976,10800978678.66435,-6093080258.4643755
POL,202202,542022440.5987291,712852416.545653,-170829975.94692385,534519621.6834275,491025741.8372278,800608321.2807715,999292968.5960274,-266088699.59734398,-508267226.75879955,4887185495.456396,10799462609.456192,-5912277113.999797
POL,202203,501755623.58477336,787889406.4302486,-286133782.84547526,411113638.52693456,489501687.3083406,751443125.2922918,863330278.0331489,-340329486.7653572,-373828590.7248083,4949719837.761717,10722138077.870998,-5772418240.109281
POL,202204,412654722.4043342,710342373.9827409,-297687651.5784067,400154415.5306119,448595891.91365796,801551321.2034973,784534255.9255203,-401396905.6728854,-335938364.01186234,4990358430.542048,10743748572.206106,-5753390141.664059
POL,202205,378378259.2498764,807013045.951523,-428634786.70164657,397928432.7722629,403065495.6099364,817041682.9844792,790012043.1600895,-419113250.2122163,-386946547.5501531,5026807628.9733715,10732159888.628807,-5705352259.655435
POL,202206,357486589.7353005,759444439.4660723,-401957849.73077184,374895623.7033011,390992824.00205857,718996066.1507522,779196356.7795763,-344100442.4474511,-388203532.77751774,5013767669.889793,10581233847.698864,-5567466177.809071
POL,202207,422989142.3780976,858662093.6227832,-435672951.2446856,426837223.5443563,399887093.33997345,888498917.8774089,808178889.0042133,-461661694.3330526,-408291795.6642399,5077761027.208004,10652248233.980295,-5574487206.77229
POL,202208,373328538.5003827,778864586.1962131,-405536047.6958304,413781936.5605734,405171594.6027436,737176780.443231,781557254.8237973,-323394843.8826576,-376385660.2210537,5135195070.87549,10540121215.329748,-5404926144.454259
POL,202209,372703864.88600373,796178654.1965393,-423474789.31053555,380677834.12579197,407098998.07690716,741129468.8603171,788935055.7269856,-360451634.73452514,-381836057.6500784,5143293604.102737,10332903151.631111,-5189609547.528374
POL,202210,403879299.2714434,741626038.2779347,-337746739.00649124,392551188.48327637,395670319.7232139,723398411.1417204,733901553.4817562,-330847222.65844405,-338231233.7585423,5092578497.806874,10169608440.793215,-5077029942.9863405
POL,202211,400058444.98054445,732056328.4790347,-331997883.4984902,390917897.3758337,388048973.3283007,702142003.8451656,722223294.6157345,-311224106.4693319,-334174321.28743374,5096044420.598236,9862411170.618757,-4766366750.020522
POL,202212,361193894.5173013,744163089.4248738,-382969194.9075725,393518201.95309836,392329095.9374028,713667409.1568362,713069274.714574,-320149207.2037378,-320740178.7771712,5059035666.176419,9409974059.01133,-4350938392.83491
POL,202301,399093460.05137855,707265066.9928658,-308171606.94148725,386223978.28708786,390220025.87200665,750413190.1270863,722074201.0430294,-364189211.8399984,-331854175.1710228,4925544280.158165,9136357539.566483,-4210813259.408317
POL,202302,401500471.1882884,681893112.4200679,-280392641.2317795,394237453.9891626,391326544.7431162,772607535.6174916,745562711.6338047,-378370081.628329,-354236166.8906885,4785022310.747725,9105398235.440897,-4320375924.693172
POL,202303,467891639.83876926,834906004.9646474,-367014365.12587816,404574035.0709727,395011822.44907445,786192273.4286427,769737666.3910736,-381618238.35767007,-374725843.94199914,4751158327.00172,9152414833.975296,-4401256506.973576
POL,202304,350122375.6819071,699959584.9451538,-349837209.2632467,336421351.8443747,378410946.96817,772102949.1791502,776967586.0750948,-435681597.3347755,-398556639.10692483,4688625980.279293,9142032044.937708,-4453406064.658416
POL,202305,385500823.1701752,739074378.0177042,-353573554.84752905,404672066.6821,381889151.19914913,746538028.9679159,768277750.5252362,-341865962.2858159,-386388599.3260871,4695748544.199593,9074093377.003891,-4378344832.804298
POL,202306,389651900.9560001,808233818.2238063,-418581917.2678062,410971220.71008813,384021546.4121876,761198030.4779009,759946336.2083222,-350226809.7678127,-375924789.7961346,4727913855.420292,9122882755.761623,-4394968900.341332
POL,202307,375793517.9958872,756615984.9721848,-380822466.97629756,367480710.8389367,394374666.0770416,814783055.6337292,774173038.3598486,-447302344.79479253,-379798372.282807,4680718231.038081,9020836647.111025,-4340118416.072945
POL,202308,396900770.27535206,841090916.664194,-444190146.3888419,435156563.25362897,404536164.93421793,808090168.1579646,794690418.0898649,-372933604.9043356,-390154253.1556469,4704290462.813051,9083062977.579006,-4378772514.765956
POL,202309,416244593.015409,955215071.0641196,-538970478.0487106,409594310.51659805,404077194.86972123,873567316.6852401,832146846.8256446,-463973006.1686421,-428069651.9559234,4747831190.942456,9242099394.446587,-4494268203.504131
POL,202310,414835631.79305255,745768687.5438032,-330933055.75075066,400021435.19013184,414924102.9867863,747574158.1490152,809743880.9974066,-347552722.95888335,-394819778.0106203,4758787523.464066,9246242043.712456,-4487454520.24839
POL,202311,414437735.96601504,868620295.5074238,-454182559.5414087,415583422.9116667,408399722.87279886,847442988.30762,822861487.7139584,-431859565.39595336,-414461764.8411595,4773166814.449535,9382806010.740845,-4609639196.291308
POL,202312,340041414.000471,897295403.9850469,-557253989.9845759,385404790.0032627,400336549.3683538,824440916.6975213,806486021.0513855,-439036126.69425863,-406149471.68303174,4752014333.932705,9535938325.301018,-4783923991.368313
POL,202401,423482676.056948,770917824.8386397,-347435148.78169173,407469251.26310587,402819154.72601175,806292407.1173313,826058770.7074909,-398823155.8542254,-423239615.98147917,4776403549.938274,9599591083.146791,-4823187533.208517
POL,202402,409351403.7791992,712873201.8641508,-303521798.0849516,408546794.1180331,400473611.7948006,815520831.6951592,815418051.8366705,-406974037.5771261,-414944440.04186994,4784254482.529185,9630571172.590874,-4846316690.061689
POL,202403,414883874.0084198,776000505.6667323,-361116631.6583125,371335132.53570193,395783725.9722803,707879451.7062114,776564230.1729007,-336544319.1705095,-380780504.20062035,4731246716.698836,9571665673.29296,-4840418956.594124
POL,202404,406238589.5401135,785578849.9419369,-379340260.40182334,380651736.83199096,386844554.49524194,864665428.5704541,796021903.9906082,-484013691.73846316,-409177349.4953663,4787362930.557043,9657284938.289743,-4869922007.7327
POL,202405,365190892.9382046,795708612.7052768,-430517719.76707226,380288117.41146845,377424995.59305376,802239625.8158661,791594835.3641772,-421951508.40439767,-414169839.77112347,4767053000.325072,9713919172.977314,-4946866172.652243
POL,202406,360984891.5877207,984125284.9070834,-623140393.3193626,379386823.42157775,380108892.5550124,926443188.2451534,864449414.2104912,-547056364.8235757,-484340521.6554788,4738385990.956793,9889810639.660593,-5151424648.7038
POL,202407,422688011.3047663,954958654.1045549,-532270642.7997886,400531677.1709661,386735539.3346708,1066537233.0557227,931740015.7055807,-666005555.8847566,-545004476.3709099,4785280484.265672,10088153308.792963,-5302872824.527291
POL,202408,379508078.88054574,941353849.8384954,-561845770.9579496,415508724.3617568,398475741.6514335,928319966.4825047,973766795.9277936,-512811242.1207479,-575291054.27636,4767887792.870865,10188416241.967264,-5420528449.096398
POL,202409,444566766.02198,897703191.6354743,-453136425.61349434,422548674.5216002,412863025.3514411,805676800.2865913,933511333.2749395,-383128125.7649911,-520648307.92349845,4796209965.877437,10130904362.53862,-5334694396.661181
POL,202410,507638322.51610774,907740040.5282695,-400101718.0121618,486941733.09041566,441666377.32459086,938367546.5135114,890788104.4275359,-451425813.42309576,-449121727.102945,4889012656.600492,10292875715.523085,-5403863058.922593
POL,202411,420646214.3769935,883851852.1568799,-463205637.7798864,434999519.3744124,448163308.99547607,870345796.8414043,871463381.2138357,-435346277.4669919,-423300072.21835965,4895221135.01147,10308107272.17254,-5412886137.161071
POL,202412,345286971.5489913,839547025.9059759,-494260054.3569846,404867992.6414513,442269748.3687598,735034136.0465516,847915826.4671558,-330166143.4051003,-405646078.098396,4900466692.559991,10250358894.09347,-5349892201.533479
POL,202501,649584372.686785,904116844.0202578,-254532471.33347285,620577328.8104206,486814946.9420948,931567982.7922258,845649305.2267271,-310990653.9818052,-358834358.2846323,5126568389.189828,10383557913.275087,-5256989524.08526
POL,202502,416634816.7818986,782658644.4463845,-366023827.66448593,422006068.1827681,482483796.5448801,903890048.2977606,856830722.378846,-481883980.1149925,-374346925.83396596,5133851802.192527,10453343355.85732,-5319491553.664795
POL,202503,459032615.5801394,960850869.4236718,-501818253.84353244,424558811.4152617,489047402.8028168,852024207.466174,895827412.8520535,-427465396.0509123,-406780010.0492367,5178000543.764246,10638193719.614262,-5460193175.850015
POL,202504,494664146.3770853,823513741.0632466,-328849594.6861613,453389145.86832166,433318008.48878384,903358300.053895,886424185.2726098,-449969154.18557334,-453106176.783826,5266426100.601218,10676128610.73557,-5409702510.134353
POL,202505,445339414.74447966,1014365163.0440854,-569025748.2996057,459986965.78179187,445978307.68845844,1022649198.1631192,926010568.5610628,-562662232.3813274,-480032260.87260437,5346574622.407493,10894785161.074379,-5548210538.666887
POL,202506,447077899.51907444,1045577532.0477768,-598499632.5287024,467455516.96883106,460277209.53964823,981717457.2945038,969241651.8371726,-514261940.32567275,-508964442.2975244,5432667630.338847,10956237408.215073,-5523569777.876226
POL,202507,511000393.4452846,873728705.1236426,-362728311.67835796,468810160.0684777,465417547.6063669,1015278967.4123487,1006548540.9566573,-546468807.3438711,-541130993.3502904,5520980012.479365,10875007459.234161,-5354027446.754795
POL,202508,398363545.24570435,971656680.4173391,-573293135.1716347,438499581.3295451,458255086.1222846,985699633.404873,994232019.3705751,-547200052.0753279,-535976933.2482905,5539835478.844524,10905310289.813004,-5365474810.96848
POL,202509,501435352.55402994,1243120468.9971533,-741685116.4431233,460232270.7303784,455847337.37613374,1099602490.92893,1033527030.5820507,-639370220.1985517,-577679693.2059169,5596704065.376574,11250727567.174683,-5654023501.798109
POL,202510,499868902.4596054,1044223742.001413,-544354839.5418077,476959125.839798,458563659.2999072,1108706743.5149856,1064669622.6162629,-631747617.6751876,-606105963.3163557,5588934645.320071,11387211268.647827,-5798276623.327755
POL,202511,433292889.4114858,1170833353.6829054,-737540464.2714196,462983882.2669813,466725092.94571924,1161994298.0526576,1123434510.8321912,-699010415.7856762,-656709417.886472,5601581320.354565,11674192770.173853,-6072611449.819288
POL,202512,428685061.53379035,1424577298.0691311,-995892236.5353408,518645616.933908,486196208.34689575,1184650415.7547514,1151783819.1074648,-666004798.8208435,-665587610.7605691,5684979410.339362,12259223042.337008,-6574243631.997645
POL,202601,524978502.2198055,1198879273.4239435,-673900771.204138,497936730.48504263,493188743.22864395,1214881007.0201845,1187175240.2758646,-716944276.535142,-693986497.0472207,5560373539.872383,12553985471.740694,-6993611931.86831
POL,202602,497950249.1391909,1099955135.6843398,-602004886.5451488,512453879.42292696,509678742.2806258,1282781970.328755,1227437797.7012303,-770328090.905828,-717759055.4206045,5641688972.229675,12871281962.97865,-7229592990.748973
POL,202603,566044392.2480173,1522677478.9941645,-956633086.7461472,539893487.714992,516761365.8743205,1314966093.900414,1270876357.0831177,-775072606.185422,-754114991.2087972,5748700748.897553,13433108572.54914,-7684407823.6515875
POL,202604,586036951.825309,1233982051.9296958,-647945100.1043868,523789729.65593046,525379032.2646165,1351829472.4292264,1316525845.5527985,-828039742.7732959,-791146813.288182,5840073554.3457775,13843576883.41559,-8003503329.069813
SGP,201701,6932870471.023646,4152973623.806625,2779896847.2170215,7198027662.080988,,4536996985.112047,,2661030676.9689407,,,,
SGP,201702,6038988006.923247,4063745444.3779454,1975242562.545302,7357417645.844283,,4781202658.920221,,2576214986.924062,,,,
SGP,201703,7394124174.454446,4811162585.862454,2582961588.5919914,7442388387.557755,7332611231.827675,4790260481.785218,4702820041.939162,2652127905.772537,2629791189.8885126,,,
SGP,201704,7333956120.641022,4316046242.705027,3017909877.935995,7484506266.317942,7428104099.906659,4612508901.084432,4727990680.596623,2871997365.23351,2700113419.3100357,,,
SGP,201705,7518790317.636951,4539875533.406776,2978914784.230175,7402027968.543481,7442974207.47306,4699542114.409026,4700770499.092892,2702485854.1344547,2742203708.380168,,,
SGP,201706,7620349770.92722,4993078927.131144,2627270843.796077,7577195233.000967,7487909822.620796,4971046768.615513,4761032594.702991,2606148464.385454,2726877227.9178057,,,
SGP,201707,8613334421.20226,4938456093.747247,3674878327.4550123,7618188263.657768,7532470488.400739,4828108140.618687,4832899007.881076,2790080123.0390816,2699571480.519663,,,
SGP,201708,8636607653.36255,5428564007.766404,3208043645.5961466,7502791663.565806,7566058386.741513,5081672217.915218,4960275709.049806,2421119445.650588,2605782677.6917076,,,
SGP,201709,7493756814.303785,5118447305.40189,2375309508.9018955,7649902097.367309,7590294008.19696,4995975628.039257,4968585328.85772,2653926469.3280516,2621708679.33924,,,
SGP,201710,7456269203.788897,5330239612.424831,2126029591.3640652,7289588850.680598,7480760870.537904,4903756515.9861765,4993801453.980217,2385832334.694422,2486959416.557687,,,
SGP,201711,7358873774.629238,5206530499.480274,2152343275.148964,7444501190.049941,7461330712.699283,4915908526.740869,4938546890.255433,2528592663.3090725,2522783822.4438496,,,
SGP,201712,7460855934.040029,5343850459.745469,2117005474.2945595,7646401269.125107,7460163769.951881,5075625520.8421755,4965096854.523073,2570775748.2829313,2495066915.428808,89858776662.93329,58242970335.85609,31615806327.077206
SGP,201801,7674078895.014082,4830080216.881838,2843998678.132244,7911955253.55879,7667619237.577946,5091897837.488479,5027810628.357174,2820057416.0703115,2639808609.220772,90599985086.92372,58920076928.9313,31679908157.992428
SGP,201802,6430502349.861217,4325361703.102503,2105140646.7587137,7567412806.635477,7708589776.439792,4987198522.484459,5051573960.271705,2580214284.151018,2657015816.168087,90991499429.8617,59181693187.65585,31809806242.20584
SGP,201803,7689234015.975599,5149188625.970715,2540045390.0048847,7606351292.599454,7695239784.264573,5152793211.414996,5077296523.795978,2453558081.184458,2617943260.4685955,91286609271.38286,59519719227.764114,31766890043.61873
SGP,201804,7482501121.853243,5042125779.680289,2440375342.1729536,7663429980.7769985,7612398026.670644,5308030665.032356,5149340799.643937,2355399315.7446423,2463057227.0267067,91435154272.59508,60245798764.73938,31189355507.85569
SGP,201805,7785468498.24984,4999527669.480334,2785940828.7695055,7715089062.246424,7661623445.207625,5211771963.948278,5224198613.465211,2503317098.2981453,2437424831.7424145,91701832453.20796,60705450900.812935,30996381552.39502
SGP,201806,7452929200.605174,4917192849.392133,2535736351.2130413,7507630666.135899,7628716569.719773,4958190284.371823,5159330971.117486,2549440381.7640753,2469385598.6022873,91534411882.88591,60629564823.07393,30904847059.811985
SGP,201807,8222537043.856305,5171218989.738211,3051318054.1180944,7597289158.058488,7606669628.813603,5034949470.909593,5068303906.409898,2562339687.1488953,2538365722.4037056,91143614505.53996,60862327719.064896,30281286786.475067
SGP,201808,8601024289.588125,5143565032.906504,3457459256.6816216,7732407106.616538,7612442310.2703085,4935568712.69608,4976236155.992499,2796838393.920458,2636206154.277809,91108031141.76553,60577328744.204994,30530702397.560543
SGP,201809,7396797461.527865,5155419193.207119,2241378268.3207464,7467557811.043485,7599084691.90617,5019993915.441413,4996837366.349029,2447563895.602072,2602247325.5571413,91011071788.98961,60614300632.010216,30396771156.979393
SGP,201810,8132558129.948316,5382201639.477042,2750356490.4712734,7900897883.24121,7700287600.300411,4985545262.95137,4980369297.029621,2915352620.2898397,2719918303.27079,91687360715.14903,60666262659.06243,31021098056.0866
SGP,201811,8011671466.649633,5397171794.1122675,2614499672.537366,8021016476.870944,7796490723.718547,5164652885.920833,5056730688.104539,2856363590.9501114,2739760035.614008,92340158407.16943,60856903953.69442,31483254453.475002
SGP,201812,7238279652.603368,5274573656.784827,1963705995.8185406,7325107952.066542,7749007437.392899,5047954729.076687,5066050959.316297,2277153222.989855,2682956478.076602,92117582125.73277,60787627150.73378,31329954974.998985
SGP,201901,7296787145.513358,5121814814.455704,2174972331.0576544,7468169132.739122,7604764520.558869,5229520158.034967,5147375924.344162,2238648974.704155,2457388596.2147074,91740290376.23204,61079361748.30765,30660928627.924393
SGP,201902,6494438866.412591,4285828013.842843,2208610852.569748,7402600551.688984,7398625878.83155,4844313565.169282,5040596150.760312,2558286986.519702,2358029728.0712376,91804226892.78342,61039828059.04798,30764398833.735428
SGP,201903,6891250919.127646,4743297243.510064,2147953675.6175823,6692216715.606214,7187662133.344773,4749974904.751863,4941269542.652038,1942241810.854351,2246392590.6927357,91006243795.93546,60633936676.58734,30372307119.34813
SGP,201904,7021777217.374022,4917919591.909122,2103857625.464899,7199592389.251277,7098136552.182158,5100291931.459299,4898193467.126815,2099300457.791978,2199943085.0553436,90545519891.45624,60509730488.81617,30035789402.640076
SGP,201905,7267700511.6754265,4878191381.721477,2389509129.95395,7251631540.146918,7047813548.334804,5118070939.369028,4989445925.193397,2133560600.7778902,2058367623.141407,90027751904.88184,60388394201.05731,29639357703.824516
SGP,201906,6599987294.946127,4806097459.83353,1793889835.1125965,6732205321.723381,7061143083.707191,4900054378.544121,5039472416.457482,1832150943.1792603,2021670667.2497091,89174809999.22278,60277298811.49871,28897511187.72407
SGP,201907,7317080262.037047,5394313389.849643,1922766872.1874046,7043430718.143375,7009089193.337891,5237307601.582495,5085144306.498548,1806123116.5608807,1923944886.839343,88269353217.40352,60500393211.61014,27768960005.79338
SGP,201908,7688913132.838351,5080002890.322378,2608910242.515973,7132274552.934133,6969303530.933629,4979102863.989906,5038821614.705508,2153171688.9442263,1930481916.2281208,87357242060.65375,60436831069.02602,26920410991.62773
SGP,201909,7079359791.644274,5002060547.744769,2077299243.8995047,7066981908.324147,7080895726.467219,4862942441.817938,5026450969.130113,2204039466.5062094,2054444757.3371067,87039804390.77017,60283472423.56367,26756331967.20649
SGP,201910,7671652821.15349,5792680144.633243,1878972676.5202475,7420842406.512871,7206699622.590383,5417213391.882916,5086419565.89692,2003629014.6299543,2120280056.6934624,86578899081.97534,60693950928.71987,25884948153.255466
SGP,201911,7568815121.402561,5282679681.060343,2286135440.3422184,7497607957.8898325,7328477424.242284,5126283962.78123,5135479932.160695,2371323995.1086025,2192997492.0815887,86136042736.72827,60579458815.667946,25556583921.060318
SGP,201912,7527139007.41923,5296767099.891163,2230371907.5280676,7524530828.0181465,7480993730.80695,5098174341.6824465,5213890565.448864,2426356486.3357,2267103165.3580856,86424902091.54413,60601652258.77428,25823249832.769844
SGP,202001,7194945992.90751,5389349555.81006,1805596437.0974503,7321394084.860754,7447844290.256245,5348379902.630205,5190946069.031294,1973014182.2305489,2256898221.224951,86323060938.93828,60869187000.12864,25453873938.80964
SGP,202002,7274622043.8209915,5072810996.816307,2201811047.0046844,8042027521.429757,7629317478.102886,5619142066.155564,5355232103.489406,2422885455.274193,2274085374.6134806,87103244116.34668,61656169983.102104,25447074133.244576
SGP,202003,7554243641.385105,5267607965.970521,2286635675.414584,7221319570.385066,7528247058.89186,5276696220.437277,5414739396.407681,1944623349.9477892,2113507662.4841785,87766236838.60414,62180480705.56256,25585756133.04158
SGP,202004,7370741030.495693,5238802410.307267,2131938620.188426,7549171343.8757515,7604172811.896858,5369480057.331883,5421772781.308242,2179691286.543868,2182400030.5886164,88115200651.72581,62501363523.9607,25613837127.76511
SGP,202005,7015700485.598818,5166198845.611831,1849501639.986987,7056246772.957745,7275579229.072854,5458159443.653571,5368111907.140911,1598087329.3041735,1907467321.931943,87863200625.6492,62789370987.85106,25073829637.79814
SGP,202006,7864861573.691247,5730555752.071838,2134305821.6194086,8115414090.905744,7573610735.913079,5880681437.3325405,5569440312.772664,2234732653.573203,2004170423.1404152,89128074904.39432,63713829280.08936,25414245624.30496
SGP,202007,8099225786.518739,6058687454.192994,2040538332.3257446,8112140341.1813545,7761267068.348281,5860587120.634868,5733142667.206993,2251553220.546487,2028124401.1412878,89910220428.876,64378203344.43272,25532017084.4433
SGP,202008,8542966146.00217,5878777154.590754,2664188991.411416,8167518910.363059,8131691114.150052,5847335246.480769,5862867934.816059,2320183663.88229,2268823179.333993,90764273442.03984,65176977608.70109,25587295833.338737
SGP,202009,9041101804.92321,6778127242.672036,2262974562.251174,8927752343.439823,8402470531.661412,6595863524.587201,6101261963.900947,2331888818.852622,2301208567.7604656,92726015455.31877,66953044303.62836,25772971151.69041
SGP,202010,9186427347.30528,6707069326.982218,2479358020.323063,8936883303.152115,8677384852.318333,6333725628.54833,6258974799.872101,2603157674.6037846,2418410052.446232,94240789981.47055,67867433485.977325,26373356495.493225
SGP,202011,8888444302.2294,6671423895.693691,2217020406.5357094,8752780202.591167,8872471949.727701,6589824759.273055,6506471304.136195,2162955443.3181124,2366000645.591506,95560419162.2974,69256177700.61069,26304241461.686718
SGP,202012,9240320284.99359,6732845658.096485,2507474626.8971043,9137731020.6916,8942464842.14496,6520614198.460526,6481388195.427304,2617116822.2310743,2461076646.717656,97273600439.87175,70692256258.81601,26581344181.05575
SGP,202101,9212740630.157492,6845232160.887406,2367508469.2700853,9311059158.352528,9067190127.211765,6806105456.389112,6638848138.040898,2504953701.963415,2428341989.170867,99291395077.12173,72148138863.89334,27143256213.228386
SGP,202102,8665912651.061428,6251465843.832864,2414446807.2285643,9420208500.279112,9289666226.44108,6839072339.14769,6721930664.665776,2581136161.131422,2567735561.775304,100682685684.36217,73326793710.9099,27355891973.452267
SGP,202103,10642542336.946758,7235316307.532848,3407226029.41391,9997015647.930214,9576094435.520617,7036732391.596608,6893970062.377804,2960283256.333606,2682124373.1428127,103770984379.92383,75294502052.47223,28476482327.45159
SGP,202104,9913145279.464436,7060069792.8974085,2853075486.567027,9955328284.376247,9790850810.861856,7229438247.322526,7035080992.688942,2725890037.0537214,2755769818.1729145,106313388628.89256,77115769435.06238,29197619193.830193
SGP,202105,9975790869.27048,6722133896.238315,3253656973.0321646,10136526843.976267,10029623592.094242,7127618543.901298,7131263060.940144,3008908300.0749693,2898360531.1540985,109273479012.56422,78671704485.68886,30601774526.875374
SGP,202106,10050901429.270123,6959655461.968586,3091245967.3015366,10367223894.630362,10153026340.994293,7003439578.677681,7120165456.633835,3363784315.9526806,3032860884.3604584,111459518868.14311,79900804195.5856,31558714672.5575
SGP,202107,10290870613.455372,7472972343.962745,2817898269.492627,10430460550.373428,10311403762.993353,7209660040.276368,7113572720.951782,3220800510.09706,3197831042.0415707,113651163695.07974,81315089085.35536,32336074609.72438
SGP,202108,11547689765.457802,7677413121.207452,3870276644.25035,11298355894.099047,10698680113.034279,7516135172.907957,7243078263.954002,3782220721.1910896,3455601849.0802765,116655887314.53537,83113725051.97205,33542162262.563316
SGP,202109,10987659543.558256,7930266646.52417,3057392897.034086,10690905841.118008,10806574095.196827,7750559426.546558,7492118213.243627,2940346414.5714493,3314455881.9532003,118602445053.17041,84265864455.82419,34336580597.346226
SGP,202110,10869167235.06599,7749866871.000688,3119300364.065303,10665028586.300781,10884763440.505945,7481930345.136857,7582874981.5304575,3183098241.163924,3301888458.9754877,120285184940.93112,85308661999.84265,34976522941.08847
SGP,202111,11483876100.402615,7681638378.357067,3802237722.0455475,11538899313.07555,10964944580.16478,7788001891.116748,7673497220.933388,3750897421.958802,3291447359.231392,122880616739.10434,86318876482.50603,36561740256.598305
SGP,202112,12097832749.55615,8465420456.078465,3632412293.477685,11985407720.779917,11396445206.71875,8218411446.810335,7829447894.354648,3766996273.9695816,3566997312.3641024,125738129203.6669,88051451280.488,37686677923.17889
SGP,202201,11511747879.61651,7957601457.353407,3554146422.2631035,11338244166.292406,11620850400.049292,8048144657.808754,8018185998.578613,3290099508.483652,3602664401.4706783,128037136453.12592,89163820576.95401,38873315876.171906
SGP,202202,10600714310.692097,7702545369.225045,2898168941.4670515,11663125742.830982,11662259209.967768,8570065797.119827,8278873967.2463045,3093059945.711155,3383385242.721463,129971938112.75659,90614900102.3462,39357038010.41039
SGP,202203,12656969723.952414,9079385952.03204,3577583771.920374,11679057845.851957,11560142584.991783,8448806777.983658,8355672410.970746,3230251067.8682995,3204470174.021037,131986365499.76224,92458969746.8454,39527395752.916855
SGP,202204,11994532607.055956,8217313616.901321,3777218990.1546345,11938541755.248465,11760241781.310469,8365835769.706382,8461569448.269956,3572705985.542083,3298672333.040513,134067752827.35376,93616213570.8493,40451539256.504456
SGP,202205,11332765386.223433,8152895310.882472,3179870075.3409605,11604849717.593609,11740816439.564676,8551853489.03599,8455498678.908676,3052996228.557619,3285317760.656,135424727344.30672,95046974985.49345,40377752358.81326
SGP,202206,12749734955.609488,8793000152.504616,3956734803.1048717,13101325362.687136,12214905611.84307,8678684337.352297,8532124532.031556,4422641025.334839,3682781079.811513,138123560870.6461,96880319676.0295,41243241194.6166
SGP,202207,11511595433.372688,8887198304.710451,2624397128.662237,11557322100.680946,12087832393.653898,8495334787.032816,8575290871.140368,3061987313.6481304,3512541522.51353,139344285690.5634,98294545636.77719,41049740053.7862
SGP,202208,11741082798.595808,8911242701.52165,2829840097.0741577,11643984157.32959,12100877206.899223,8660720310.004305,8611579811.46314,2983263847.325285,3489297395.436083,139537678723.70142,99528375217.0914,40009303506.61001
SGP,202209,12195072306.81662,7920599423.65173,4274472883.1648903,11859848437.84741,11687051565.285982,7779213720.2939005,8311756272.443673,4080634717.5535097,3375295292.842309,140745091486.95978,99518707994.21896,41226383492.740814
SGP,202210,10372627225.781332,8431057921.360698,1941569304.4206343,10187499596.364292,11230444063.847097,8258649316.967208,8232861115.755137,1928850279.3970842,2997582948.09196,140248551477.6751,100199899044.57896,40048652433.096146
SGP,202211,9285539206.447237,7822386598.779533,1463152607.6677036,9537305843.845713,10528217959.35247,8243359049.776611,8093740695.67924,1293946794.0691013,2434477263.67323,138050214583.71973,100340647265.00143,37709567318.71831
SGP,202212,11353389210.477825,8123243669.2887,3230145541.189125,11285562717.957346,10336789386.055784,8007591145.873024,8169866504.205615,3277971572.084322,2166922881.850169,137305771044.6414,99998470478.21167,37307300566.42975
SGP,202301,9503885597.357555,6147940451.410135,3355945145.94742,9081086383.74976,9967984981.850939,6271817588.491477,7507589261.380371,2809268795.2582827,2460395720.4705677,135297908762.38246,98188809472.2684,37109099290.11406
SGP,202302,8974509966.937965,6475976464.177766,2498533502.7601995,10043972256.88785,10136873786.198318,7420514681.728898,7233307805.364467,2623457575.1589518,2903565980.833852,133671704418.62831,96962240567.22112,36709463851.40721
SGP,202303,10138480132.641703,7814394254.59317,2324085878.0485325,9596704917.997896,9573921186.211836,6915295782.963196,6869209351.061191,2681409135.0347004,2704711835.1506453,131153214827.31761,95697248869.78226,35455965957.53537
SGP,202304,9163009955.234474,7156482411.552428,2006527543.682046,9161241898.467838,9600639691.11786,7185420338.162225,7173743600.951439,1975821560.3056135,2426896090.166422,128321692175.49612,94636417664.43335,33685274511.06278
SGP,202305,8945919490.93748,6820899323.384103,2125020167.553378,8983897157.438225,9247281324.634653,7095194430.368274,7065303517.164565,1888702727.069951,2181977807.470088,125934846280.21017,93304421676.93498,32630424603.275196
SGP,202306,10617991771.494257,7396822050.997686,3221169720.4965706,10866857539.04514,9670665531.6504,7309132572.74488,7196582447.091793,3557724966.3002596,2474083084.558607,123803103096.09496,91908243575.42804,31894859520.666897
SGP,202307,11012469703.356499,7480715239.698414,3531754463.658085,10718770205.125576,10189841633.869646,6947255024.39061,7117194009.167922,3771515180.7349663,3072647624.701724,123303977366.07875,90501760510.41602,32802216855.662743
SGP,202308,10577951105.153452,7423761985.356542,3154189119.7969103,10735497681.109245,10773708475.09332,7474324387.265244,7243570661.466911,3261173293.844002,3530137813.6264095,122140845672.6364,89014279794.2509,33126565878.385494
SGP,202309,11023957206.543232,8509127310.05373,2514829896.489502,10694924165.19395,10716397350.476257,8388175833.776448,7603251748.477433,2306748331.4175024,3113145601.998824,120969730572.363,89602807680.65291,31366922891.710106
SGP,202310,11289369281.00126,6785069423.847269,4504299857.153992,10791328534.676594,10740583460.326597,6606302263.7192545,7489600828.253648,4185026270.9573393,3250982632.0729494,121886472627.58295,87956819183.13948,33929653444.443466
SGP,202311,10385820300.33609,6328205011.384125,4057615288.9519653,10794120912.26117,10760124537.377237,6988289735.726632,7327589277.740779,3805831176.5345373,3432535259.6364584,122986753721.4718,86462637595.74406,36524116125.72772
SGP,202312,10793148252.074688,6852875815.602839,3940272436.4718485,10631120945.979628,10738856797.63913,6826716149.825177,6807102716.423688,3804404796.1544504,3931754081.2154417,122426512763.06866,85192269742.05821,37234243021.01045
SGP,202401,12280228743.33435,6515149585.26512,5765079158.069231,11392702668.657679,10939314842.299492,6389920424.135738,6734975436.562516,5002782244.52194,4204339405.7369757,125202855909.04544,85559478875.91318,39643377033.13226
SGP,202402,9986333009.513493,6112866016.359615,3873466993.1538773,11363451718.483778,11129091777.70703,7299010006.071324,6838548860.010747,4064441712.4124537,4290542917.6962824,126214678951.62099,85196368428.09503,41018310523.52594
SGP,202403,12202231052.609962,8940143877.462337,3262087175.147625,12167100611.369366,11641084999.503607,7635755434.789546,7108228621.665536,4531345176.57982,4532856377.838071,128278429871.58923,86322118050.9642,41956311820.62503
SGP,202404,11649872348.392044,7087967593.596674,4561904754.79537,12025792909.632175,11852115079.82844,6673199131.0108,7202654857.290558,5352593778.621375,4649460222.537882,130765292264.74681,86253603233.00845,44511689031.73835
SGP,202405,10943737047.741426,7567811756.467437,3375925291.2739897,10851815952.3288,11681569824.443445,7876811577.357252,7395255381.052533,2975004374.971548,4286314443.390912,132763109821.55075,87000515666.0918,45762594155.45897
SGP,202406,10538865831.871572,7921945102.339892,2616920729.53168,10722694892.623392,11200101251.528124,7932669121.483595,7494226609.950549,2790025771.139797,3705874641.5775747,132683983881.92807,87525638717.434,45158345164.49408
SGP,202407,12135653991.1996,6570428115.811124,5565225875.388476,11425814556.019342,11000108466.99051,5950001140.189361,7253160613.01007,5475813415.829982,3746947853.980441,133807168169.77118,86615351593.5467,47191816576.224464
SGP,202408,12265768517.608524,7355262926.587268,4910505591.021256,12715186180.57493,11621231876.40589,7706851978.448576,7196507413.373844,5008334202.126354,4424724463.032045,135494985582.22624,86546852534.77744,48948133047.44881
SGP,202409,13087823620.486614,8125101886.80053,4962721733.686084,12605048617.533224,12248683118.042498,8064341844.814999,7240398321.150978,4540706772.7182255,5008284796.89152,137558851996.16962,86162827111.52423,51396024884.64539
SGP,202410,12348581429.462029,8343026792.039924,4005554637.422105,11500065001.276268,12273433266.461473,8093656429.328151,7954950084.197242,3406408571.9481173,4318483182.264232,138618064144.6304,87720784479.71689,50897279664.91351
SGP,202411,12443692760.042376,8634669301.711348,3809023458.331028,13038145835.483019,12381086484.76417,9999985986.888847,8719328087.010666,3038159848.5941715,3661758397.753504,140675936604.33667,90027248770.04411,50648687834.29257
SGP,202412,14000839197.308447,10250798009.913239,3750041187.3952084,13611961911.86016,12716724249.539816,10354025462.169046,9482555959.462015,3257936449.6911144,3234168290.0778008,143883627549.57043,93425170964.3545,50458456585.21593
SGP,202501,15658164398.568491,8102799318.107823,7555365080.460668,14090982557.087631,13580363434.81027,7741948499.314068,9365319982.790655,6349034057.773563,4215043452.019615,147261563204.8046,95012820697.1972,52248742507.60737
SGP,202502,12596641509.630875,6742016839.473176,5854624670.157699,14585107383.18756,14096017284.045118,8371054783.913937,8822342915.132349,6214052599.2736225,5273674368.912769,149871871704.92197,95641971520.31078,54229900184.61119
SGP,202503,14311023235.107828,8672731547.559525,5638291687.548304,15055616396.224566,14577235445.499918,7122941606.630179,7745314963.286061,7932674789.594386,6831920482.213857,151980663887.41983,95374559190.40796,56606104697.01187
SGP,202504,20893804199.921047,9380341014.463516,11513463185.457531,22221673488.429455,17287465755.947193,8289350975.832659,7927782455.458924,13932322512.596796,9359683300.48827,161224595738.94882,97666932611.2748,63557663127.67403
SGP,202505,16073758262.697487,8294404985.827222,7779353276.870265,15735928212.532202,17671072699.062073,8630479671.243237,8014257417.902024,7105448541.288965,9656815281.16005,166354616953.90488,98393525840.63458,67961091113.27031
SGP,202506,15991125731.45212,8298173078.757324,7692952652.694796,16178126038.395205,18045242579.785618,8442132221.478579,8453987622.851491,7735993816.916626,9591254956.934128,171806876853.48544,98769753817.05202,73037123036.43343
SGP,202507,18379051339.562874,10746939696.291477,7632111643.271397,16729955286.647411,16214669845.85827,9475069634.731676,8849227175.817831,7254885651.915735,7365442670.04044,178050274201.8487,102946265397.53236,75104008804.31635
SGP,202508,16131828925.486391,8664341023.936638,7467487901.549753,17087544893.409025,16665208739.48388,9493038291.720451,9136746715.976902,7594506601.688574,7528462023.506977,181916334609.7266,104255343494.88174,77660991114.84483
SGP,202509,18663604428.943787,9928127869.752604,8735476559.191183,17850139303.519478,17222546494.525303,9889513599.942343,9619207175.464823,7960625703.577135,7603339319.06048,187492115418.18378,106058369477.83382,81433745940.34995
SGP,202510,19889871852.146034,10752166388.115294,9137705464.03074,18023605754.26324,17653763317.063915,10368768213.983103,9917106701.881966,7654837540.280138,7736656615.18195,195033405840.86777,108467509073.90918,86565896766.95857
SGP,202511,18007046539.56729,8844832024.29146,9162214515.275831,18974580950.411575,18282775336.064762,10741483026.974234,10333254946.96656,8233097923.437342,7949520389.098202,200596759620.39267,108677671796.48929,91919087823.90337
SGP,202512,20089293478.807392,10961822893.913408,9127470584.893984,19234034628.552658,18744073777.742493,11216091773.303656,10775447671.42033,8017942855.249002,7968626106.322163,206685213901.8916,109388696680.48946,97296517221.40215
SGP,202601,17302868753.748913,12869941912.336811,4432926841.412102,15117903578.178852,17775506385.71436,11952154758.291828,11303243186.189905,3165748819.887024,6472263199.524454,208329918257.07205,114155839274.71844,94174078982.35359
SGP,202602,11084448261.508127,9221245081.935736,1863203179.5723915,13054246504.868402,15802061570.533304,11891596715.79648,11686614415.79732,1162649789.0719223,4115447154.735985,206817725008.94928,116635067517.18102,90182657491.76828
SGP,202603,17630221504.76844,15409887027.611877,2220334477.156563,19662606652.235695,15944918911.760984,12159740831.634607,12001164101.907639,7502865820.601088,3943754809.853346,210136923278.6099,123372222997.23337,86764700281.37654
SGP,202604,18806028789.622158,16233270457.103918,2572758332.51824,20657827175.218372,17791560110.77416,13412726834.122644,12488021460.517912,7245100341.095728,5303538650.256247,208049147868.311,130225152439.87376,77823995428.43724
SWE,201701,141314562.01917273,229374169.15324908,-88059607.13407636,159588974.0595671,,241832060.5559853,,-82243086.49641821,,,,
SWE,201702,131135678.89290315,228974318.99331522,-97838640.10041207,162688701.45335725,,239117469.61479756,,-76428768.16144031,,,,
SWE,201703,208373271.72352153,250961880.21464455,-42588608.49112302,167804751.71589905,163360809.07627448,246548478.05431306,242499336.075032,-78743726.33841401,-79138526.99875751,,,
SWE,201704,154954363.91148466,252984953.81516898,-98030589.90368432,168097849.24114564,166197100.8034673,247381562.60898677,244349170.09269914,-79283713.36784112,-78152069.28923184,,,
SWE,201705,186558966.7055648,215149386.20549288,-28590419.499928087,180692153.42665344,172198251.46123272,246081040.46914104,246670360.37748027,-65388887.04248759,-74472108.91624755,,,
SWE,201706,169395804.23651245,256854605.83492365,-87458801.5984112,175492354.06852388,174760785.57877433,259294734.39741987,250919112.4918492,-83802380.32889599,-76158326.91307488,,,
SWE,201707,144570393.4291425,219725511.4230758,-75155117.99393329,171320255.10695052,175834920.86737594,262473857.9223745,255949877.5963118,-91153602.81542397,-80114956.72893587,,,
SWE,201708,187409211.12690485,274942523.29905915,-87533312.1721543,194193816.04341277,180335475.0729624,256644572.63279685,259471054.98419705,-62450756.58938408,-79135579.91123465,,,
SWE,201709,224688946.90012974,302870294.2404453,-78181347.34031558,195448808.3875471,186987626.5126368,260357547.0728636,259825325.87601164,-64908738.6853165,-72837699.36337483,,,
SWE,201710,193602040.95172462,254434596.6753802,-60832555.72365558,190671971.35801762,193438198.59632584,256129910.0832503,257710676.59630358,-65457938.72523269,-64272477.99997774,,,
SWE,201711,205805324.96458417,285930641.20570976,-80125316.24112558,198949025.3747888,195023268.37345114,273323715.88614196,263270391.0140853,-74374690.51135316,-68247122.64063415,,,
SWE,201712,245455082.05502734,293629522.5348255,-48174440.47979817,206801191.18921447,198807395.97400698,277896553.0588342,269116726.34274215,-71095361.86961973,-70309330.36873516,2193263646.9166727,3065832403.59529,-872568756.6786176
SWE,201801,187460355.6361873,253063649.1913867,-65603293.555199414,206886347.5156298,204212188.02654433,258759497.1704843,269993255.37182015,-51873149.654854506,-65781067.34527582,2239409440.533687,3089521883.6334276,-850112443.0997406
SWE,201802,172559180.2676807,314881418.82446045,-142322238.55677974,205021993.77835402,206236510.82773277,324065164.0235803,286907071.41763294,-119043170.2452263,-80670560.58990017,2280832941.9084644,3175428983.464573,-894596041.5561084
SWE,201803,257018476.03599682,372858002.37744963,-115839526.3414528,220526480.86945838,210811607.38781407,359748086.6995406,314190915.96453506,-139221605.83008224,-103379308.57672098,2329478146.2209396,3297325105.627378,-967846959.4064381
SWE,201804,194610881.95695418,268534557.98771465,-73923676.03076047,200373698.9932014,208640724.5470046,262150719.96886036,315321323.56399375,-61777020.97565895,-106680599.01698914,2369134664.2664094,3312874709.799924,-943740045.5335141
SWE,201805,200777425.1630856,302221628.968792,-101444203.80570641,197555237.89884245,206151805.92050076,327864067.89267176,316587624.8536909,-130308829.99382931,-110435818.93319017,2383353122.7239304,3399946952.563223,-1016593829.8392925
SWE,201806,198481475.07715216,314235524.3617225,-115754049.28457037,197993182.4420814,198640706.44470844,320626111.66450053,303546966.50867754,-122632929.22241914,-104906260.0639691,2412438793.56457,3457327871.0900216,-1044889077.5254518
SWE,201807,177619233.29581195,214911161.85745412,-37291928.56164217,202043301.0873449,199197240.4760896,252766813.28829715,300418997.6151565,-50723512.20095223,-101221757.13906687,2445487633.4312396,3452513521.5244,-1007025888.0931606
SWE,201808,164975824.69335103,277914848.104793,-112939023.41144198,177723658.61770147,192586714.04904258,273121191.654733,282171372.20251024,-95397533.03703153,-89584658.15346766,2423054246.9976854,3455485846.3301334,-1032431599.3324482
SWE,201809,285553348.3418691,300714294.41241944,-15160946.070550323,259840761.36047837,213202573.68850827,269566430.6115846,265151478.51820493,-9725669.251106232,-51948904.829696655,2483918648.439425,3453329846.502108,-969411198.062683
SWE,201810,272082729.91993344,265815535.2120123,6267194.707921147,264033609.03827378,233866009.6721512,260957274.64687917,267881632.30439892,3076334.391394615,-34015622.632247716,2562399337.407634,3464710785.03874,-902311447.6311063
SWE,201811,253866648.64313304,263703006.29000443,-9836357.646871388,246768842.86589763,256881071.08821657,255503120.513223,262008941.9238956,-8734277.647325367,-5127870.835679024,2610460661.086183,3442483150.123035,-832022489.0368521
SWE,201812,214473895.00925836,258708390.64173016,-44234495.6324718,188068838.66241425,232957096.85552856,252545258.98071414,256335218.04693878,-64476420.31829989,-23378121.191410214,2579479474.040414,3407562018.2299395,-828082544.1895257
SWE,201901,180254382.91122216,287693196.8492953,-107438813.93807316,194590871.6389181,209809517.72240996,286021354.00457335,264689911.16617015,-91430482.36565524,-54880393.44376019,2572273501.3154483,3442191565.887848,-869918064.5723995
SWE,201902,171719291.1182423,267092120.55053452,-95372829.43229222,196009874.6869431,192889861.6627585,272048058.7013315,270204890.5622063,-76038184.01438838,-77315028.89944783,2571433612.16601,3394402267.613922,-822968655.447912
SWE,201903,202648655.09230047,276555664.3408037,-73907009.24850321,182734999.8583581,191111915.39473978,262231817.03202438,273433743.2459764,-79496817.1736663,-82321827.85123661,2517063791.222314,3298099929.577276,-781036138.3549623
SWE,201904,225869462.60764384,268792014.9627393,-42922552.355095446,222646237.00005978,200463703.84845367,262992788.2668952,265757554.66675034,-40346551.26683542,-65293850.81829667,2548322371.8730035,3298357386.552301,-750035014.6792973
SWE,201905,190665717.50764745,257479544.03266212,-66813826.52501467,189910052.63674307,198430429.83172032,266911030.14655843,264045211.81515932,-77000977.50981537,-65614781.983439,2538210664.2175655,3253615301.616171,-715404637.3986056
SWE,201906,211766567.23327538,236354971.42111698,-24588404.187841594,204450005.96032783,205668765.19904354,243235795.9904403,257713204.801298,-38785790.030112475,-52044439.60225445,2551495756.3736887,3175734748.6755652,-624238992.3018768
SWE,201907,199606381.78920078,214399164.9509858,-14792783.161785007,220309729.5274928,204889929.37485456,248805108.74775767,252983978.2949188,-28495379.22026488,-48094048.92006424,2573482904.8670774,3175222751.769097,-601739846.9020196
SWE,201908,181940733.84519196,234407404.8048447,-52466670.95965275,203701616.93288645,209487117.47356904,241449023.28649464,244496642.67489755,-37747406.35360819,-35009525.201328516,2590447814.0189185,3131715308.4691486,-541267494.4502305
SWE,201909,192012394.3450688,253448989.80796126,-61436595.46289244,182034985.6319274,202015444.03076887,236144195.02437502,242132775.6862091,-54109209.39244762,-40117331.65544024,2496906860.0221176,3084450003.8646903,-587543143.8425726
SWE,201910,201827425.55600113,269038396.83242404,-67210971.27642292,193623660.81620356,193120087.79367247,258987268.7400574,245526829.01697567,-65363607.923853844,-52406741.2233032,2426651555.6581855,3087672865.485102,-661021309.8269167
SWE,201911,194119084.29294926,242249789.8122375,-48130705.51928824,189394782.56062254,188351143.00291786,237431467.3502451,244187643.70489252,-48036684.789622545,-55836500.70197466,2366903991.3080015,3066219649.0073357,-699315657.6993334
SWE,201912,204750564.5288282,231725318.88950348,-26974754.360675275,186865672.7596749,189961372.04550037,231573215.02051657,242663983.70360637,-44707542.26084167,-52702611.658106,2357180660.827572,3039236577.255109,-682055916.427537
SWE,202001,191056051.81674278,241834407.28388104,-50778355.46713826,202666658.23014447,192975704.51681396,233696283.97716936,234233655.44931033,-31029625.747024894,-41257950.93249637,2367982329.7330923,2993377787.6896944,-625395457.956602
SWE,202002,188729314.2966857,253355407.77202198,-64626093.47533628,208288504.5032207,199273611.83101335,254922705.88819042,240064068.29529214,-46634201.38496971,-40790456.46427879,2384992352.9115357,2979641074.911182,-594648721.9996461
SWE,202003,194949553.14311466,259353485.66635492,-64403932.52324027,181259551.21862945,197404904.6506649,241847925.1925984,243488971.68598604,-60588373.97396895,-46084067.035321146,2377293250.96235,2962438896.236733,-585145645.2743831
SWE,202004,155794217.0652632,199391417.49010006,-43597200.424836844,146499448.95668355,178682501.5595112,195782297.31840608,230850976.13306496,-49282848.36172253,-52168474.57355374,2307218005.419969,2893038298.764094,-585820293.3441246
SWE,202005,168746356.02475876,195947186.226221,-27200830.20146224,170223816.3098562,165994272.16172305,192653640.06183296,210094620.8576125,-22429823.75197676,-44100348.69588944,2285298643.9370804,2831505940.9576526,-546207297.0205722
SWE,202006,228349391.40310392,239808073.63543877,-11458682.232334852,214351854.63746506,177025039.9680016,249507310.54858282,212647749.30960727,-35155455.91111776,-35622709.34160566,2301881468.1069093,2834959043.1719747,-533077575.0650654
SWE,202007,222122585.92491928,232251888.9435461,-10129303.01862681,238153144.03111428,207576271.65947852,265360721.5532635,235840557.38789308,-27207577.522149205,-28264285.728414565,2324397672.2426276,2852811767.164535,-528414094.9219072
SWE,202008,175973147.55395213,226854860.16223547,-50881712.60828334,202792212.97897124,218432403.88251686,244010701.22293344,252959577.77492657,-41218488.2439622,-34527173.89240971,2318430085.951388,2845259222.5219254,-526829136.57053775
SWE,202009,206913299.8036414,265772078.258883,-58858778.45524159,205907324.41602203,215617560.4753692,256031997.51125073,255134473.42914924,-50124673.0952287,-39516912.953780055,2333330991.4099603,2857582310.9728475,-524251319.56288695
SWE,202010,238161443.7305,290811979.8975134,-52650536.16701338,226503084.54928994,211734207.31476107,274607691.82482046,258216796.8530015,-48104607.27553052,-46482589.53824043,2369665009.5844593,2879355894.0379367,-509690884.4534774
SWE,202011,214452133.77269405,276709997.1817797,-62257863.40908563,210892717.8342933,214434375.59986845,271764875.0848888,267468188.14031997,-60872157.25059551,-53033812.54045153,2389998059.064204,2913816101.407479,-523818042.3432748
SWE,202012,243996555.87507242,282210634.6041488,-38214078.729076385,231261297.48064256,222885699.95474195,281413873.73918945,275928813.5496329,-50152576.25854689,-53043113.59489095,2429244050.4104486,2964301417.122124,-535057366.7116759
SWE,202101,195735580.17091063,323851004.06019264,-128115423.88928202,202560226.15224284,214904747.15572622,311110908.6853818,288096552.5031533,-108550682.53313899,-73191805.3474271,2433923578.764616,3046318013.898436,-612394435.1338196
SWE,202102,198614849.0784361,271924226.94187576,-73309377.86343965,215500761.15583578,216440761.5962404,283175405.24305457,291900062.55587524,-67674644.08721879,-75459300.95963484,2443809113.5463667,3064886833.0682893,-621077719.521923
SWE,202103,313261156.8969763,341163539.61977065,-27902382.722794354,282768062.7662866,233609683.35812175,308712180.2411852,300999498.0565405,-25944117.474898577,-67389814.69841874,2562120717.300228,3146696887.0217056,-584576169.721477
SWE,202104,247423417.46387717,317126625.986197,-69703208.52231982,233289578.64754942,243852800.85655728,317383665.78323853,303090417.0891594,-84094087.13568911,-59237616.23260215,2653749917.698842,3264432095.5178022,-610682177.8189601
SWE,202105,233819204.7551392,341764546.0754964,-107945341.32035717,235431172.77347872,250496271.3957716,344380551.442446,323492132.4889565,-108949378.66896728,-72995861.09318492,2718822766.4292226,3410249455.367078,-691426688.937855
SWE,202106,235357451.52368823,326625618.5642946,-91268167.04060635,221429821.42220834,230050190.94774553,326696094.6291361,329486770.6182735,-105266273.20692775,-99436579.67052796,2725830826.549807,3497067000.2959337,-771236173.7461265
SWE,202107,198730308.66776413,316723315.2726886,-117993006.6049245,220783208.67352724,225881400.9564048,363668235.0312783,344914960.36762017,-142885026.35775107,-119033559.41121536,2702438549.292652,3581538426.625076,-879099877.3324243
SWE,202108,190821261.66409683,297304128.77117145,-106482867.10707462,219177502.2809758,220463510.79223713,319812835.89202106,336725721.8508118,-100635333.61104527,-116262211.05857465,2717286663.4027967,3651987695.234012,-934701031.8312155
SWE,202109,258282068.2579693,353756901.5414377,-95474833.2834684,253558843.16180795,231173184.70543703,343847765.24660975,342442945.3899697,-90288922.0848018,-111269760.68453267,2768655431.8571243,3739972518.5165668,-971317086.6594423
SWE,202110,242110066.21746004,355079014.4046035,-112968948.18714345,236037161.09780827,236257835.5135307,342811776.2506701,335490792.46310025,-106774615.1528618,-99232956.94956955,2772604054.3440843,3804239553.023657,-1031635498.6795723
SWE,202111,254093807.42154118,353829234.202831,-99735426.78128979,243356098.61627176,244317367.62529603,339256244.46629775,341971928.6545258,-95900145.85002598,-97654561.02922979,2812245727.9929314,3881358790.044708,-1069113062.0517765
SWE,202112,233111086.74429536,427403150.3090466,-194292063.56475127,223874154.12819448,234422471.28075817,409736450.9534485,363934823.8901388,-185862296.825254,-129512352.60938063,2801360258.8621545,4026551305.7496057,-1225191046.8874514
SWE,202201,246675654.61075836,335208880.25709856,-88533225.64634019,247578585.89202464,238269612.8788303,322446555.99917,357146417.1396387,-74867970.10714537,-118876804.26080841,2852300333.3020024,4037909181.9465117,-1185608848.6445096
SWE,202202,217664912.71795312,315446047.8620248,-97781135.14407167,232034789.07036838,234495843.03019586,344837763.32061327,359006923.4244105,-112802974.25024489,-124511080.39421466,2871350396.941519,4081431002.866661,-1210080605.9251413
SWE,202203,294071662.64668936,344462421.61587477,-50390758.96918541,251605558.48506176,243739644.48248497,296657737.019747,321314018.7798434,-45052178.534685254,-77574374.29735842,2852160902.691232,4084729884.862765,-1232568982.1715326
SWE,202204,219374178.81996736,309914540.5679966,-90540361.74802926,219211772.6085057,234284040.0546453,321156898.763749,320884133.0347031,-101945126.1552433,-86600092.98005778,2824111664.0473228,4077517799.4445643,-1253406135.397242
SWE,202205,226595284.88973683,302291945.34026486,-75696660.45052803,226362243.91021872,232393191.66792873,317796790.1581313,311870475.31387573,-91434546.24791259,-79477283.64594701,2816887744.18192,4038045198.709333,-1221157454.527413
SWE,202206,245331101.0874666,345132465.2343867,-99801364.14692008,232769128.1916979,226114381.5701408,335752588.8651351,324902092.5956717,-102983460.67343718,-98787711.0255309,2826861393.7456985,4056552045.3794255,-1229690651.6337266
SWE,202207,190018200.1373918,271728712.0381629,-81710511.90077108,223304890.32580498,227478754.14257386,329741352.328844,327763577.1173701,-106436462.00303903,-100284822.97479627,2818149285.215326,4011557442.1448994,-1193408156.9295733
SWE,202208,219616508.47168335,326068205.542621,-106451697.07093766,251700314.1726289,235924777.56337726,333891413.1773046,333128451.45709455,-82191099.00467572,-97203673.89371729,2846944532.0229125,4040321518.916349,-1193376986.8934364
SWE,202209,232364612.00271767,331892997.686545,-99528385.68382734,223547913.96750048,232851039.48864484,303502040.5095904,322378268.67191297,-79954126.54208991,-89527229.18326813,2821027075.767661,4018457615.061456,-1197430539.293795
SWE,202210,218545339.31933343,315899401.1447389,-97354061.82540548,216918678.72236726,230722302.28749892,311152482.2463718,316181978.64442223,-94233803.52400455,-85459676.35692331,2797462348.8695345,3979278001.801592,-1181815652.9320574
SWE,202211,245988677.25157768,358346371.2136297,-112357693.96205205,233780307.84398708,224748966.84461832,334764404.17292583,316472975.6429627,-100984096.32893875,-91724008.79834437,2789357218.699571,3983795138.8123903,-1194437920.1128197
SWE,202212,235931849.8240019,383909478.68099433,-147977628.85699242,237660011.82246056,229452999.4629383,351934551.81089103,332617146.07672954,-114274539.98843047,-103164146.61379123,2792177981.7792773,3940301467.184338,-1148123485.4050608
SWE,202301,225505986.33560517,364067897.5950578,-138561911.2594526,213473423.86741322,228304581.17795363,355298165.2709871,347332373.7516013,-141824741.40357387,-119027792.57364765,2771008313.504124,3969160484.5222974,-1198152171.0181732
SWE,202302,215910614.40454313,307549965.1882511,-91639350.78370795,223387307.9236231,224840247.87116566,349862914.56299126,352365210.5482898,-126475606.63936815,-127524962.67712411,2769254015.190714,3961264401.8485236,-1192010386.6578095
SWE,202303,265300581.63099873,462974770.09365976,-197674188.46266103,219837977.9953182,218899569.92878488,375841259.5137975,360334113.1159253,-156003281.51847932,-141434543.18714043,2740482934.175024,4079776750.3263087,-1339293816.151285
SWE,202304,212693225.3400576,448772198.5119189,-236078973.1718613,220402793.6102911,221209359.8430775,471855495.4733758,399186556.51672155,-251452701.8630847,-177977196.67364404,2733801980.6951137,4218634408.270231,-1484832427.575117
SWE,202305,241197958.7322067,329212646.69597024,-88014687.96376354,252117253.8488071,230786008.4848055,380156656.1085335,409284470.36523557,-128039402.2597264,-178498461.88043007,2748404654.537584,4245555109.6259365,-1497150455.0883527
SWE,202306,236265736.4673534,393299445.4414963,-157033708.9741429,223573062.93968415,232031036.79959416,369847788.9922984,407286646.8580692,-146274726.05261427,-175255610.05847502,2739339289.9174705,4293722089.833046,-1554382799.9155753
SWE,202307,187294460.27314523,501670502.6061381,-314376042.3329929,216523766.8522515,230738027.8802476,635582555.9346826,461862333.67850477,-419058789.0824311,-231124305.79825717,2736615550.053224,4523663880.401021,-1787048330.3477972
SWE,202308,201369015.6233383,494359123.899344,-292990108.27600574,231073734.62613323,223723521.47268963,549098938.7367709,518176427.8879173,-318025204.11063766,-294452906.41522765,2718368057.204879,4691954798.757744,-1973586741.5528653
SWE,202309,229144401.47479376,680673379.5302188,-451528978.05542505,211392069.81882474,219663190.43240318,574172529.8522509,586284674.8412348,-362780460.03342617,-366621484.4088316,2715147846.676955,5040735180.6014185,-2325587333.9244633
SWE,202310,225434827.7331746,393125631.18654686,-167690803.45337227,221402301.41637444,221289368.62044415,385810619.70655274,503027362.7651914,-164408318.2901783,-281737994.14474726,2722037335.0907965,5117961410.643227,-2395924075.5524297
SWE,202311,242626642.638893,456346080.5923305,-213719437.9534375,235584653.9787621,222793008.4046538,424889756.3522413,461624301.9703483,-189305102.3734792,-238831293.5656945,2718675300.4781113,5215961120.021927,-2497285819.5438156
SWE,202312,290725504.1389506,442075521.25268906,-151350017.11373848,303857596.74441063,253614850.71318242,433183411.62466824,414627929.2278207,-129325814.8802576,-161013078.51463827,2773468954.7930603,5274127162.593621,-2500658207.800561
SWE,202401,270499604.2855902,325750495.7890701,-55250891.50347996,249536598.18093032,262992949.634701,323360096.4820526,393811088.1529873,-73823498.30112231,-130818138.51828629,2818462572.7430453,5235809760.787634,-2417347188.0445886
SWE,202402,243233393.30906707,575634266.9410924,-332400873.6320253,250438488.04567066,267944227.6570039,574077843.0040935,443540450.37027144,-323639354.9584229,-175596222.71326753,2845785351.647569,5503894062.540476,-2658108710.892906
SWE,202403,220934002.74192533,521798916.2886439,-300864913.5467186,185681217.93994135,228552101.38884747,399054080.8972413,432164006.79446244,-213372862.95729995,-203611905.40561497,2801418772.758496,5562718208.735459,-2761299435.976964
SWE,202404,230039156.64709917,371357703.3990065,-141318546.75190732,239795494.97482494,225305066.98681235,384429612.6880448,452520512.19645983,-144634117.71321985,-227215445.20964748,2818764704.0655375,5485303713.622546,-2666539009.557009
SWE,202405,220725011.3327941,659146761.8108945,-438421750.4781004,242059704.49271813,222512139.13582817,840023432.2308314,541169041.9387058,-597963727.7381133,-318656902.80287766,2798291756.666125,5815237828.737472,-3016946072.0713468
SWE,202406,258483475.32825312,321422001.0496353,-62938525.72138217,243414818.1099433,241756672.52582884,294396791.7227198,506283278.88053197,-50981973.61277649,-264526606.35470313,2820509495.5270243,5743360384.34561,-2922850888.818586
SWE,202407,206005793.39105958,283829616.4086666,-77823823.01760703,230234886.64267543,238569803.081779,377614082.5990048,504011435.5175186,-147379195.95632938,-265441632.43573958,2839220828.644939,5525519498.148138,-2686298669.5031996
SWE,202408,205413128.6878284,282690885.3691573,-77277756.68132892,235824573.88938007,236491426.21399966,324913834.4795505,332308236.2670916,-89089260.59017041,-95816810.05309191,2843264941.709429,5313851259.617952,-2470586317.908523
SWE,202409,279186319.2899448,533696800.57919466,-254510481.28924984,246269543.82039618,237443001.45081726,418062684.3513862,373530200.4766471,-171793140.53099,-136087199.02582982,2893306859.52458,5166874680.666927,-2273567821.142348
SWE,202410,260912450.9936595,428608193.53616375,-167695742.54250425,252753215.73585027,244949111.14854226,419942231.0714331,387639583.30078983,-167189015.33558285,-142690472.15224758,2928784482.785065,5202357243.016544,-2273572760.2314796
SWE,202411,242359473.93787923,447525226.683857,-205165752.7459778,240464107.9623755,246495622.50620735,416194907.3385201,418066607.5871131,-175730799.37614462,-171570985.08090574,2928517314.084051,5193536389.108071,-2265019075.02402
SWE,202412,217993106.8121453,297937369.538376,-79944262.72623068,235887640.13383266,243034987.94401953,313214478.94273525,383117205.78422946,-77326838.80890259,-140082217.84020993,2855784916.7572455,5049398237.393758,-2193613320.6365123
SWE,202501,197860290.70341003,301626570.279199,-103766279.57578897,177432224.23705605,217927990.77775478,304702604.25176144,344703996.84433883,-127270380.01470539,-126776006.06658405,2783145603.1750655,5025274311.883886,-2242128708.7088213
SWE,202502,261599579.60230085,281383936.60553676,-19784357.003235906,269859205.5612915,227726356.6440601,261781175.65169278,293232752.9487297,8078029.909598738,-65506396.30466959,2801511789.4682994,4731023981.548331,-1929512192.0800319
SWE,202503,311289844.66259986,352856243.7887808,-41566399.12618095,265920869.70495337,237737433.16776702,254038549.39029127,273507443.0979151,11882320.314662099,-35770009.930148095,2891867631.3889737,4562081309.048468,-1670213677.6594944
SWE,202504,254541506.93817204,442679959.6157552,-188138452.67758316,265642855.64785016,267140976.97136506,449259005.36189,321692910.1346246,-183616149.71403986,-54551933.163259536,2916369981.6800466,4633403565.265217,-1717033583.58517
SWE,202505,223706718.34184197,331202295.85240704,-107495577.51056507,258505603.58320513,263356442.97866955,464595816.44532514,389297790.3991687,-206090212.86212,-125941347.42049918,2919351688.6890945,4305459099.306729,-1386107410.6176345
SWE,202506,286556053.63973457,536334558.1570484,-249778504.51731384,268537990.3087855,264228816.5132803,477489864.41194415,463781562.07305306,-208951874.10315865,-199552745.55977276,2947424267.000576,4520371656.414143,-1572947389.4135664
SWE,202507,271910867.4659741,361804036.61566365,-89893169.14968956,292174501.8593768,273072698.58378917,504236929.7319994,482107536.8630895,-212062427.8726226,-209034838.27930033,3013329341.0754905,4598346076.62114,-1585016735.5456488
SWE,202508,238183624.2244204,409567468.1661747,-171383843.9417543,274871605.6122117,278528032.593458,487284508.0386689,489670434.0608707,-212412902.42645717,-211142401.4674127,3046099836.612083,4725222659.418158,-1679122822.8060741
SWE,202509,336632879.63781387,467624351.3677232,-130991471.72990936,282605582.95976543,283217230.1437847,337574739.3886774,443032059.0531151,-54969156.428911984,-159814828.90933043,3103546396.9599514,4659150210.206686,-1555603813.246734
SWE,202510,293498817.171661,531050350.2518784,-237551533.08021736,279123267.5413197,278866818.7044323,516594549.4420371,447151265.6231277,-237471281.90071738,-168284446.9186954,3136132763.137953,4761592366.9224,-1625459603.784447
SWE,202511,276927516.8839908,554546611.1480429,-277619094.2640521,281725384.9274032,281151411.80949616,515968096.0017721,456712461.6108288,-234242711.0743689,-175561049.80133265,3170700806.084065,4868613751.386586,-1697912945.3025212
SWE,202512,257813641.85285076,453874215.8708419,-196060574.01799116,289595462.9326756,283481371.80046624,516282011.8241856,516281552.4226649,-226686548.89151,-232800180.62219864,3210521341.12477,5024550597.719052,-1814029256.5942817
SWE,202601,316195050.5857145,527505298.9673246,-211310248.3816101,276111405.5571743,282477417.8057511,542178539.0150509,524809548.9470028,-266067133.45787656,-242332131.14125174,3328856101.007075,5250429326.407178,-1921573225.4001029
SWE,202602,255023019.89094365,649519977.1459429,-394496957.2549993,264612766.3419213,276773211.6105904,561937317.6129415,540132622.8173926,-297324551.2710202,-263359411.2068022,3322279541.2957177,5618565366.947584,-2296285825.6518664
SWE,202603,323807955.94514817,829245306.0149026,-505437350.0697544,281008996.2503136,273911056.0498031,562831390.5621877,555649082.3967266,-281822394.3118741,-281738026.34692353,3334797652.5782657,6094954429.173706,-2760156776.5954394
SWE,202604,146552234.90397,603310219.455594,-456757984.55162394,152687284.28063253,232769682.2909558,597131337.2383177,573966681.8044822,-444444052.95768523,-341196999.51352644,3226808380.544064,6255584689.013544,-3028776308.4694805
THA,201701,981249400.4296885,1234377976.1867537,-253128575.7570653,1111391310.2658648,,1192357395.4255042,,-80966085.15963936,,,,
THA,201702,1018640728.8138361,1100969306.1096053,-82328577.29576921,1135167206.569438,,1224173557.473439,,-89006350.904001,,,,
THA,201703,1157450097.4751825,1245900841.796678,-88450744.32149553,1134342996.848752,1126967171.2280183,1242128516.6651778,1219553156.5213737,-107785519.8164258,-92585985.29335546,,,
THA,201704,977798173.1291317,1237456308.283273,-259658135.1541413,1112093509.8367949,1127201237.7516615,1227734748.5110795,1231345607.5498989,-115641238.6742847,-104144369.79823732,,,
THA,201705,1135820940.5803072,1238863736.405233,-103042795.82492566,1130002376.245498,1125479627.6436815,1260002259.0073986,1243288508.0612185,-129999882.76190066,-117808880.41753697,,,
THA,201706,1156293635.142978,1238852874.4434009,-82559239.3004229,1148167119.152092,1130087668.4114616,1269128410.1958811,1252288472.571453,-120961291.04378915,-122200804.1599915,,,
THA,201707,1399561806.4040096,1405247243.1317568,-5685436.727747202,1356576149.9239557,1211581881.7738485,1311106385.136398,1280079018.113226,45469764.7875576,-68497136.3393774,,,
THA,201708,1273114304.4978461,1437221368.2918746,-164107063.79402852,1139039687.9935029,1214594319.0231836,1332861506.818337,1304365434.0502055,-193821818.8248341,-89771115.02702188,,,
THA,201709,1278945946.4308097,1390969688.8284094,-112023742.3975997,1172966483.2434554,1222860773.7203047,1382083295.636059,1342017062.5302646,-209116812.39260364,-119156288.80995989,,,
THA,201710,1138928806.6417007,1421363779.5702422,-282434972.9285414,1143653494.0784729,1151886555.1051438,1279439261.9457374,1331461354.8000443,-135785767.8672645,-179574799.6949005,,,
THA,201711,1237702541.40221,1295872321.0744379,-58169779.67222786,1157827685.3192995,1158149220.8804092,1315549132.775224,1325690563.4523401,-157721447.4559245,-167541342.5719309,,,
THA,201712,1176602379.8343532,1214067496.168683,-37465116.33432984,1165046256.1116242,1155509145.1697989,1385789376.7446496,1326925923.8218706,-220743120.6330254,-171416778.6520717,13932108760.782053,15461162940.290348,-1529054179.5082946
THA,201801,1062148210.9403576,1436691054.747817,-374542843.8074595,1175961142.3584912,1166278361.2631383,1376639114.7783892,1359325874.7660875,-200677972.41989803,-193047513.50294924,14013007571.29272,15663476018.85141,-1650468447.5586886
THA,201802,1038240699.1699744,1241880164.4958534,-203639465.32587898,1145907102.186908,1162304833.5523412,1401610998.6746173,1388013163.3992188,-255703896.48770928,-225708329.84687757,14032607541.64886,15804386877.23766,-1771779335.5887985
THA,201803,1300670992.2969635,1398412859.8550694,-97741867.55810595,1274572237.9746175,1198813494.173339,1400243875.562254,1392831329.6717536,-125671637.58763647,-194017835.49841475,14175828436.470642,15956898895.296051,-1781070458.825409
THA,201804,1038096295.8658817,1431082085.9060023,-392985790.0401206,1154119805.3858483,1191533048.5157912,1407543510.8503036,1403132795.0290582,-253423705.46445537,-211599746.51326704,14236126559.207392,16150524672.91878,-1914398113.711388
THA,201805,1217320326.075973,1364613356.046023,-147293029.97004986,1211262009.335728,1213318017.565398,1386519005.5056531,1398102130.6394036,-175256996.1699252,-184784113.0740056,14317625944.703056,16276274292.559568,-1958648347.8565125
THA,201806,1259986974.8407748,1353639931.4691374,-93652956.62836266,1244988778.0713348,1203456864.2643034,1387985517.0912669,1394016011.1490746,-142996739.01993203,-190559146.8847711,14421319284.400856,16391061349.585308,-1969742065.184452
THA,201807,1145764212.2320535,1389171386.9898622,-243407174.7578087,1125173777.4883869,1193808188.2984831,1296006714.6171663,1356837079.0713623,-170832937.1287794,-163028890.77287912,14167521690.228897,16374985493.44341,-2207463803.214514
THA,201808,1252239907.905611,1425702263.1975343,-173462355.29192328,1151242348.562977,1173801634.7075663,1341633370.1960633,1341875200.6348321,-190391021.6330862,-168073565.92726588,14146647293.636663,16363466388.349072,-2216819094.712408
THA,201809,1165219939.106922,1288872387.961947,-123652448.85502505,1092918093.5756118,1123111406.5423253,1277602949.3602905,1305081011.3911734,-184684855.7846787,-181969604.8488481,14032921286.312775,16261369087.482609,-2228447801.1698337
THA,201810,1122156637.6564653,1528160609.0482273,-406003971.391762,1120826100.1431427,1121662180.7605772,1380349286.9388785,1333195202.1650774,-259523186.79573584,-211533021.40450025,14016149117.32754,16368165916.960594,-2352016799.6330543
THA,201811,1158759552.1479654,1386799526.1892762,-228039974.0413108,1087396225.679676,1100380139.7994769,1423827046.038613,1360593094.112594,-336430820.358937,-260212954.31311703,13937206128.073296,16459093122.075434,-2521886994.002137
THA,201812,1091145269.0696054,1187937468.5338516,-96792199.46424627,1080000713.4944155,1096074346.439078,1316182692.3106387,1373453008.4293768,-236181978.81622314,-277378661.99029875,13851749017.308548,16432963094.440601,-2581214077.1320534
THA,201901,1110312891.3910966,1520684754.1615946,-410371862.77049804,1201708449.5061796,1123035129.5600903,1447536281.1849678,1395848673.1780732,-245827831.6787882,-272813543.61798286,13899913697.759287,16516956793.85438,-2617043096.0950923
THA,201902,990909734.2238432,1114211874.6331472,-123302140.40930402,1082875305.7155313,1121528156.2387087,1274921732.485822,1346213568.660476,-192046426.7702906,-224685412.42176723,13852582732.813154,16389288503.991673,-2536705771.1785173
THA,201903,1109244934.9424684,1275888721.5094278,-166643786.56695938,1086163516.8740704,1123582424.031927,1280218249.0864265,1334225420.9190722,-194054732.2123561,-210642996.88714504,13661156675.45866,16266764365.64603,-2605607690.1873703
THA,201904,1019031652.2429789,1362086657.272768,-343055005.0297891,1109996261.7182865,1093011694.769296,1329856556.07068,1294998845.880976,-219860294.3523934,-201987151.11168003,13642092031.835756,16197768937.012796,-2555676905.177039
THA,201905,1064356881.7961489,1304133461.2835186,-239776579.48736966,1058848437.6209029,1085002738.7377532,1322863045.0989575,1310979283.418688,-264014607.47805464,-225976544.6809349,13489128587.555935,16137289042.250294,-2648160454.694359
THA,201906,1073222031.0712764,1296345842.3374333,-223123811.2661569,1054681429.8730806,1074508709.7374234,1329941960.7885609,1327553853.986066,-275260530.91548026,-253045144.24864268,13302363643.786436,16079994953.118587,-2777631309.3321533
THA,201907,1080626627.010705,1571889387.5704246,-491262760.55971956,1076207323.913398,1063245730.4691272,1468836356.345525,1373880454.0776813,-392629032.432127,-310634723.6085541,13237226058.565086,16262712953.699152,-3025486895.1340637
THA,201908,1092099986.7681434,1381663103.7074518,-289563116.9393084,1027306391.1362847,1052731714.9742545,1315243468.1880207,1371340595.1073687,-287937077.051736,-318608880.1331142,13077086137.42762,16218673794.209068,-3141587656.7814493
THA,201909,1115843252.7253718,1240642880.8556979,-124799628.13032603,1068698640.3863266,1057404118.4786698,1227344461.3143384,1337141428.6159613,-158645820.9280119,-279737310.13729155,13027709451.04607,16170444287.102818,-3142734836.0567503
THA,201910,1181140636.708476,1525527269.5547054,-344386632.8462293,1173691735.135422,1089898922.2193444,1388685356.4491265,1310424428.6504953,-214993621.3137045,-220525506.4311509,13086693450.09808,16167810947.609299,-3081117497.5112176
THA,201911,1147783672.7838666,1311582115.2957897,-163798442.51192307,1081915290.4992816,1108101888.6736767,1358448222.8799353,1324826013.5478,-276532932.3806536,-216724124.87412333,13075717570.73398,16092593536.71581,-3016875965.9818296
THA,201912,1086068470.741183,1248224680.445127,-162156209.70394397,1074883923.638185,1110163649.7576296,1339470931.533275,1362201503.6207788,-264587007.89508986,-252037853.86314917,13070640772.405558,16152880748.627085,-3082239976.2215276
THA,202001,1000309575.8159065,1438137739.993085,-437828164.1771784,1059357751.9172971,1072052322.0182546,1361467109.5329244,1353128754.6487114,-302109357.6156273,-281076432.6304568,12960637456.830368,16070333734.458576,-3109696277.6282077
THA,202002,984501605.2157887,1227288008.8483586,-242786403.6325699,1063743884.6485797,1065995186.7346872,1426374158.9339306,1375770733.3333766,-362630274.2853509,-309775546.59868944,12954229327.822315,16183409868.673788,-3229180540.8514733
THA,202003,1070865206.9191235,1400767013.1203716,-329901806.20124805,1046958538.2774398,1056686724.9477721,1409333992.8424919,1399058420.436449,-362375454.56505203,-342371695.4886769,12915849599.79897,16308288160.284733,-3392438560.4857626
THA,202004,1024445572.6457685,1515912400.0307748,-491466827.3850063,1095100657.844191,1068601026.9234034,1473901564.1844008,1436536571.986941,-378800906.3402097,-367935545.0635377,12921263520.20176,16462113903.042738,-3540850382.8409796
THA,202005,935111000.2666006,1210300782.3188038,-275189782.0522032,932261240.3029042,1024773478.8081784,1226194217.1112342,1369809924.712709,-293932976.80832994,-345036445.9045305,12792017638.672209,16368281224.078022,-3576263585.405813
THA,202006,1023931260.3380487,1281301283.1456113,-257370022.8075626,1003867531.1811671,1010409809.7760874,1316595292.6585832,1338897024.651406,-312727761.47741604,-328487214.87531865,12742726867.938982,16353236664.886202,-3610509796.9472184
THA,202007,1020702892.6046529,1614419433.4552882,-593716540.8506353,1030709919.1310755,988946230.2050489,1503932256.2530437,1348907255.3409536,-473222337.12196815,-359961025.13590467,12682803133.53293,16395766710.771065,-3712963577.2381344
THA,202008,1001861508.8268265,1403848022.7220953,-401986513.8952688,964516341.4133968,999697930.5752131,1349614096.141099,1390047215.0175753,-385097754.72770214,-390349284.4423622,12592564655.591614,16417951629.78571,-3825386974.1940947
THA,202009,1136931404.509248,1579559300.3413985,-442627895.83215046,1107856135.9997246,1034360798.8480657,1558005591.1029253,1470517314.4990227,-450149455.1032007,-436156515.650957,12613652807.375488,16756868049.27141,-4143215241.895919
THA,202010,1159076232.8637197,1796469768.6572099,-637393535.7934902,1147088557.3841388,1073153678.2657534,1657258627.0819995,1521626104.7753413,-510170069.6978607,-448472426.5095879,12591588403.530733,17027810548.373913,-4436222144.84318
THA,202011,1070873078.7371604,1427651823.358502,-356778744.62134147,1013693490.0991079,1089546061.1609905,1496008677.566568,1570424298.5838308,-482315187.46746004,-480878237.42284036,12514677809.484028,17143880256.436625,-4629202446.952599
THA,202012,1194569093.5144932,1533356717.01343,-338787623.4989369,1182284440.9689267,1114355496.1507244,1586193119.6152472,1579820141.4212716,-403908678.6463206,-465464645.27054715,12623178432.257338,17429012293.00493,-4805833860.747591
THA,202101,1164689206.7999535,1679388355.3323212,-514699148.5323677,1225530952.7631207,1140502961.2770517,1611397383.183217,1564533060.1216774,-385866430.4200964,-424030098.8446257,12787558063.241385,17670262908.344166,-4882704845.102781
THA,202102,1157458404.6442597,1368963016.390467,-211504611.74620724,1234776607.6528814,1214197333.7949762,1605717025.0692716,1601102509.2892454,-370940417.4163902,-386905175.49426913,12960514862.669855,17811937915.886272,-4851423053.216417
THA,202103,1293737919.2263143,1655846728.4090576,-362108809.1827433,1250606173.3423827,1236971244.586128,1657295928.0501583,1624803445.4342155,-406689754.7077756,-387832200.84808755,13183387574.977047,18067017631.174957,-4883630056.197913
THA,202104,1160442392.7728446,1644935451.4332154,-484493058.6603708,1231069573.121108,1238817451.372124,1589303159.0298827,1617438704.0497706,-358233585.9087746,-378621252.67764664,13319384395.104122,18196040682.5774,-4876656287.473278
THA,202105,1294230808.804515,1640635332.8372066,-346404524.0326917,1283196267.3266764,1254957337.9300556,1646868597.0174913,1631155894.6991775,-363672329.690815,-376198556.7691219,13678504203.642036,18626375233.095802,-4947871029.453766
THA,202106,1355402407.4865625,1655163419.3259563,-299761011.83939385,1300498617.1705205,1271588152.5394347,1709099103.2579951,1648423619.7684565,-408600486.0874746,-376835467.2290218,14009975350.79055,19000237369.27615,-4990262018.485598
THA,202107,1286455233.5411055,1782678160.1775455,-496222926.63644004,1316844567.1469138,1300179817.2147033,1658469055.6451156,1671478918.6402009,-341624488.49820185,-371299101.42549753,14275727691.727003,19168496095.998405,-4892768404.271402
THA,202108,1190444285.4717994,1827505842.529086,-637061557.0572867,1164463116.407694,1260602100.2417095,1752988706.1295297,1706852288.3442135,-588525589.7218356,-446250188.102504,14464310468.371975,19592153915.805397,-5127843447.43342
THA,202109,1392251760.7155979,1853253598.7849023,-461001838.06930447,1356065939.942546,1279124541.1657178,1786622541.5693166,1732693434.4479873,-430556601.62677073,-453568893.2822695,14719630824.578325,19865848214.2489,-5146217389.670574
THA,202110,1425284757.0571187,1845261926.1248374,-419977169.06771874,1416007621.0451746,1312178892.4651382,1777759404.3711116,1772456884.0233192,-361751783.32593703,-460277991.55818105,14985839348.771725,19914640371.716526,-4928801022.944803
THA,202111,1452926485.5387087,1757290800.0483356,-304364314.50962687,1392080115.4359396,1388051225.4745533,1846194330.9114304,1803525425.617286,-454114215.4754908,-415474200.1427326,15367892755.573273,20244279348.40636,-4876386592.833089
THA,202112,1455567822.075692,1879075432.013617,-423507609.9379251,1451832453.899811,1419973396.7936413,1881144012.9245393,1835032582.7356937,-429311559.0247283,-415059185.94205236,15628891484.134472,20589998063.406548,-4961106579.272078
THA,202201,1377024229.3053114,2186521264.640772,-809497035.3354604,1463868897.4781249,1435927155.604625,2117999099.1943867,1948445814.3434522,-654130201.7162619,-512518658.7388272,15841226506.63983,21097130972.715,-5255904466.07517
THA,202202,1335863156.847066,1629979881.6851645,-294116724.8380985,1424905928.094913,1446869093.1576164,1940996172.144387,1980046428.0877712,-516090244.049474,-533177334.9301548,16019631258.842636,21358147838.009697,-5338516579.167061
THA,202203,1514875686.3165586,1972588627.820523,-457712941.5039644,1458592341.8765523,1449122389.1498632,1982192703.33722,2013729324.891998,-523600361.4606676,-564606935.7421348,16240769025.932878,21674889737.42116,-5434120711.488281
THA,202204,1364400438.853557,2004039917.1412838,-639639478.2877266,1448901659.5207279,1444133309.8307312,1906496738.7235553,1943228538.0683873,-457595079.20282745,-499095228.2376561,16444727072.013592,22033994203.129227,-5589267131.115637
THA,202205,1400998810.2682498,1978262807.873056,-577263997.6048062,1360142937.4090111,1422545646.2687635,1930850245.5152705,1939846562.5253487,-570707308.1062593,-517300916.2565851,16551495073.477327,22371621678.16508,-5820126604.687752
THA,202206,1473545379.8225918,1908329177.3664682,-434783797.5438764,1371217333.1922147,1393420643.3739843,1989984720.6159694,1942443901.6182652,-618767387.4237547,-549023258.2442808,16669638045.813356,22624787436.20559,-5955149390.392235
THA,202207,1339716811.5176883,2174965569.9955897,-835248758.4779015,1384088495.5015833,1371816255.367603,2042585079.602633,1987806681.9112911,-658496584.1010497,-615990426.543688,16722899623.78994,23017074846.023636,-6294175222.233696
THA,202208,1430259612.0309172,2121326323.0465028,-691066711.0155857,1395875982.4765053,1383727270.3901012,2022581808.703429,2018383869.6406772,-626705826.2269237,-634656599.250576,16962714950.349056,23310895326.541054,-6348180376.191995
THA,202209,1435127059.3349686,1971892698.5490217,-536765639.21405315,1376737351.6813316,1385567276.55314,1857217858.4628348,1974128248.9229658,-480480506.7815032,-588560972.3698258,17005590248.96843,23429534426.30517,-6423944177.336743
THA,202210,1367487461.1615996,1978656329.8654087,-611168868.703809,1362613115.8428936,1378408816.6669102,2033746688.1155763,1971182118.4272802,-671133572.2726827,-592773301.76037,16947792953.072908,23562928830.045742,-6615135876.972834
THA,202211,1419356504.6445372,1960316829.7650034,-540960325.1204662,1390596549.9875998,1376649005.8372748,2024909797.1230748,1971958114.5671618,-634313247.1354749,-595309108.729887,16914222972.178736,23765954859.76241,-6851731887.5836735
THA,202212,1357451609.6313202,1623398279.8123186,-265946670.18099833,1362986833.485794,1372065499.7720957,1614423224.8586087,1891026570.03242,-251436391.37281466,-518961070.26032424,16816106759.734365,23510277707.561115,-6694170947.826746
THA,202301,1276856915.91733,2123260469.5841749,-846403553.6668448,1408190447.9642966,1387257943.8125634,2109865488.0687327,1916399503.3501387,-701675040.1044362,-529141559.53757524,16715939446.346384,23447016912.504517,-6731077466.158131
THA,202302,1333241757.8736827,1698085556.9167366,-364843799.04305387,1453415416.1024466,1408197565.8508456,2062560323.8852458,1928949678.9375293,-609144907.7827992,-520752113.08668375,16713318047.373001,23515122587.736088,-6801804540.363087
THA,202303,1467505739.9040232,2006778031.646285,-539272291.7422619,1425696961.8250892,1429100941.9639442,2032110850.1937335,2068178887.3825705,-606413888.3686442,-639077945.4186263,16665948100.960466,23549311991.561848,-6883363890.601384
THA,202304,1351769712.6647625,2484556536.8130264,-1132786824.148264,1444808914.7235782,1441307097.5503712,2327707420.9796815,2140792865.0195534,-882898506.2561033,-699485767.4691823,16653317374.771671,24029828611.23359,-7376511236.461922
THA,202305,1539860395.0358481,2339774124.10848,-799913729.0726318,1419354599.9496348,1429953492.1661005,2155218439.245057,2171678903.472824,-735863839.2954223,-741725411.3067236,16792178959.53927,24391339927.469017,-7599160967.929747
THA,202306,1620503763.4239974,2095589180.8466675,-475085417.4226701,1442402936.0493803,1435522150.240864,2303769800.8317327,2262231887.0188236,-861366864.7823524,-826709736.7779596,16939137343.140675,24578599930.949215,-7639462587.80854
THA,202307,1401213062.7885861,2864718293.20943,-1463505230.420844,1456895866.8118415,1439551134.2702854,2735653220.5341325,2398213820.203641,-1278757353.722291,-958662685.9333556,17000633594.411573,25268352654.163055,-8267719059.751482
THA,202308,1765002374.5073473,2330156070.408418,-565153695.9010708,1716790551.7887504,1538696451.5499907,2216358016.345239,2418593679.2370353,-499567464.55648875,-879897227.6870446,17335376356.888004,25477182401.52497,-8141806044.636969
THA,202309,1553993076.8665254,2521935261.9134445,-967942185.0469191,1467644031.5811746,1547110150.0605888,2285858176.677383,2412623137.8522515,-818214145.0962083,-865512987.7916627,17454242374.41956,26027224964.889397,-8572982590.469834
THA,202310,1462669310.4491618,2735902691.833019,-1273233381.383857,1464271513.2681172,1549568698.879347,2856870406.0703297,2453028866.3643174,-1392598892.8022125,-903460167.4849703,17549424223.707123,26784471326.857002,-9235047103.149883
THA,202311,1451411092.824914,3221375365.146554,-1769964272.32164,1434701514.5865834,1455539019.8119583,2985049072.083615,2709259218.277109,-1550347557.4970315,-1253720198.4651508,17581478811.8875,28045529862.238556,-10464051050.351057
THA,202312,1468325334.2244513,2439242317.5829434,-970916983.3584921,1442302949.690606,1447091992.5151021,2484528449.042025,2775482642.3986564,-1042225499.351419,-1328390649.8835542,17692352536.48063,28861373900.00918,-11169021363.528551
THA,202401,1419516323.3064253,3085791422.747942,-1666275099.4415166,1663762162.1770225,1513588875.4847372,3167405536.3752294,2878994352.50029,-1503643374.198207,-1365405477.0155528,17835011943.869724,29823904853.172943,-11988892909.303223
THA,202402,1313477492.7832341,3128917861.908132,-1815440369.124898,1487248781.6506677,1531104631.1727655,3894843924.787159,3182259303.4014716,-2407595143.1364913,-1651154672.2287061,17815247678.779274,31254737158.16434,-13439489479.385065
THA,202403,1508351638.5526786,4076647916.6933293,-2568296278.1406507,1478712167.3452091,1543241037.0576332,4185478285.6856375,3749242582.2826753,-2706766118.3404284,-2206001545.2250423,17856093577.427933,33324607043.211388,-15468513465.783455
THA,202404,1396654291.8923345,2657423701.421156,-1260769409.5288215,1520915750.0497155,1495625566.3485305,2510651799.554823,3530324670.009207,-989736049.5051074,-2034699103.6606762,17900978156.655502,33497474207.819515,-15596496051.164011
THA,202405,1591506700.4945474,2392786641.074698,-801279940.5801506,1389680051.6339042,1463102656.342943,2081794903.598132,2925974996.279531,-692114851.9642277,-1462872339.936588,17952624462.114204,33550486724.785732,-15597862262.67153
THA,202406,1490002444.5213385,2180186765.4803276,-690184320.9589891,1266618685.3346133,1392404829.0060775,2528206344.6055613,2373551015.9195056,-1261587659.270948,-981146186.9134281,17822123143.211544,33635084309.419395,-15812961166.20785
THA,202407,1579824687.8155048,2712655661.176334,-1132830973.360829,1651317076.984074,1435871937.984197,2625826227.4058976,2411942491.8698635,-974509150.4218235,-976070553.8856666,18000734768.238464,33483021677.3863,-15482286909.147835
THA,202408,1530951811.2826579,2316779885.5008945,-785828074.2182367,1482857555.9180841,1466931106.0789235,2194907572.5843263,2449646714.8652616,-712050016.6662421,-982715608.7863381,17766684205.013775,33469645492.47877,-15702961287.465
THA,202409,1634224465.1636734,2656950586.496952,-1022726121.3332787,1517584223.800952,1550586285.5677032,2315626812.8240457,2378786870.93809,-798042589.0230937,-828200585.3703866,17846915593.31092,33604660817.06228,-15757745223.75136
THA,202410,1555270480.3767505,3415588743.271181,-1860318262.8944306,1562740450.1109755,1521060743.2766705,3687256728.03141,2732597037.813261,-2124516277.9204347,-1211536294.5365906,17939516763.23851,34284346868.500446,-16344830105.261932
THA,202411,1514815569.253251,2443246810.298436,-928431241.0451851,1508423705.4173498,1529582793.109759,2095718892.3368573,2699534144.3974376,-587295186.9195075,-1169951351.2876785,18002921239.666847,33506218313.652325,-15503297073.985477
THA,202412,1570473897.9403722,2885530656.704717,-1315056758.764345,1509694727.6417146,1526952961.0566797,2991458533.4660554,2924811384.6114407,-1481763805.8243408,-1397858423.554761,18105069803.382767,33952506652.7741,-15847436849.39133
THA,202501,1574952578.2232873,2869060452.65288,-1294107874.4295928,1962454199.9868371,1660190877.681967,3022433285.529694,2703203570.444202,-1059979085.5428569,-1043012692.7622349,18260506058.29963,33735775682.67904,-15475269624.379406
THA,202502,1668427832.3944323,2563386476.3294168,-894958643.9349844,1961785299.941536,1811311409.1900291,3260684302.5406656,3091525373.845472,-1298899002.5991297,-1280213964.6554427,18615456397.910828,33170244297.100323,-14554787899.189495
THA,202503,3020903969.4839854,3301650406.008602,-280746436.5246167,2992814971.269267,2305684823.7325463,3433466371.2345777,3238861319.7683125,-440651399.9653106,-933176496.0357661,20128008728.842133,32395246786.415596,-12267238057.57346
THA,202504,2900814013.0109606,3990290424.1355557,-1089476411.1245952,3221991608.3143992,2725530626.5084004,3807681000.1867642,3500610557.9873357,-585689391.872365,-775079931.4789352,21632168449.960762,33728113509.129997,-12095945059.169235
THA,202505,2664006634.558688,4432444248.40686,-1768437613.8481722,2200344411.5658712,2805050330.3831787,3629410264.4205923,3623519211.9473114,-1429065852.854721,-818468881.5641327,22704668384.024902,35767771116.46216,-13063102732.437256
THA,202506,2783281427.675788,3067733845.6989694,-284452418.02318144,2258536965.376597,2560290995.0856223,3754032023.610129,3730374429.4058285,-1495495058.233532,-1170083434.3202062,23997947367.17935,36655318196.6808,-12657370829.501448
THA,202507,2728770530.6763763,3965458962.112063,-1236688431.4356866,2868840150.6520534,2442573842.531507,3890118925.4677477,3757853737.832823,-1021278774.8156943,-1315279895.3013158,25146893210.040222,37908121497.61653,-12761228287.576305
THA,202508,2497256609.347356,4260200304.4091873,-1762943695.0618315,2409006749.9892297,2512127955.339293,4012770667.6370115,3885640538.9049625,-1603763917.6477818,-1373512583.5656695,26113198008.10492,39851541916.524826,-13738343908.4199
THA,202509,2716787656.513653,4966315853.07682,-2249528196.5631676,2481268156.3045774,2586371685.64862,4148072182.689651,4016987258.598137,-1666804026.3850737,-1430615572.9495168,27195761199.454903,42160907183.10469,-14965145983.649788
THA,202510,2554007597.6891217,3820132400.407328,-1266124802.7182064,2574751450.0692854,2488342118.7876973,4256615720.1425834,4139152856.823082,-1681864270.073298,-1650810738.0353847,28194498316.767273,42565450840.24084,-14370952523.473564
THA,202511,2675789415.7257004,5569119487.500033,-2893330071.774333,2681557929.8371224,2579192512.070328,4412778044.929028,4272488649.253754,-1731220115.091905,-1693296137.183426,29355472163.239723,45691323517.44243,-16335851354.202713
THA,202512,2965376040.706323,4274380625.257573,-1309004584.55125,2782187108.517452,2679498829.4746194,4522993749.281661,4397462504.784424,-1740806640.7642093,-1717963675.3098044,30750374306.005672,47080173485.99529,-16329799179.989618
THA,202601,2121363395.4782424,4412286361.912482,-2290922966.43424,2813846145.163626,2759197061.1727333,4771770919.190887,4569180904.467193,-1957924774.0272613,-1809983843.2944593,31296785123.260624,48623399395.25489,-17326614271.994263
THA,202602,2426483021.6289644,3713286946.347868,-1286803924.7189035,2966758940.87744,2854264064.852839,4823171245.4910345,4705978637.987861,-1856412304.6135945,-1851714573.1350217,32054840312.49516,49773299865.273346,-17718459552.778183
THA,202603,3053461858.2575054,4680858696.586666,-1627396838.3291607,3055946769.620472,2945517285.2205124,4922094281.368548,4839012148.683491,-1866147511.7480764,-1893494863.4629784,32087398201.26868,51152508155.85141,-19065109954.582726
THA,202604,2771261113.495311,5141778672.500692,-2370517559.0053816,3141971262.9663057,3054892324.488073,4967642019.789441,4904302515.549675,-1825670756.8231354,-1849410191.061602,31957845301.75303,52303996404.216545,-20346151102.463512
TWN,201701,9385861434.247314,5156534948.654193,4229326485.5931215,10141208298.661411,,5143658202.924251,,4997550095.737161,,,,
TWN,201702,8980002603.016539,4833449340.670349,4146553262.3461895,10252341663.923996,,5434607761.567856,,4817733902.35614,,,,
TWN,201703,10567815963.571709,5718611723.198928,4849204240.372781,10500244913.092327,10297931625.225912,5434290284.949957,5337518749.814021,5065954628.14237,4960412875.411891,,,
TWN,201704,9265447160.916922,5499564123.456866,3765883037.4600554,10517675796.90969,10423420791.308672,5630089881.1055765,5499662642.541129,4887585915.804114,4923758148.767543,,,
TWN,201705,9424410962.639412,5321350437.847429,4103060524.7919827,10260177473.285095,10426032727.762371,5515604742.449516,5526661636.16835,4744572730.835579,4899371091.594021,,,
TWN,201706,10868911600.50006,5416597607.310833,5452313993.189226,11218166961.369837,10665340077.188208,5555546735.787429,5567080453.114174,5662620225.582408,5098259624.074034,,,
TWN,201707,10573485030.49859,5481067458.880225,5092417571.618365,10787572093.114897,10755305509.256609,5658000670.364318,5576384049.533754,5129571422.750579,5178921459.722855,,,
TWN,201708,11835695563.154293,5665893115.155742,6169802447.998551,11062753268.768625,11022830774.417786,5521808312.6527195,5578451906.268155,5540944956.115906,5444378868.149631,,,
TWN,201709,12350201876.121857,6356631193.385031,5993570682.736826,11270228421.766655,11040184594.550058,5735764075.480582,5638524352.83254,5534464346.286073,5401660241.717519,,,
TWN,201710,12412947109.136356,5577504781.286688,6835442327.8496685,11190225525.228989,11174402405.254755,5318039144.953577,5525203844.362293,5872186380.275412,5649198560.892462,,,
TWN,201711,12573381464.991035,5763862002.161807,6809519462.829228,11465943952.426771,11308799299.807472,5680251701.1960745,5578018307.210078,5785692251.230697,5730780992.597394,,,
TWN,201712,12549133913.673668,5983715710.7112875,6565418202.96238,11670025405.078415,11442064960.911392,5890253529.005434,5629514791.718362,5779771876.072981,5812550169.19303,130787294682.46776,66774782442.719376,64012512239.748375
TWN,201801,10984809538.763428,6020215631.895685,4964593906.867743,11576083899.871485,11570684419.125557,6014871881.687269,5861792370.629593,5561212018.184216,5708892048.495964,132386242786.98387,67638463125.96088,64747779661.022995
TWN,201802,8881384555.088877,5224014348.796676,3657370206.292201,10195829445.91466,11147312916.954853,5892827854.8505125,5932651088.514405,4303001591.064147,5214661828.440448,132287624739.0562,68029028134.087204,64258596604.96901
TWN,201803,13647764915.667881,6053639902.850626,7594125012.817255,13549617860.63274,11773843735.472961,5816939884.220195,5908213206.919326,7732677976.412545,5865630528.553636,135367573691.15239,68364056313.7389,67003517377.41348
TWN,201804,10808730285.886215,5739003755.759347,5069726530.126868,12027308928.601778,11924252078.383059,5947230662.593281,5885666133.887996,6080078266.008497,6038585944.495063,136910856816.12167,68603495946.041374,68307360870.08029
TWN,201805,11496601091.41807,5773161337.259583,5723439754.158486,12313472296.613577,12630133028.616034,6148158492.280479,5970776346.364652,6165313804.333097,6659356682.251382,138983046944.90033,69055306845.45352,69927740099.4468
TWN,201806,11105545669.186302,6005867755.686806,5099677913.499496,11415718530.09839,11918833251.771248,6112954220.970601,6069447791.94812,5302764309.1277895,5849385459.823128,139219681013.58658,69644576993.8295,69575104019.75706
TWN,201807,11791224789.00187,6022675979.00134,5768548810.000529,11984624612.444883,11904605146.385618,6147469051.370579,6136193921.540553,5837155561.074305,5768411224.845065,140437420772.08984,70186185513.95062,70251235258.13924
TWN,201808,12417799127.076788,6860530476.071315,5557268651.005473,11636443198.664536,11678928780.402603,6647956492.715582,6302793255.018921,4988486705.948954,5376135525.383682,141019524336.01233,71380822874.86618,69638701461.14616
TWN,201809,12966017933.99807,6373358279.405118,6592659654.592952,11924242450.376265,11848436753.828562,5780946847.424435,6192124130.503532,6143295602.95183,5656312623.325029,141635340393.88855,71397549960.88628,70237790433.00227
TWN,201810,13284850669.458801,7044518739.347735,6240331930.111066,12153677628.302559,11904787759.114454,6678447907.343185,6369117082.494401,5475229720.959373,5535670676.620053,142507243954.211,72864563918.94733,69642680035.26369
TWN,201811,12967894327.060328,6648365601.325244,6319528725.735084,12052029917.500744,12043316665.393188,6510151435.037859,6323182063.268493,5541878482.462885,5720134602.124696,142901756816.2803,73749067518.11076,69152689298.16954
TWN,201812,12804554428.294308,6511737705.52036,6292816722.773948,12135955147.266546,12113887564.356615,6280235706.070787,6489611682.817277,5855719441.195759,5624275881.539338,143157177330.90094,74277089512.91983,68880087817.98111
TWN,201901,12138318808.897552,6842143675.672762,5296175133.224791,12491466211.96046,12226483758.90925,6854465673.07457,6548284271.394405,5637000538.885891,5678199487.514845,144310686601.03506,75099017556.69691,69211669044.33815
TWN,201902,9190908810.36833,5598585238.509083,3592323571.859247,10631967367.332928,11753129575.51998,6333675152.301124,6489458843.815494,4298292215.031804,5263670731.704486,144620210856.3145,75473588446.40932,69146622409.9052
TWN,201903,12749553798.858643,7244984789.4342375,5504569009.424405,12640138533.826643,11921190704.373344,7043861403.606092,6744000742.993928,5596277130.220551,5177189961.379416,143721999739.50528,76664933332.99294,67057066406.512344
TWN,201904,11423980804.036804,6113369696.215151,5310611107.821653,12441752122.665676,11904619341.275084,6388198609.850198,6588578388.585804,6053553512.815478,5316040952.68928,144337250257.65585,77039299273.44873,67297950984.20713
TWN,201905,12734318788.680302,6076968903.445651,6657349885.234651,13432385867.822544,12838092174.771622,6641190914.163021,6691083642.539771,6791194953.659523,6147008532.231851,145574967954.9181,77343106839.6348,68231861115.283295
TWN,201906,12648122998.322147,6940573806.699063,5707549191.623084,12945698558.247236,12939945516.245153,7006748563.870107,6678712695.961108,5938949994.37713,6261232820.284045,147117545284.05392,78277812890.64706,68839732393.40689
TWN,201907,13580824607.258299,6996357689.120575,6584466918.137724,13764464696.804422,13380849707.624735,7046518284.844826,6898152587.625984,6717946411.959597,6482697119.998751,148907145102.31036,79251494600.7663,69655650501.54408
TWN,201908,14827728054.979856,7236338992.395483,7591389062.584373,13981796712.255596,13563986655.769083,6955570596.366562,7002945815.027165,7026226115.889034,6561040840.741918,151317074030.21344,79627303117.09047,71689770913.12299
TWN,201909,14577732079.69653,8385173155.2343855,6192558924.462144,13532073935.326807,13759445114.795609,7664069886.03069,7222052922.414025,5868004049.296117,6537392192.381583,152928788175.9119,81639117992.91972,71289670182.99217
TWN,201910,15232084503.42874,8312364731.99364,6919719771.4351,14164736994.164581,13892869213.915663,7849385675.013276,7489675385.80351,6315351319.151305,6403193828.112153,154876022009.88184,82906963985.56563,71969058024.31621
TWN,201911,15018046857.000908,7716446689.284063,7301600167.716845,14256208224.253248,13984339717.914879,7513532271.686027,7675662610.909997,6742675952.567222,6308677107.004882,156926174539.82242,83975045073.52446,72951129466.29796
TWN,201912,14882252586.764788,9162837951.141644,5719414635.623144,14390652560.111368,14270532592.843065,8685544565.186743,8016154170.628682,5705107994.924625,6254378422.214383,159003872698.2929,86626145319.14572,72377727379.14716
TWN,202001,13016398827.841852,7223895011.074437,5792503816.767415,13124109018.972403,13923656601.11234,7276494890.933702,7825190575.935491,5847614128.0387,6098466025.17685,159881952717.2372,87007896654.54741,72874056062.68979
TWN,202002,13420537611.915146,6985396470.882147,6435141141.032999,15169693533.534706,14228151704.20616,7937277223.168985,7966438893.096477,7232416310.365721,6261712811.109683,164111581518.784,88394707886.92047,75716873631.86353
TWN,202003,15434387370.85874,7530963580.242973,7903423790.615767,15306327687.23804,14533376746.581717,7393763691.383291,7535845268.495327,7912563995.85475,6997531478.08639,166796415090.7841,88680686677.72922,78115728413.0549
TWN,202004,14582496080.402874,7343672682.617244,7238823397.78563,15571137945.643717,15349053055.472153,7705074306.395309,7678705073.649196,7866063639.248407,7670347981.822957,169954930367.15018,89910989664.1313,80043940703.01888
TWN,202005,14867763997.17435,7030942215.935455,7836821781.238895,15506843131.01461,15461436254.63212,7885968058.483673,7661602018.754092,7620875072.530937,7799834235.878028,172088375575.64423,90864962976.62111,81223412599.02312
TWN,202006,16166445903.693455,7793349726.104334,8373096177.589121,16412933841.847866,15830304972.835398,7794563668.998645,7795202011.292542,8618370172.84922,8035102961.542855,175606698481.01553,91717738896.02638,83888959584.98915
TWN,202007,16035577808.869415,7691771077.540257,8343806731.329158,16186146486.052727,16035307819.638403,7632477916.013747,7771003214.498689,8553668570.03898,8264304605.139714,178061451682.62665,92413152284.44606,85648299398.18059
TWN,202008,18377333876.74531,8145579268.877679,10231754607.867634,17399790695.15266,16666290341.017752,7803199997.955137,7743413860.989177,9596590697.197523,8922876480.028576,181611057504.3921,93322392560.92825,88288664943.46385
TWN,202009,18869649975.98074,8851663192.73518,10017986783.24556,17655902003.10945,17080613061.438278,8127195159.72782,7854291024.565568,9528706843.38163,9226322036.872711,185902975400.6763,93788882598.42906,92114092802.24727
TWN,202010,18742064905.66699,8513209292.0217085,10228855613.645279,17653273509.876335,17569655402.712814,8068488989.102326,7999628048.928429,9584784520.77401,9570027353.784386,189412955802.91455,93989727158.45712,95423228644.45744
TWN,202011,18758577608.17114,8479033786.5525255,10279543821.618614,18131827451.375793,17813667654.78719,8242043045.225448,8145909064.685199,9889784406.150345,9667758590.10199,193153486554.0848,94752314255.72559,98401172298.35922
TWN,202012,18600558892.131893,9786363269.29778,8814195622.834114,18258358635.323093,18014486532.19174,9103362895.413668,8471298309.913815,9154995739.909426,9543188222.277924,196871792859.4519,95375839573.88173,101495953285.57019
TWN,202101,19139794807.267258,8466250939.23515,10673543868.032108,18968858984.669044,18453015023.78931,8794584484.51477,8713330141.717962,10174274500.154274,9739684882.071348,202995188838.87732,96618195502.04243,106376993336.83487
TWN,202102,15426601641.937939,7685298266.9509735,7741303374.986965,18539942753.379627,18589053457.79059,8728821250.385286,8875589543.43791,9811121502.99434,9713463914.352678,205001252868.90012,97318097298.11127,107683155570.78885
TWN,202103,19672665342.08297,9046935670.265936,10625729671.817034,18877939436.42442,18795580391.49103,8947578071.952229,8823661268.950762,9930361364.47219,9971919122.54027,209239530840.12436,98834069388.13422,110405461451.99011
TWN,202104,19272971739.004894,8717070871.198942,10555900867.805952,20018391024.14862,19145424404.65089,8764549060.554886,8813649460.964134,11253841963.593735,10331774943.686756,213930006498.72635,100207467576.71593,113722538922.01044
TWN,202105,19345503826.41524,8059501745.978272,11286002080.43697,20144795603.740574,19680375354.771206,9115285903.11424,8942471011.873787,11029509700.626333,10737904342.897419,218407746327.96725,101236027106.75874,117171719221.20851
TWN,202106,20826859265.720455,9328622987.3564,11498236278.364056,20598763221.65068,20253983283.17996,9229972137.688564,9036602367.11923,11368791083.962116,11217380916.060728,223068159689.99426,102771300368.0108,120296859321.98344
TWN,202107,20546503749.03716,10004796823.53236,10541706925.504799,20466256414.75032,20403271746.713856,9651873486.575756,9332377175.792856,10814382928.174564,11070894570.921,227579085630.162,105084326114.00291,122494759516.15909
TWN,202108,21566082530.361835,10794307489.881926,10771775040.47991,20709420376.03226,20591480004.14442,10388437356.570553,9756760993.611626,10320983019.461708,10834719010.532795,230767834283.77853,107733054335.00716,123034779948.77136
TWN,202109,23477342006.178673,10260247973.279963,13217094032.89871,22212151139.152798,21129275976.645126,9544261306.624771,9861524049.923695,12667889832.528027,11267751926.721432,235375526313.97644,109141639115.55193,126233887198.42451
TWN,202110,21163051502.794456,9992273145.620993,11170778357.173464,19958213022.856857,20959928179.347305,9700106020.971573,9877601561.388968,10258107001.885284,11082326617.958338,237796512911.1039,110620702969.15123,127175809941.9527
TWN,202111,22968130191.52463,10384422693.912146,12583707497.612486,22519333196.9632,21563232452.99095,10222755489.391848,9822374272.3294,12296577707.571352,11740858180.661552,242006065494.4574,112526091876.51083,129479973617.94656
TWN,202112,23261014773.44825,10775064427.979475,12485950345.468775,22860925133.727707,21779490451.182587,9895767031.035475,9939542847.132967,12965158102.692232,11839947604.04962,246666521375.77377,113514793035.19254,133151728340.58122
TWN,202201,23098524459.349102,9816390715.35241,13282133743.996693,22862706200.948116,22747654843.879673,10502035378.1691,10206852632.865477,12360670822.779016,12540802211.014196,250625251027.85562,114864932811.30978,135760318216.54582
TWN,202202,22228567644.271515,8967120744.758717,13261446899.512798,27361880342.036762,24361837225.57086,10185066832.571878,10194289747.25882,17176813509.464884,14167547478.312042,257427217030.18918,116146755289.11754,141280461741.07166
TWN,202203,25733044639.54208,12375362064.25758,13357682575.2845,23991292430.010864,24738626324.331913,12176877388.664116,10954659866.468367,11814415041.346748,13783966457.863546,263487596327.6483,119475181683.10918,144012414644.53912
TWN,202204,24189972663.120388,11459179292.862272,12730793370.258116,24778542973.447052,25377238581.83156,11289727516.188879,11217223912.47496,13488815457.258173,14160014669.356598,268404597251.7638,122217290104.7725,146187307146.99127
TWN,202205,23787859119.278797,11523983245.377165,12263875873.901632,24875820378.9194,24548551927.459106,12907405058.628986,12124669987.82733,11968415320.290413,12423881939.631777,272846952544.62732,125681771604.1714,147165180940.45593
TWN,202206,24277970210.97151,11846617402.972836,12431352807.998676,24068372182.481655,24574245178.282703,11568800195.832914,11921977590.216928,12499571986.64874,12652267588.065775,276298063489.87836,128199766019.78784,148098297470.09055
TWN,202207,24704739120.19579,11318979001.858189,13385760118.3376,24170757603.297913,24371650054.89966,10562492474.037533,11679565909.499811,13608265129.26038,12692084145.399847,280456298861.03705,129513948198.11366,150942350662.92337
TWN,202208,24537040341.73639,11071588407.740707,13465451933.995682,23890951861.341057,24043360549.040207,10816636671.546265,10982643113.805573,13074315189.794792,13060717435.234634,283427256672.41156,129791229115.97244,153636027556.43912
TWN,202209,23320747108.875458,11297965413.354443,12022781695.521015,22247877189.421513,23436528884.68683,10636524161.339243,10671884435.641014,11611353028.08227,12764644449.045815,283270661775.1084,130828946556.04694,152441715219.06143
TWN,202210,25552309189.93634,11410758457.64091,14141550732.295431,24117048400.530987,23418625817.09785,11320905896.079779,10924688909.655096,12796142504.451208,12493936907.442755,287659919462.25024,132247431868.06683,155412487594.1834
TWN,202211,22444231661.67478,10523462849.124725,11920768812.550056,22144801060.506016,22836575550.152836,10587437119.980661,10848289059.13323,11557363940.525354,11988286491.019606,287136020932.4004,132386472023.27942,154749548909.12097
TWN,202212,23164328509.06926,10828043489.571615,12336285019.497644,22592262702.90274,22951370721.313248,10260649509.459717,10722997508.506721,12331613193.443024,12228373212.806526,287039334668.0214,132439451084.87157,154599883583.14984
TWN,202301,19021905882.73328,8602927954.378723,10418977928.354557,19077988089.228836,21271683950.879196,9354419513.907366,10067502047.782583,9723568575.32147,11204181903.096613,282962716091.4056,131225988323.89789,151736727767.50772
TWN,202302,18509185612.930458,8691317245.082312,9817868367.848146,23038481702.04833,21569577498.05997,9777821114.570925,9797630045.979338,13260660587.477404,11771947452.080633,279243334060.0645,130950184824.22147,148293149235.84305
TWN,202303,22114355449.946194,9910794375.789787,12203561074.156406,20055324357.215748,20723931382.830967,9558086876.16001,9563442501.546103,10497237481.055738,11160488881.284864,275624644870.4686,128485617135.7537,147139027734.71497
TWN,202304,22911670390.86558,8366296191.72102,14545374199.144562,23451797076.534378,22181867711.932816,8104861120.126899,9146923036.952612,15346935956.407478,13034944674.980204,274346342598.21384,125392734034.61243,148953608563.6014
TWN,202305,22469738524.749382,8336737257.3635025,14133001267.38588,23573252634.834145,22360124689.52809,8996146475.68336,8886364823.99009,14577106159.150785,13473759865.538002,273028222003.68445,122205488046.59877,150822733957.08566
TWN,202306,19795787462.468468,9195653707.739456,10600133754.729012,19896886421.74481,22307312044.371113,8853317045.106878,8651441546.97238,11043569376.63793,13655870497.398733,268546039255.18137,119554524351.36539,148991514903.816
TWN,202307,25871315575.534695,8448610293.524521,17422705282.010174,25158434807.471054,22876191288.016666,7664573592.976993,8504679037.92241,17493861214.49406,14371512250.094257,269712615710.5203,116684155643.03172,153028460067.48856
TWN,202308,23821838573.24739,8394884976.65423,15426953596.59316,23131908669.532974,22729076632.91628,8382810710.236222,8300233782.773366,14749097959.296753,14428842850.142914,268997413942.03128,114007452211.94525,154989961730.08606
TWN,202309,26004424084.50227,9610849095.654879,16393574988.847391,25410336358.605656,24566893278.53656,9264967576.107285,8437450626.440167,16145368782.498371,16129442652.096394,271681090917.65808,112320335894.24568,159360755023.4124
TWN,202310,26776606872.003418,8835542484.378586,17941064387.624832,25179642305.57644,24573962444.57169,8785722036.004744,8811166774.116083,16393920269.571695,15762795670.455606,272905388599.72516,109745119920.98335,163160268678.74182
TWN,202311,26336895351.666626,8565770982.753774,17771124368.912853,25764076052.60756,25451351572.263218,8813249074.523611,8954646228.878548,16950826978.083948,16496705343.38467,276798052289.71704,107787428054.61241,169010624235.1046
TWN,202312,27698676924.380257,9367026369.785109,18331650554.595146,27119087452.104004,26020935270.096004,9108911541.612873,8902627550.713743,18010175910.49113,17118307719.382261,281332400705.028,106326410934.8259,175005989770.20212
TWN,202401,25557689928.840855,8585766548.674399,16971923380.166454,25260354988.75045,26047839497.820667,9105353078.79141,9009171231.642633,16155001909.95904,17038668266.178034,287868184751.1356,106309249529.12157,181558935222.014
TWN,202402,22122860371.27649,6649281270.930101,15473579100.346388,27928592332.507175,26769344924.453876,7963350255.144247,8725871625.182844,19965242077.36293,18043473299.271034,291481859509.4816,104267213554.96938,187214645954.51227
TWN,202403,29793434088.55205,9438486772.48876,20354947316.063293,25900094793.078175,26363014038.111935,8787242740.778599,8618648691.57142,17112852052.299576,17744365346.540512,299160938148.0875,103794905951.66833,195366032196.41916
TWN,202404,26105035683.35248,10413733362.057762,15691302321.29472,26897171020.786278,26908619382.123875,9979989037.948666,8910194011.290504,16917181982.837612,17998425370.83337,302354303440.5744,105842343122.0051,196511960318.5693
TWN,202405,24759122248.944084,9861924948.338661,14897197300.605423,26081603990.261505,26292956601.37532,10225830956.637539,9664354245.121603,15855773033.623966,16628602356.253717,304643687164.76904,107367530812.98024,197276156351.78885
TWN,202406,26814497322.167,11697707276.435581,15116790045.731419,27322651307.575256,26767142106.207684,11143363084.95786,10449727693.181356,16179288222.617395,16317414413.026327,311662397024.46765,109869584381.67636,201792812642.79126
TWN,202407,28437297827.18433,12436542620.8514,16000755206.33293,27519351236.529457,26974535511.455402,10950775323.68073,10773323121.758713,16568575912.848726,16201212389.69669,314228379276.11725,113857516709.00325,200370862567.114
TWN,202408,30540003170.98875,11015488602.914299,19524514568.07445,29695606097.927208,28179202880.677307,11249250459.832394,11114462956.156996,18446355638.094814,17064739924.520311,320946543873.8586,116478120335.2633,204468423538.5953
TWN,202409,30571422077.980137,12356678963.404354,18214743114.575783,30722906232.140934,29312621188.865864,12256826252.860958,11485617345.458029,18466079979.279976,17827003843.407837,325513541867.3365,119223950203.01279,206289591664.3237
TWN,202410,31450557781.66565,11977886319.158232,19472671462.507416,29435892047.38301,29951468125.81705,11926459199.720121,11810845304.137825,17509432847.662888,18140622821.679226,330187492776.9987,122366294037.79243,207821198739.20627
TWN,202411,30264760909.56583,12179846884.218752,18084914025.347076,29211113394.99395,29789970558.172626,12844241677.02172,12342509043.200935,16366871717.972229,17447461514.97169,334115358334.89795,125980369939.25742,208134988395.6405
TWN,202412,31901329940.015038,14021911175.482182,17879418764.532856,31295533008.353195,29980846150.24339,14071984408.4751,12947561761.738981,17223548599.878098,17033284388.504408,338318011350.5327,130635254744.95448,207682756605.57822
TWN,202501,24137526552.00844,13037594487.24746,11099932064.760979,23663973739.22767,28056873380.858273,13409810010.1238,13442012031.87354,10254163729.103868,14614861348.984732,336897847973.70026,135087082683.52756,201810765290.17273
TWN,202502,26149281326.696754,13680821738.898727,12468459587.798027,33634442785.88794,29531316511.15627,16987780143.474834,14823191520.691246,16646662642.413105,14708124990.465023,340924268929.12054,142118623151.49615,198805645777.62436
TWN,202503,31639292272.350285,16839689658.854532,14799602613.495752,26502853621.53306,27933756715.549557,15149062349.982605,15182217501.193748,11353791271.550453,12751539214.355808,342770127112.91876,149519826037.86194,193250301075.05682
TWN,202504,32967316443.411594,20215299808.274128,12752016635.137466,34024874636.69484,31387390348.038616,19258477417.01046,17131773303.489302,14766397219.68438,14255617044.549314,349632407872.97784,159321392484.0783,190311015388.89957
TWN,202505,35100567443.455345,16995271053.972622,18105296389.482723,37143694662.91273,32557140973.713543,16891890626.023724,17099810131.0056,20251804036.889004,15457330842.707943,359973853067.4892,166454738589.71228,193519114477.77686
TWN,202506,36328774800.648674,17744998840.509983,18583775960.13869,37560679704.986275,36243083001.53128,16762026677.493534,17637464906.842575,20798653027.49274,18605618094.688705,369488130545.9708,172502030153.78668,196986100392.18414
TWN,202507,39788000960.91969,20836342769.78556,18951658191.134132,38406022206.96866,37703465524.95588,17855253777.14525,17169723693.554169,20550768429.82341,20533741831.40171,380838833679.7062,180901830302.72083,199937003376.98535
TWN,202508,40425624080.82678,18144381218.964336,22281242861.862446,39274617941.986755,38413773284.647224,18969001380.305458,17862093944.981415,20305616561.681297,20551679339.66581,390724454589.54425,188030722918.77084,202693731670.77335
TWN,202509,38040921067.94966,18082207344.36754,19958713723.582123,39291586804.62375,38990742317.85972,18528150491.25481,18450801882.90184,20763436313.36894,20539940434.95788,398193953579.51373,193756251299.73407,204437702279.7797
TWN,202510,45561807638.38154,20740708663.05082,24821098975.33072,42462441653.848,40342882133.48617,20701674723.51022,19399608865.0235,21760766930.33778,20943273268.46267,412305203436.2296,202519073643.62665,209786129792.603
TWN,202511,46849237046.28988,19488116241.170784,27361120805.119095,44522070793.000656,42092033083.824135,21088312332.480755,20106045849.08193,23433758460.5199,21985987234.742207,428889679572.95374,209827343000.57867,219062336572.375
TWN,202512,45102341162.346535,20382466994.591797,24719874167.754738,44362675588.03342,43782396011.62736,21131653330.47223,20973880128.82107,23231022257.561188,22808515882.806286,442090690795.28516,216187898819.68826,225902791975.59686
TWN,202601,47930148573.02485,24232768527.5714,23697380045.45345,46525123185.27271,45136623188.76893,24064046965.480095,22094670876.14436,22461076219.792618,23041952312.62457,465883312816.3016,227383072860.01224,238500239956.28937
TWN,202602,35242376435.727715,18095977895.37861,17146398540.349106,46333945115.92328,45740581296.4098,23354054882.546635,22849918392.83299,22979890233.376644,22890662903.57681,474976407925.3325,231798229016.4921,243178178908.84045
TWN,202603,61301320861.27718,28338814480.858395,32962506380.41879,49413347164.95985,47424138488.718605,24597116037.74938,24005072628.59204,24816231127.21047,23419065860.126564,504638436514.25946,243297353838.49597,261341082675.7635
TWN,202604,50084806533.189674,27116773565.881824,22968032967.30785,51704832849.637184,49150708376.84011,25698248105.90016,24549806342.065388,26006584743.737022,24600902034.774723,521755926604.03754,250198827596.10367,271557099007.93387
USA,201701,7678797235.640492,6681632405.150431,997164830.4900618,8013654299.597747,,6639745801.658706,,1373908497.9390411,,,,
USA,201702,7299604751.415294,6128947318.089936,1170657433.3253574,8113067306.712363,,6753171996.216455,,1359895310.4959078,,,,
USA,201703,8929136442.27574,7069671104.428803,1859465337.8469362,8193684919.662776,8106802175.324295,6981142256.554394,6791353351.476518,1212542663.1083822,1315448823.8477774,,,
USA,201704,8173511011.5358,6836777822.241187,1336733189.294613,8211118866.166675,8172623697.513938,7020553513.104411,6918289255.291753,1190565353.0622635,1254334442.2221851,,,
USA,201705,8330009614.625892,7342575599.901572,987434014.7243195,8345279292.490485,8250027692.773312,7028765477.64305,7010153749.100619,1316513814.847435,1239873943.6726923,,,
USA,201706,8877320413.476746,7565878362.429945,1311442051.0468006,8540121526.761612,8365506561.806256,7403114025.602651,7150811005.450038,1137007501.1589613,1214695556.3562183,,,
USA,201707,8230256985.3879385,7566412793.386325,663844192.0016136,8520369011.933337,8468589943.7284775,7594570999.431925,7342150167.559209,925798012.5014124,1126439776.1692686,,,
USA,201708,8513767045.802277,7817607473.296519,696159572.5057573,8703033209.094063,8587841249.263003,7518382752.426752,7505355925.820442,1184650456.6673107,1082485323.4425611,,,
USA,201709,8524259593.502169,7815686335.264494,708573258.2376747,8671890356.794874,8631764192.607424,7617179584.140019,7576711111.999565,1054710772.6548548,1055053080.6078587,,,
USA,201710,8946800293.479855,7615256744.403516,1331543549.0763388,8644939393.564947,8673287653.151297,7636228743.678975,7590597026.748582,1008710649.885972,1082690626.4027147,,,
USA,201711,8671797038.343645,7790117709.78559,881679328.5580549,8782842857.757404,8699890869.372408,7840977183.811152,7698128503.876716,941865673.9462519,1001762365.4956923,,,
USA,201712,9611216453.704227,8298808198.938235,1312408254.7659922,9019025250.130993,8815602500.48445,8061911268.57535,7846372398.688493,957113981.5556431,969230101.7959566,101786476879.19008,88529371867.31656,13257105011.87352
USA,201801,8782528931.106411,8131051431.110917,651477499.9954939,9027691701.131351,8943186603.006582,8266023714.769977,8056304055.718826,761667986.3613749,886882547.287756,102890208574.65599,89978790893.27704,12911417681.378952
USA,201802,8051702506.042935,7491928579.982642,559773926.0602932,8973601926.006994,9006772959.08978,8286585720.991187,8204840234.778838,687016205.0158072,801932724.3109426,103642306329.28363,91341772155.16974,12300534174.113888
USA,201803,9817450551.91301,8469789126.115623,1347661425.7973862,9102706417.473427,9034666681.537256,8453531686.724211,8335380374.161792,649174730.7492161,699286307.3754644,104530620438.9209,92741890176.85657,11788730262.064339
USA,201804,9293923602.794008,8409849972.670387,884073630.123621,9265853757.707506,9114054033.72931,8662695180.226315,8467604195.980571,603158577.4811916,646449837.7487383,105651033030.17911,94314962327.28577,11336070702.893345
USA,201805,9154927336.400383,9007460465.4925,147466870.9078827,9093047498.785044,9153869224.655325,8767655630.780212,8627960832.576912,325391868.0048313,525908392.078413,106475950751.95361,95979847192.8767,10496103559.076908
USA,201806,9274109876.02855,8694902784.707548,579207091.321001,9053673526.058895,9137524927.517149,8572005931.897476,8667452247.634668,481667594.1614189,470072679.8824806,106872740214.50542,97108871615.1543,9763868599.351109
USA,201807,8978831534.07836,8231166329.377669,747665204.7006903,9016891423.240885,9054537482.69494,8189879872.596569,8509847145.091419,827011550.6443157,544690337.6035213,107621314763.19583,97773625151.14565,9847689612.050186
USA,201808,8701883095.463175,9267168763.383041,-565285667.9198666,8847740069.019218,8972768339.439667,8992492000.65809,8584792601.71738,-144751931.63887215,387975737.7222872,107809430812.85674,99223186441.23218,8586244371.624563
USA,201809,8800429589.11492,9719853275.887419,-919423686.7724991,9034000324.207216,8966210605.489107,9442431793.102005,8874934555.452223,-408431468.89478874,91276050.03688431,108085600808.46947,101127353381.85509,6958247426.614388
USA,201810,9548250091.572313,9146069284.176027,402180807.396286,9178110284.23766,9019950225.821363,8972878225.439129,9135934006.399742,205232058.79853058,-115983780.57837868,108687050606.56194,102658165921.6276,6028884684.934336
USA,201811,8708827713.625496,9198376120.082085,-489548406.45658875,9009908015.759867,9074006208.068247,9141574908.133286,9185628308.891474,-131666892.37341881,-111622100.82322693,108724081281.8438,104066424331.9241,4657656949.919692
USA,201812,9205790996.620878,9321029812.57874,-115238815.95786095,8750604176.011719,8979540825.336416,8826768678.55341,8980407270.708609,-76164502.54169083,-866445.3721923828,108318655824.76044,105088645945.56459,3230009879.195839
USA,201901,8762283806.203066,8832859785.721281,-70575979.51821518,8885195761.193134,8881902650.988241,9185638409.85659,9051327332.181093,-300442648.66345596,-169424681.19285202,108298410699.8571,105790454300.17496,2507956399.68213
USA,201902,7941165831.030265,8401735761.443825,-460569930.4135599,8894080650.363148,8843293529.189333,9345722554.330902,9119376547.5803,-451641903.96775436,-276083018.3909664,108187874024.84442,106700261481.63615,1487612543.2082767
USA,201903,9473243675.650244,8740158614.35291,733085061.2973347,8866034845.934204,8881770419.163496,8802610695.080557,9111323886.422684,63424150.85364723,-229553467.2591877,107843667148.58167,106970630969.87343,873036178.7082253
USA,201904,8881880593.19472,8599193047.154612,282687546.0401077,8784170005.980133,8848095167.425827,8870673461.06246,9006335570.157974,-86503455.08232689,-158240402.73214722,107431624138.98238,107159974044.35767,271650094.624712
USA,201905,8927415967.300728,9303624301.976545,-376208334.6758175,8796186398.339014,8815463750.084452,9218578712.173983,8963954289.439001,-422392313.83496857,-148490539.3545494,107204112769.8827,107456137880.84169,-252025110.9589882
USA,201906,8641581320.670227,8866523420.235481,-224942099.5652542,8537948189.161802,8706101531.160316,8793197089.736208,8960816420.990883,-255248900.57440567,-254714889.8305664,106571584214.52438,107627758516.36963,-1056174301.8452435
USA,201907,8387554236.77826,8982948957.20014,-595394720.4218798,8179683574.718853,8504606054.073222,8873890252.970995,8961888684.960394,-694206678.252142,-457282630.88717175,105980306917.22429,108379541144.1921,-2399234226.9678135
USA,201908,8793717549.894901,8917264560.25202,-123547010.3571186,8888490183.924757,8535373982.601804,8712744658.598343,8793277333.768515,175745525.3264141,-257903351.16671085,106072141371.65602,108029636941.06108,-1957495569.4050655
USA,201909,8553320879.604999,8785097638.185095,-231776758.58009624,8850570397.773378,8639581385.47233,8491990393.600511,8692875101.723282,358580004.1728678,-53293716.25095177,105825032662.1461,107094881303.35876,-1269848641.2126627
USA,201910,9316751068.59597,9498946304.278587,-182195235.6826172,8896777972.781458,8878612851.493196,9141518669.442106,8782084573.88032,-244740696.66064835,96528277.61287689,105593533639.16977,107447758323.46133,-1854224684.291566
USA,201911,8479376285.565223,8905449174.201088,-426072888.6358652,8950699514.895067,8899349295.149967,8730796556.555223,8788101873.19928,219902958.33984375,111247421.95068741,105364082211.10948,107154831377.58032,-1790749166.4708424
USA,201912,9303271998.800804,9663563545.43921,-360291546.63840675,8953189540.02017,8933555675.898897,8934447305.455322,8935587510.484217,18742234.564847946,-2031834.585319519,105461563213.2894,107497365110.4408,-2035801897.1513882
USA,202001,9009639580.818218,8065918223.795244,943721357.022974,9046462122.113174,8983450392.342804,8575686255.511293,8746976705.840612,470775866.601881,236473686.50219154,105708918987.90456,106730423548.51476,-1021504560.610199
USA,202002,8517257727.406993,7867292960.8311615,649964766.5758314,9603131681.123135,9200927781.085493,8813157164.333002,8774430241.766539,789974516.7901325,426497539.31895447,106285010884.2813,106195980747.90208,89030136.37919235
USA,202003,9272371648.572626,8585997515.298302,686374133.2743244,8752348869.689295,9133980890.9752,8710773023.587175,8699872147.81049,41575846.102119446,434108743.164711,106084138857.20367,106041819648.84749,42319208.3561821
USA,202004,8680344110.897257,7902848839.8965845,777495271.0006723,8535259149.414864,8963579900.075766,8171527509.101348,8565152565.673842,363731640.31351566,398427334.4019232,105882602374.9062,105345475441.58945,537126933.3167467
USA,202005,7908139679.729347,8290087391.412173,-381947711.68282604,7740469169.919353,8342692396.34117,8394365685.223951,8425555405.970825,-653896515.3045988,-82863009.62965488,104863326087.33484,104331938531.02509,531387556.30973816
USA,202006,9218855831.045866,10188173955.961517,-969318124.9156513,9190392720.982979,8488707013.439065,10134699393.045668,8900197529.123655,-944306672.0626888,-411490515.68459034,105440600597.71048,105653589066.75113,-212988469.04065895
USA,202007,10060232626.978582,9886198755.49373,174033871.48485184,9528390218.584206,8819750703.16218,9675042066.50502,9401369048.258211,-146651847.9208145,-581618345.0960312,107113278987.9108,106556838865.04472,556440122.8660727
USA,202008,8433965454.991946,9117489001.462843,-683523546.4708967,8451309537.2346735,9056697492.267286,8969033063.362354,9592924840.971014,-517723526.1276808,-536227348.7037277,106753526893.00783,106757063306.25552,-3536413.2477054596
USA,202009,8975845922.672262,9504529822.99553,-528683900.323267,9335770609.742004,9105156788.520294,9159983563.954567,9268019564.607313,175787045.78743744,-162862776.08701897,107176051936.0751,107476495491.06598,-300443554.9908762
USA,202010,9704670439.573832,9871959469.58148,-167289030.00764847,9200982518.88845,8996020888.62171,9366007663.030075,9165008096.782331,-165025144.14162445,-168987208.16062164,107563971307.05295,107849508656.36885,-285537349.3159075
USA,202011,8778855147.2647,9551262047.234491,-772406899.9697914,9433174913.490253,9323309347.37357,9252761391.246447,9259584206.077028,180413522.24380684,63725141.296541214,107863450168.75244,108495321529.40227,-631871360.6498337
USA,202012,10206903805.791092,10567503357.343542,-360599551.5524502,9916278036.4829,9516811822.953867,9546987718.892454,9388585591.056326,369290317.5904465,128226231.89754105,108767081975.7427,109399261341.3066,-632179365.5638771
USA,202101,10536270693.926725,8396247171.647046,2140023522.2796793,10659253141.998482,10002902030.657211,9023211428.88944,9274320179.676113,1636041713.1090412,728581850.9810982,110293713088.85123,109729590289.1584,564122799.6928282
USA,202102,8690455040.50629,8329036518.98814,361418521.5181503,9904423167.967207,10159984782.14953,9447715937.265686,9339305028.349192,456707230.7015209,820679753.8003387,110466910401.95053,110191333847.31538,275576554.6351471
USA,202103,11136324037.616606,10050247259.673397,1086076777.9432087,10592269348.443596,10385315219.469763,10121409705.4278,9530779023.860975,470859643.01579666,854536195.6087875,112330862790.9945,111655583591.69048,675279199.3040314
USA,202104,11144205329.323782,9826918195.389835,1317287133.9339466,10919869864.061014,10472187460.157272,10074590508.645962,9881238717.113148,845279355.4150524,590948743.0441246,114794724009.42104,113579652947.18373,1215071062.2373056
USA,202105,11147245723.69826,10093870544.521683,1053375179.1765766,10878432603.58156,10796857272.028723,10552410662.74959,10249470292.27445,326021940.8319702,547386979.7542725,118033830053.38994,115383436100.29323,2650393953.0967083
USA,202106,11525078625.857315,10711485495.520607,813593130.3367081,11509784066.843552,11102695511.495375,10773692324.025043,10466897831.806864,736091742.8185081,635797679.6885109,120340052848.2014,115906747639.85233,4433305208.349068
USA,202107,11915499996.738302,10836872393.936132,1078627602.8021698,11024915834.9924,11137710835.13917,10548326189.232689,10624809725.335775,476589645.7597103,512901109.8033943,122195320217.9611,116857421278.29472,5337898939.666386
USA,202108,11027169272.318071,11070647126.97345,-43477854.65537834,10861204355.51644,11131968085.78413,10702656359.744123,10674891624.333952,158547995.77231598,457076461.45017815,124788524035.28723,118810579403.80533,5977944631.481904
USA,202109,10940489073.872963,12043638764.337248,-1103149690.464285,11368753321.679556,11084957837.396132,11734771275.000818,10995251274.65921,-366017953.32126236,89706562.73692131,126753167186.48793,121349688345.14706,5403478841.340886
USA,202110,12081096323.652931,11893423666.078108,187672657.57482338,11310203493.208517,11180053723.46817,11381248128.457424,11272891921.067453,-71044635.24890709,-92838197.59928322,129129593070.56705,123371152541.64369,5758440528.923358
USA,202111,10581457713.520098,12299992324.05445,-1718534610.5343513,11488138066.860098,11389031627.24939,11732868190.00421,11616295864.487482,-244730123.14411163,-227264237.23809242,130932195636.82243,126119882818.46364,4812312818.358798
USA,202112,11590712091.077406,13568461358.25322,-1977749267.1758137,11275839256.28748,11358060272.118698,12138583413.869144,11750899910.776926,-862744157.581665,-392839638.6582279,132316003922.10873,129120840819.37332,3195163102.7354345
USA,202201,10978466618.756592,11501562014.776531,-523095396.0199394,11236260452.724813,11333412591.957464,12366027762.200506,12079159788.691286,-1129767309.4756927,-745747196.7338219,132758199846.93863,132226155662.5028,532044184.4358158
USA,202202,10173646294.854204,11384483283.53235,-1210836988.6781464,11814564036.23488,11442221248.415724,13059399894.760328,12521337023.609991,-1244835858.5254478,-1079115775.1942673,134241391101.28653,135281602427.04701,-1040211325.7604809
USA,202203,12260576946.493902,14374498675.639273,-2113921729.1453705,11827070399.52066,11625964962.826784,14295864101.661022,13240430586.207285,-2468793702.140362,-1614465623.3805008,135365644010.16382,139605853843.01288,-4240209832.84906
USA,202204,11495758036.166378,12554727746.614527,-1058969710.4481487,11233533010.819117,11625055815.524887,12618663791.762148,13324642596.061165,-1385130780.9430313,-1699586780.5362778,135717196717.00642,142333663394.23758,-6616466677.231155
USA,202205,11415709583.990864,13756688615.739761,-2340979031.7488976,11157683430.601406,11406095613.647062,14577263065.247713,13830596986.223627,-3419579634.646307,-2424501372.576565,135985660577.29903,145996481465.45566,-10010820888.15663
USA,202206,11287100904.258533,15584672856.436998,-4297571952.178465,11307385011.682608,11232867151.034378,15923008030.150337,14372978295.720068,-4615623018.46773,-3140111144.68569,135747682855.70024,150869668826.37207,-15121985970.671803
USA,202207,12093212852.822462,13266557513.025824,-1173344660.2033615,11084181294.706825,11183083245.663612,13188661059.953339,14562977385.117128,-2104479765.2465134,-3379894139.453516,135925395711.78441,153299353945.46176,-17373958233.677334
USA,202208,11572711983.450928,13658410165.681925,-2085698182.230997,10997833905.708338,11129800070.699257,12817844952.887672,13976504680.997116,-1820011047.1793346,-2846704610.297859,136470938422.91727,155887116984.17023,-19416178561.252953
USA,202209,11739321081.812897,15031042486.951372,-3291721405.1384754,12143259776.623833,11408424992.34633,14897290604.366493,13634598872.402502,-2754030827.7426605,-2226173880.0561714,137269770430.8572,158874520706.78436,-21604750275.927143
USA,202210,12216896360.145018,14220424335.47692,-2003527975.3319016,11299347183.565836,11480146955.299334,13819374753.264858,13844836770.17301,-2520027569.6990223,-2364689814.8736763,137405570467.34927,161201521376.18314,-23795950908.83387
USA,202211,11014050815.534046,13619018557.270025,-2604967741.735979,11978474676.089037,11807027212.092901,12790888412.502195,13835851256.711182,-812413736.4131584,-2028824044.6182804,137838163569.36322,162520547609.3987,-24682384040.035492
USA,202212,10976762874.107077,13782642748.559315,-2805879874.452238,10766010065.476282,11347943975.043718,12282690347.07317,12964317837.613409,-1516680281.5968876,-1616373862.5696907,137224214352.39291,162734728999.70483,-25510514647.31192
USA,202301,9916653298.360205,10262933523.693235,-346280225.3330307,10198196407.070322,10980893716.211882,10937553592.888597,12003710784.154654,-739357185.8182755,-1022817067.9427719,136162401031.99652,161496100508.62152,-25333699476.62501
USA,202302,8574503110.671092,10445959598.57225,-1871456487.9011583,9921458082.355885,10295221518.300829,11995902330.053701,11738715423.338488,-2074444247.6978168,-1443493905.0376587,134563257847.8134,160557576823.66144,-25994318975.848022
USA,202303,10239495380.308844,12550132017.599756,-2310636637.2909126,9920486392.593002,10013380294.006403,12337279704.07289,11756911875.671728,-2416793311.479887,-1743531581.6653252,132542176281.62834,158733210165.6219,-26191033883.993565
USA,202304,9385782150.726095,10800212213.957876,-1414430063.231781,9130467116.484354,9657470530.477747,10749778574.72268,11694320202.949759,-1619311458.238325,-2036849672.4720116,130432200396.18805,156978694632.96527,-26546494236.7772
USA,202305,9352085329.39801,11258162838.464796,-1906077509.0667858,9160530859.566883,9403828122.881414,11894137719.987997,11660398666.261187,-2733606860.421114,-2256570543.379772,128368576141.5952,154480168855.69028,-26111592714.095085
USA,202306,10069223954.093248,11856740258.016872,-1787516303.923624,10082751260.035038,9457916412.028757,12265845985.168793,11636587426.626488,-2183094725.1337547,-2178671014.5977306,127150699191.42993,150752236257.27017,-23601537065.840244
USA,202307,9547176373.69342,11999444075.052608,-2452267701.359188,8977078123.14149,9406786747.581139,12043425664.697824,12067803123.284872,-3066347541.5563335,-2661016375.7037334,124604662712.30087,149485122819.29694,-24880460106.99607
USA,202308,9674312617.225637,11524685217.845034,-1850372600.6193962,9236426932.086836,9432085438.421122,11069385468.370049,11792885706.078888,-1832958536.2832127,-2360800267.6577663,122706263346.07559,147351397871.46005,-24645134525.38447
USA,202309,10010334646.113491,12572723272.663357,-2562388626.5498657,10604970412.571814,9606158489.266714,12960083974.593761,12024298369.220545,-2355113562.021948,-2418139879.9538307,120977276910.37619,144893078657.17206,-23915801746.79586
USA,202310,10664571718.316433,13346757674.904049,-2682185956.587616,9695251581.289272,9845549641.982641,12693935714.190762,12241135052.384857,-2998684132.9014893,-2395585410.402216,119424952268.54759,144019411996.59918,-24594459728.051575
USA,202311,9515909448.813967,14333208997.424166,-4817299548.610199,10514160414.296846,10271460802.71931,13471131410.78342,13041717033.189316,-2956970996.486574,-2770256230.470005,117926810901.82751,144733602436.75333,-26806791534.925797
USA,202312,10767090349.574387,15611989332.59961,-4844898983.025223,10841395409.28575,10350269134.95729,14042491436.134384,13402519520.369522,-3201096026.8486347,-3052250385.4122314,117717138377.29483,146562949020.7936,-28845810643.49878
USA,202401,10297142202.408339,13366267618.081825,-3069125415.6734867,10216567736.86323,10524041186.815275,14228757979.665209,13914126942.194338,-4012190242.801979,-3390085755.3790627,118097627281.34296,149666283115.1822,-31568655833.839237
USA,202402,9170611184.528759,13061805581.079239,-3891194396.55048,10419862958.991547,10492608701.713509,15201170334.621895,14490806583.47383,-4781307375.630348,-3998197881.7603207,118693735355.20062,152282129097.68918,-33588393742.48856
USA,202403,10821538821.107405,15774222640.432951,-4952683819.325546,10405919862.41108,10347450186.088617,14442907980.781725,14624278765.022942,-4036988118.3706455,-4276828578.9343243,119275778795.99919,155506219720.5224,-36230440924.52319
USA,202404,11016777136.663862,15972252321.367584,-4955475184.703722,10529417542.017576,10451733454.473402,15086291663.319618,14910123326.24108,-4556874121.302042,-4458389871.767677,120906773781.93697,160678259827.9321,-39771486045.99513
USA,202405,11245706379.845707,15715803662.656296,-4470097282.810589,11073635779.76905,10669657728.065903,16666910296.369804,15398703313.490381,-5593274516.600754,-4729045585.424479,122800394832.38466,165135900652.1236,-42335505819.73894
USA,202406,12634363635.039219,16064865048.006483,-3430501412.967264,12703744867.740616,11435599396.50908,16803151811.92196,16185451257.203794,-4099406944.181345,-4749851860.694714,125365534513.33063,169344025442.11322,-43978490928.78258
USA,202407,13873378905.141169,21137439060.375153,-7264060155.233984,13242275413.72765,12339885353.745771,21607700718.75757,18359254275.68311,-8365425305.029919,-6019368921.937338,129691737044.77838,178482020427.43576,-48790283382.65737
USA,202408,13970554878.34409,20671457854.477203,-6700902976.133114,13194906130.63153,13046975470.69993,20193710183.153526,19534854237.94435,-6998804052.521996,-6487878767.244421,133987979305.89682,187628793064.06793,-53640813758.17109
USA,202409,13550968536.053549,19104236919.90473,-5553268383.851183,14685567223.567453,13707582922.642212,20661262993.48323,20820891298.46477,-5975695769.915777,-7113308375.822559,137528613195.83688,194160306711.3093,-56631693515.472404
USA,202410,13349567849.276999,19141586490.72701,-5792018641.45001,12020823679.377666,13300432344.52555,18067098011.108887,19640690395.91521,-6046274331.73122,-6340258051.38966,140213609326.79745,199955135527.13226,-59741526200.3348
USA,202411,12209500658.889576,19253678108.630302,-7044177449.740726,13744600109.953356,13483663670.966158,18146117154.16937,18958159386.25383,-4401517044.216013,-5474495715.287672,142907200536.87308,204875604638.33838,-61968404101.46533
USA,202412,11806801690.851707,20209084979.933033,-8402283289.081326,12247234472.40087,12670886087.243963,18360362709.323498,18191192624.867252,-6113128236.922628,-5520306537.623289,143946911878.15036,209472700285.6718,-65525788407.52143
USA,202501,12949362530.349258,17670192127.51975,-4720829597.17049,12330457213.930393,12774097265.428207,18818333623.58919,18441604495.694016,-6487876409.658798,-5667507230.265808,146599132206.0913,213776624795.10974,-67177492589.01844
USA,202502,11746517168.118338,20187043469.93071,-8440526301.812372,13125386365.01404,12567692683.781769,23721726395.786633,20300140909.56644,-10596340030.772593,-7732448225.784672,149175038189.68088,220901862683.9612,-71726824494.28032
USA,202503,13921792190.465376,25539904594.64139,-11618112404.176016,13269591334.08641,12908478304.343615,21907153030.424995,21482404349.933605,-8637561696.338585,-8573926045.589991,152275291559.03888,230667544638.16965,-78392253079.1308
USA,202504,14447033949.242794,23645157464.909313,-9198123515.66652,13584309102.300797,13326428933.800415,21580146152.516502,22403008526.24271,-7995837050.215706,-9076579592.442295,155705548371.61777,238340449781.71136,-82634901410.0936
USA,202505,14123435700.852356,26943010242.428383,-12819574541.576027,13998045269.980425,13617315235.455877,28576091375.402737,24021130186.114746,-14578046105.422312,-10403814950.658869,158583277692.62442,249567656361.48346,-90984378668.85902
USA,202506,14441658094.383474,28945188771.423523,-14503530677.040049,14595229178.57661,14059194516.952612,30468657866.34118,26874965131.420135,-15873428687.764568,-12815770614.467524,160390572151.9687,262447980084.90048,-102057407932.93182
USA,202507,15370286447.011292,30080519914.771366,-14710233467.760075,14917801584.474493,14503692011.010511,31286469178.582268,30110406140.10873,-16368667594.107775,-15606714129.098219,161887479693.8388,271391060939.2967,-109503581245.4579
USA,202508,16449742346.305094,31654895120.756805,-15205152774.451712,15395145893.410738,14969392218.820612,31458295583.824265,31071140876.249237,-16063149690.413527,-16101748657.428625,164366667161.7998,282374498205.5763,-118007831043.77649
USA,202509,14157279379.45667,29424281471.25349,-15267002091.79682,15742784067.765339,15351910515.216858,33413486264.39051,32052750342.265682,-17670702196.62517,-16700839827.048824,164972978005.20294,292694542756.92505,-127721564751.72214
USA,202510,14832480049.363865,39190967345.5517,-24358487296.18783,13246063421.729721,14794664460.968597,36649997821.16027,33840593223.12501,-23403934399.43055,-19045928762.156414,166455890205.28983,312743923611.74976,-146288033406.45996
USA,202511,14688634815.281412,40298619680.738594,-25609984865.457184,16882664374.91878,15290503954.804613,38115327845.68722,36059603977.07933,-21232663470.76844,-20769100022.27472,168935024361.68164,333788865183.85803,-164853840822.17642
USA,202512,16257130607.45328,43709867784.84535,-27452737177.392075,17431570549.444633,15853432782.031046,40115394649.666756,38293573438.83807,-22683824100.222122,-22440140656.80703,173385353278.2832,357289647988.7704,-183904294710.48715
USA,202601,21100639027.15043,39899124255.629585,-18798485228.479156,19219154835.33949,17844463253.234303,42504087603.38774,40244936699.58057,-23284932768.048252,-22400473446.346264,181536629775.08438,379518580116.88025,-197981950341.79584
USA,202602,17094595913.286528,38176509208.64501,-21081913295.358482,18739742910.924664,18463489431.902927,45316166264.884735,42645216172.6464,-26576423353.96007,-24181726740.743473,186884708520.25256,397508045855.5945,-210623337335.34195
USA,202603,20864970171.487305,59560262356.970345,-38695292185.48304,19634460662.710102,19197786136.324753,47675418999.16061,45165224289.144356,-28040958336.450504,-25967438152.819603,193827886501.27448,431528403617.92346,-237700517116.64896
USA,202604,21947742268.699837,56967481453.24778,-35019739184.54794,20254910119.737465,19543037897.790745,50201013032.59913,47730866098.88149,-29946102912.861664,-28187828201.090748,201328594820.73157,464850727606.2619,-263522132785.5304
VNM,201701,655025893.8754798,1541925588.4102304,-886899694.5347506,790547852.7476809,,1858645233.1425254,,-1068097380.3948445,,,,
VNM,201702,705499894.6063405,1619600143.8800976,-914100249.2737571,813969337.8901409,,1883990864.4224243,,-1070021526.5322834,,,,
VNM,201703,876174085.3297946,2284288129.3811164,-1408114044.0513217,827233392.9024243,810583527.8467487,1965153831.7444012,1902596643.103117,-1137920438.841977,-1092013115.2563682,,,
VNM,201704,689650007.5337293,2253425505.725678,-1563775498.1919487,796855820.7247909,812686183.8391186,2027440723.8551672,1958861806.6739976,-1230584903.1303763,-1146175622.834879,,,
VNM,201705,719095780.3747312,2165639273.0338817,-1446543492.6591506,725718886.0809499,783269366.5693884,2101323374.9587312,2031305976.8527663,-1375604488.8777814,-1248036610.283378,,,
VNM,201706,749232888.9056063,2155488413.2214828,-1406255524.3158765,769289089.9520341,763954598.9192582,2141060800.472408,2089941633.0954354,-1371771710.5203738,-1325987034.176177,,,
VNM,201707,695136745.5097812,1898947267.114289,-1203810521.604508,694379491.9753704,729795822.6694514,2002054429.1515017,2081479534.8608801,-1307674937.1761312,-1351683712.1914287,,,
VNM,201708,874258781.7375498,2049680669.8817468,-1175421888.144197,713572940.0003091,725747173.9759046,1964440810.5770347,2035852013.400315,-1250867870.5767255,-1310104839.4244103,,,
VNM,201709,847222821.7733146,2354881802.897387,-1507658981.1240726,778388726.4409297,728780386.1388698,2192660459.157828,2053051899.628788,-1414271732.7168982,-1324271513.4899182,,,
VNM,201710,851118772.2666843,1977156847.282264,-1126038075.0155797,753330254.9967402,748430640.4793262,2085056030.144822,2080719099.959895,-1331725775.1480818,-1332288459.4805686,,,
VNM,201711,924104747.2525414,2202773329.8361874,-1278668582.5836458,832267136.7496282,787995372.7290994,2147821852.965551,2141846114.0894,-1315554716.2159228,-1353850741.3603005,,,
VNM,201712,761141053.3046633,2333737905.711283,-1572596852.40662,795257450.7924603,793618280.8462763,2314181607.0073867,2182353163.3725867,-1518924156.2149262,-1388734882.5263104,9347661472.470217,24837544876.375645,-15489883403.905428
VNM,201801,850212856.107414,2387846860.870672,-1537634004.7632582,1048944481.4759212,892156356.3393365,2715692740.925004,2392565400.299314,-1666748259.4490829,-1500409043.9599776,9542848434.70215,25683466148.836086,-16140617714.133936
VNM,201802,621455648.289598,2056824421.0633876,-1435368772.7737896,722838888.6092741,855680273.6258854,2337321078.231634,2455731808.7213416,-1614482189.62236,-1600051535.0954561,9458804188.385406,26120690426.019375,-16661886237.633968
VNM,201803,778898750.1994308,2563009077.4207745,-1784110327.2213435,717204063.8681011,829662477.9844322,2288721808.6003566,2447245209.2523313,-1571517744.7322555,-1617582731.267899,9361528853.255045,26399411374.059036,-17037882520.803991
VNM,201804,654458583.7955052,1834631293.4338467,-1180172709.6383414,764103182.146974,734715378.2081164,1720820634.4245396,2115621173.752177,-956717452.2775656,-1380905795.5440607,9326337429.516819,25980617161.767204,-16654279732.250381
VNM,201805,917779196.439276,2215129745.4570894,-1297350549.0178134,919688345.4151788,800331863.8100847,2236583754.559336,2082042065.8614109,-1316895409.1441574,-1281710202.0513263,9525020845.581366,26030107634.19041,-16505086788.609047
VNM,201806,887770849.0783851,2213037509.560014,-1325266660.4816287,870594005.703232,851461844.4217949,2266594266.274483,2074666218.419453,-1396000260.5712512,-1223204373.997658,9663558805.754145,26087656730.52894,-16424097924.774797
VNM,201807,953928795.8626873,2371992701.9262524,-1418063906.063565,973469584.6838945,921250645.2674351,2421664143.406646,2308280721.4134884,-1448194558.7227511,-1387030076.1460533,9922350856.10705,26560702165.340904,-16638351309.233854
VNM,201808,1145205056.485161,2678617024.181456,-1533411967.696295,990995838.2000995,945019809.5290753,2514876818.8141103,2401045076.1650796,-1523880980.6140108,-1456025266.6360044,10193297130.854662,27189638519.640614,-16996341388.785952
VNM,201809,1031119734.4002632,2472668033.5082636,-1441548299.1080003,915887803.0632951,960117741.9824299,2296159271.058674,2410900077.75981,-1380271467.9953787,-1450782335.77738,10377194043.48161,27307424750.25149,-16930230706.769882
VNM,201810,1095338549.2615356,2501004410.53055,-1405665861.2690144,1009478941.5875257,972120860.9503068,2556540755.615864,2455858948.496216,-1547061814.028338,-1483738087.545909,10621413820.476461,27831272313.499775,-17209858493.023315
VNM,201811,965264172.5589502,2540003306.4161744,-1574739133.8572242,898584551.9072754,941317098.8526988,2519582363.668145,2457427463.4475613,-1620997811.7608697,-1516110364.5948625,10662573245.78287,28168502290.079765,-17505929044.296894
VNM,201812,920445560.8212205,2393777417.924471,-1473331857.1032505,889855875.4812903,932639789.6586971,2378983443.8145366,2485035521.032849,-1489127568.3332462,-1552395731.3741517,10821877753.299427,28228541802.29295,-17406664048.993523
VNM,201901,802739955.9863453,2526508304.5871034,-1723768348.600758,1006404648.9985114,931615025.4623591,2717992920.4441037,2538852909.308928,-1711588271.4455924,-1607237883.846569,10774404853.178358,28367203246.009384,-17592798392.831024
VNM,201902,680649711.2511073,2299747976.970788,-1619098265.7196808,797289789.1027673,897850104.527523,2557237384.7217894,2551404582.993477,-1759947595.619022,-1653554478.4659538,10833598916.13987,28610126801.916782,-17776527885.776917
VNM,201903,1204483551.5688257,2834312828.3351455,-1629829276.7663198,1080679857.196025,961458098.4324346,2621813478.716499,2632347927.9607973,-1541133621.520474,-1670889829.5283628,11259183717.509262,28881430552.831154,-17622246835.32189
VNM,201904,1052447160.1658896,2630345203.0645275,-1577898042.8986378,1242610920.0928333,1040193522.1305418,2562763594.455104,2580604819.297797,-1320152674.3622706,-1540411297.1672554,11657172293.879648,29677144462.461834,-18019972168.582188
VNM,201905,1287968957.5142343,2624239826.4850674,-1336270868.970833,1281772308.1354082,1201687695.141422,2745032979.6110663,2643203350.9275565,-1463260671.4756582,-1441515655.7861345,12027362054.954605,30086254543.489815,-18058892488.535206
VNM,201906,1433745897.435316,2582282356.645648,-1148536459.210332,1341195318.9320107,1288526182.3867505,2718810566.388385,2675535713.484852,-1377615247.4563742,-1387009531.0981014,12573337103.311537,30455499390.575447,-17882162287.263912
VNM,201907,1331304118.1841798,2968344371.2040925,-1637040253.0199127,1394030141.2747676,1338999256.114062,2944332438.3728523,2802725328.124101,-1550302297.0980847,-1463726072.010039,12950712425.633028,31051851059.853287,-18101138634.22026
VNM,201908,1685619021.9497404,3415157948.6855865,-1729538926.735846,1543508363.7747996,1426244607.9938593,3148459867.0588174,2937200957.273351,-1604951503.2840178,-1510956349.279492,13491126391.097607,31788391984.357418,-18297265593.25981
VNM,201909,1847230827.103512,3177002305.3356223,-1329771478.2321103,1586169631.7116084,1507902712.253725,2945225482.9528227,3012672596.1281643,-1359055851.2412143,-1504769883.8744392,14307237483.800858,32492726256.184776,-18185488772.38392
VNM,201910,1660700403.223023,3031704124.966489,-1371003721.743466,1591671051.5262048,1573783015.6708708,3006462228.7926993,3033382526.2681136,-1414791177.2664945,-1459599510.5972428,14872599337.762344,33023425970.620716,-18150826632.85837
VNM,201911,1674781030.43444,3057078728.7879696,-1382297698.3535297,1606995364.6280632,1594945349.2886255,3093311631.6962957,3014999781.1472726,-1486316267.0682325,-1420054431.858647,15582116195.637833,33540501392.992508,-17958385197.354675
VNM,201912,2039790210.6886508,3044066725.3119583,-1004276514.6233075,1834372959.093188,1677679791.749152,3029559654.8327794,3043111171.7739244,-1195186695.7395914,-1365431380.0247724,16701460845.505264,34190790700.379997,-17489329854.874733
VNM,202001,1295919870.0347812,3135046708.3004503,-1839126838.265669,1656574192.0512927,1699314171.924181,3174262093.24725,3099044459.9254417,-1517687901.1959574,-1399730288.0012608,17194640759.5537,34799329104.093346,-17604688344.539646
VNM,202002,1453957472.6815734,3305714603.0920706,-1851757130.4104972,1725315006.0302203,1738754052.391567,3610765454.842767,3271529067.640932,-1885450448.8125465,-1532775015.249365,17967948520.98417,35805295730.21463,-17837347209.23046
VNM,202003,2222895030.642747,3391757434.9940424,-1168862404.3512955,1937015455.2304227,1772968217.7706451,3235944679.1852775,3340324075.758432,-1298929223.9548547,-1567355857.9877868,18986360000.058086,36362740336.87353,-17376380336.815437
VNM,202004,1585250689.4217908,2633936762.5842285,-1048686073.1624377,1880026414.6883733,1847452291.9830055,2695821348.2934575,3180843827.4405007,-815794933.6050842,-1333391535.4574952,19519163529.313988,36366331896.39323,-16847168367.079235
VNM,202005,1862997066.9615092,2866705487.4375963,-1003708420.4760871,1856521113.90929,1891187661.2760286,3079882453.0665326,3003882826.8484225,-1223361339.1572425,-1112695165.572394,20094191638.761265,36608797557.34575,-16514605918.58449
VNM,202006,2061708187.5611796,3137019036.261771,-1075310848.7005916,1841817013.06845,1859454847.2220376,3371557686.887247,3049087162.749079,-1529740673.818797,-1189632315.5270417,20722153928.887127,37163534236.961876,-16441380308.07475
VNM,202007,1878942851.5830977,3673480300.495763,-1794537448.9126651,2056209939.2204714,1918182688.7327373,3551387741.4661303,3334275960.4733033,-1495177802.2456589,-1416093271.740566,21269792662.28605,37868670166.25355,-16598877503.967503
VNM,202008,1819514186.8562706,3751774643.840896,-1932260456.9846256,1775463181.531656,1891163377.9401922,3406397271.8587747,3443114233.404051,-1630934090.3271186,-1551950855.4638586,21403687827.192577,38205286861.40886,-16801599034.216282
VNM,202009,2282201652.0144424,4017677531.130587,-1735475879.1161447,1898291631.561845,1909988250.7713242,3704111140.7060895,3553965384.676998,-1805819509.1442444,-1643977133.905674,21838658652.103508,39045962087.20382,-17207303435.100315
VNM,202010,1959050132.9667292,3819539516.1780047,-1860489383.2112756,1965917079.5088866,1879890630.8674624,3690599737.6431875,3600369383.4026837,-1724682658.134301,-1720478752.5352213,22137008381.847214,39833797478.415344,-17696789096.568127
VNM,202011,2015390568.592973,3576382619.9292135,-1560992051.3362405,1977364921.1277435,1947191210.732825,3726637542.47045,3707116140.2732425,-1749272621.3427064,-1759924929.5404174,22477617920.005745,40353101369.55658,-17875483449.550835
VNM,202012,2427797743.783943,3842524586.1665726,-1414726842.3826294,2031748401.1030288,1991676800.5798862,3815435016.6525283,3744224098.9220557,-1783686615.5494995,-1752547298.3421695,22865625453.101036,41151559230.411194,-18285933777.310158
VNM,202101,1849488293.3472483,3718093716.15912,-1868605422.8118718,2322005811.8201528,2110373044.6836414,3737004390.282839,3759692316.4686055,-1414998578.462686,-1649319271.784964,23419193876.4135,41734606238.26987,-18315412361.85636
VNM,202102,1874237751.8510475,3434623822.052268,-1560386070.2012205,2179062736.1491895,2177605649.69079,3716315127.3460536,3756251511.4271407,-1537252391.1968641,-1578645861.7363505,23839474155.582977,41863515457.230064,-18024041301.647087
VNM,202103,2555498334.3547497,3906143340.4166636,-1350645006.061914,2133567898.1606746,2211545482.043339,3759246952.8314867,3737522156.820126,-1625679054.6708121,-1525976674.7767873,24172077459.294983,42377901362.65268,-18205823903.357704
VNM,202104,1686153619.419075,3879052714.9643335,-2192899095.5452585,2014230130.5323107,2108953588.2807248,3924539106.6602364,3800033728.945925,-1910308976.1279256,-1691080140.6652005,24272980389.292267,43623017315.03279,-19350036925.740524
VNM,202105,1954886942.4773555,3844268439.123149,-1889381496.6457934,1921154651.9474936,2022984226.8801594,4111348677.294918,3931711578.92888,-2190194025.3474245,-1908727352.0487208,24364870264.808113,44600580266.718346,-20235710001.91023
VNM,202106,2626917430.7682824,3880900046.0348225,-1253982615.26654,2245171874.5103626,2060185552.3300552,4142495666.310195,4059461150.08845,-1897323791.7998323,-1999275597.7583947,24930079508.015213,45344461276.491394,-20414381768.47618
VNM,202107,1857883044.3247201,4260285755.1222925,-2402402710.797572,2220841085.028362,2129055870.495406,4135504101.213105,4129782814.939406,-1914663016.1847434,-2000726944.444,24909019700.756836,45931266731.11792,-21022247030.361088
VNM,202108,2114731796.06688,4700473866.529256,-2585742070.4623756,2142169354.5113037,2202727438.016676,4369205150.784577,4215734972.769293,-2227035796.2732735,-2013007534.752617,25204237309.967445,46879965953.80628,-21675728643.838837
VNM,202109,2959302387.691491,4682088896.910336,-1722786509.2188444,2406589404.352474,2256533281.29738,4274266141.129445,4259658464.3757095,-1867676736.7769709,-2003125183.0783296,25881338045.644493,47544377319.58603,-21663039273.941536
VNM,202110,2110702218.733677,4547956151.634663,-2437253932.9009857,2136097761.5395126,2228285506.8010964,4361480180.45484,4334983824.122954,-2225382418.915327,-2106698317.321858,26032990131.41144,48272793955.04269,-22239803823.631245
VNM,202111,2552925944.582882,5128024854.578158,-2575098909.9952765,2461950611.7719717,2334879259.2213197,5441294980.589535,4692347100.7246065,-2979344368.817563,-2357467841.503287,26570525507.401352,49824436189.691635,-23253910682.290283
VNM,202112,3329562780.0107026,4790774184.602104,-1461211404.5914016,2775306234.5800066,2457784869.2971635,4740092904.248878,4847622688.431085,-1964786669.668871,-2389837819.133921,27472290543.628113,50772685788.12716,-23300395244.499054
VNM,202201,2057850324.5388317,4756593666.831728,-2698743342.2928963,2594452118.8155737,2610569655.0558505,4759994670.519517,4980460851.785976,-2165542551.7039433,-2369891196.730126,27680652574.819695,51811185738.799774,-24130533163.98008
VNM,202202,2315601635.801678,4419421307.37265,-2103819671.570972,2784335824.5856204,2718031392.6604004,4796908766.510756,4765665447.093051,-2012572941.9251351,-2047634054.4326506,28122016458.770325,52795983224.120155,-24673966765.34983
VNM,202203,3238177327.3651977,5215286073.840051,-1977108746.474853,2693665210.9316993,2690817718.1109643,5019820963.276769,4858908133.43568,-2326155752.3450694,-2168090415.324716,28804695451.780773,54105125957.54354,-25300430505.762768
VNM,202204,2365546854.57819,4788919118.310955,-2423372263.732765,2878051087.468609,2785350707.6619763,4902490791.262836,4906406840.350121,-2024439703.7942276,-2121056132.6881442,29484088686.939888,55014992360.89016,-25530903673.950275
VNM,202205,3010430761.054102,4435996201.398568,-1425565440.3444662,2917608569.1587343,2829774955.8530145,4583839201.269288,4835383651.936297,-1666230632.1105537,-2005608696.083283,30539632505.516632,55606720123.16558,-25067087617.64895
VNM,202206,3239966762.0599375,4391550071.605565,-1151583309.5456276,2686991659.4021606,2827550438.6765013,4593499381.592487,4693276458.041537,-1906507722.1903267,-1865726019.365036,31152681836.80829,56117370148.73633,-24964688311.928036
VNM,202207,1961743301.1004815,4758188689.116741,-2796445388.0162597,2417204079.451383,2673934769.3374257,4716767065.133986,4631368549.331921,-2299562985.6826034,-1957433779.994495,31256542093.58405,56615273082.730774,-25358730989.14672
VNM,202208,2594794968.0490346,4751216434.301153,-2156421466.2521186,2575396689.0356784,2559864142.6297407,4513465890.453149,4607910779.059875,-1938069201.4174705,-2048046636.4301338,31736605265.566204,56666015650.50267,-24929410384.936466
VNM,202209,3225785028.7244663,4860044550.071559,-1634259521.3470926,2591956486.795861,2528185751.7609744,4457843915.527242,4562692290.371459,-1865887428.731381,-2034506538.6104846,32003087906.599182,56843971303.663895,-24840883397.064716
VNM,202210,2567733677.106342,4832926088.46182,-2265192411.355478,2523051790.765497,2563468322.1990123,4682821302.596667,4551377036.192352,-2159769511.83117,-1987908713.99334,32460119364.971848,57128941240.49105,-24668821875.519207
VNM,202211,2012837227.818664,3789004613.2176423,-1776167385.3989782,1913557569.798328,2342855282.4532285,4057168521.228805,4399277913.117572,-2143610951.4304771,-2056422630.6643434,31920030648.207626,55789920999.13054,-23869890350.92291
VNM,202212,2747598469.563302,4190942461.0847354,-1443343991.5214334,2416375938.41408,2284328432.9926353,4201123318.155082,4313704380.660185,-1784747379.741002,-2029375947.6675496,31338066337.760227,55190089275.613174,-23852022937.85294
VNM,202301,1623979906.846546,3968684513.0000873,-2344704606.1535416,2069672556.6723762,2133202021.6282616,3921526322.8239183,4059939387.4026017,-1851853766.1515422,-1926737365.7743402,30904195920.067944,54402180121.781525,-23497984201.713585
VNM,202302,1797084185.087254,3896623010.826931,-2099538825.739677,2211388128.405914,2232478874.497457,4240960915.089597,4121203518.6895328,-2029572786.6836834,-1888724644.1920757,30385678469.35352,53879381825.2358,-23493703355.882294
VNM,202303,2805891652.4486833,4284672124.6450834,-1478780472.1964002,2344130403.980576,2208397029.686289,4060059821.3331475,4074182353.0822206,-1715929417.3525715,-1865785323.3959317,29953392794.437004,52948767876.04084,-22995375081.60384
VNM,202304,1871153435.3981376,3696294712.6951146,-1825141277.296977,2250711213.051988,2268743248.4794927,3836926338.00214,4045982358.1416283,-1586215124.950152,-1777239109.6621356,29458999375.25695,51856143470.425,-22397144095.168053
VNM,202305,2602511151.636864,3721845432.8678856,-1119334281.2310214,2465751449.068993,2353531022.033852,3677681468.1998906,3858222542.511726,-1211930019.1308975,-1504691520.4778738,29051079765.839714,51141992701.89432,-22090912936.054604
VNM,202306,3121075159.024236,4319807885.341372,-1198732726.3171353,2657491753.2733903,2457984805.1314573,4417474181.671721,3977360662.624584,-1759982428.3983312,-1519375857.4931269,28932188162.804012,51070250515.63013,-22138062352.82611
VNM,202307,2710223605.809943,4457053534.113642,-1746829928.3036985,3190038563.1266108,2771093921.822998,4383160857.685498,4159438835.85237,-1193122294.5588875,-1388344914.0293717,29680668467.513474,50769115360.62702,-21088446893.113552
VNM,202308,2703094222.5978456,4785653329.139544,-2082559106.541698,2610067020.566851,2819199112.322284,4592502915.186115,4464379318.181111,-1982435894.6192641,-1645180205.858827,29788967722.062286,50803552255.465416,-21014584533.40313
VNM,202309,3037769391.118191,5403016327.575233,-2365246936.4570427,2491974482.4511337,2764026688.714865,5037981956.976157,4671215243.28259,-2546007474.5250235,-1907188554.5677247,29600952084.45601,51346524032.969086,-21745571948.51308
VNM,202310,2641052335.311725,4838082653.340704,-2197030318.028979,2656280178.626039,2586107227.2146745,4784195889.242947,4804893587.135074,-2127915710.6169076,-2218786359.920399,29674270742.661392,51351680597.84798,-21677409855.186584
VNM,202311,2622779564.2262254,5196688538.174709,-2573908973.948484,2540980472.812888,2563078377.9633536,5587212301.673133,5136463382.630746,-3046231828.8602448,-2573385004.6673923,30284213079.06895,52759364522.80504,-22475151443.736088
VNM,202312,3305157474.9826097,5269448098.463585,-1964290623.4809752,3061346999.701053,2752869217.04666,5330592015.105236,5234000068.673772,-2269245015.404183,-2481130851.627112,30841772084.48826,53837870160.18389,-22996098075.69563
VNM,202401,1844375812.7034955,6031542793.34876,-4187166980.645264,2339438509.442771,2647255327.3189044,6110663866.4195595,5676156061.065976,-3771225356.9767885,-3028900733.7470717,31062167990.34521,55900728440.53256,-24838560450.18735
VNM,202402,1758216390.5632205,5127019015.299293,-3368802624.736072,2130559887.914032,2510448465.6859517,5685789909.738376,5709015263.75439,-3555230021.8243437,-3198566798.068438,31023300195.821175,57131124445.00493,-26107824249.183746
VNM,202403,2724940121.471572,6253595866.90172,-3528655745.430148,2256935603.111101,2242311333.489301,5861061436.20179,5885838404.119908,-3604125833.0906887,-3643527070.630607,30942348664.844063,59100048187.26156,-28157699522.417496
VNM,202404,1932130585.6318212,5352318426.850507,-3420187841.2186856,2198345678.5496473,2195280389.8582606,5445668183.610281,5664173176.516816,-3247322505.0606337,-3468892786.6585555,31003325815.077747,60756071901.416954,-29752746086.339207
VNM,202405,2271365433.9172416,6312675429.4331665,-4041309995.515925,2103532459.8599703,2186271247.173573,5962448081.055436,5756392566.955836,-3858915621.195466,-3570121319.7822633,30672180097.358128,63346901897.98224,-32674721800.624107
VNM,202406,2668268115.9317613,6580869736.628075,-3912601620.6963134,2349111874.6278396,2216996671.012486,6605459331.147259,6004525198.604325,-4256347456.519419,-3787528527.5918393,30219373054.26565,65607963749.268936,-35388590695.00328
VNM,202407,2058665415.6349928,8041718658.97841,-5983053243.343417,2342085835.167321,2264910056.5517106,7883059126.750895,6816988846.317863,-5540973291.583573,-4552078789.766153,29567814864.090702,69192628874.1337,-39624814010.04301
VNM,202408,2596148327.8901005,6713384141.4564295,-4117235813.566329,2454239069.7233524,2381812259.8395042,6495974650.360635,6994831036.086263,-4041735580.6372824,-4613018776.246758,29460868969.382957,71120359686.45059,-41659490717.067635
VNM,202409,2985083846.297777,6947613241.938548,-3962529395.640771,2518410848.2047873,2438245251.0318203,6570666880.962997,6983233552.691509,-4052256032.75821,-4544988301.659689,29408183424.562542,72664956600.8139,-43256773176.251366
VNM,202410,1876456643.9845924,7087566752.982084,-5211110108.997492,1924125992.0086186,2298925303.3122525,7183915759.01975,6750185763.447793,-5259789767.011131,-4451260460.13554,28643587733.23541,74914440700.45529,-46270852967.21988
VNM,202411,2767650144.7276354,6538472547.218087,-3770822402.490452,2746239880.0468516,2396258906.7534194,7009961461.364732,6921514700.449161,-4263721581.31788,-4525255793.695742,28788458313.73682,76256224709.49866,-47467766395.76184
VNM,202412,2543360720.748734,6767142807.275749,-4223782086.527015,2482739278.0296855,2384368383.3617187,6862415662.220884,7018764294.201789,-4379676384.191198,-4634395910.840071,28026661559.502945,77753919418.31084,-49727257858.807884
VNM,202501,2252408363.7035832,7694993250.720688,-5442584887.017105,2825187007.30281,2684722055.126449,7991365544.598386,7287914222.728001,-5166178537.295576,-4603192167.601551,28434694110.50303,79417369875.68275,-50982675765.17972
VNM,202502,2830399131.926624,7414716826.548587,-4584317694.6219635,3411201482.3722425,2906375922.5682464,8438574792.404767,7764118666.408012,-5027373310.032524,-4857742743.839766,29506876851.866436,81705067686.93205,-52198190835.06561
VNM,202503,3848891226.7668524,8884133701.394274,-5035242474.627421,3166620294.391608,3134336261.355553,8236561186.486872,8222167174.496675,-5069940892.0952635,-5087830913.141121,30630827957.161716,84335605521.4246,-53704777564.26289
VNM,202504,2853926387.3892584,8243663847.740363,-5389737460.351105,3043374178.2396693,3207065318.334507,8226977609.35497,8300704529.415536,-5183603431.115301,-5093639211.081029,31552623758.919155,87226950942.31445,-55674327183.39531
VNM,202505,3690658701.008435,9807805893.275646,-6117147192.267212,3353940740.7194066,3187978404.450228,8860038539.406818,8441192445.082886,-5506097798.687412,-5253214040.632658,32971917026.010345,90722081406.15694,-57750164380.1466
VNM,202506,3537793418.8711276,8941519280.775194,-5403725861.904066,3241777866.165873,3213030928.374983,8802000551.280655,8629672233.34748,-5560222685.114782,-5416641304.972498,33841442328.949715,93082730950.30406,-59241288621.354355
VNM,202507,3287029136.1359506,9671371949.003885,-6384342812.867935,3594051635.000324,3396590080.6285343,9446543741.35203,9036194277.346502,-5852492106.351706,-5639604196.717968,35069806049.45067,94712384240.32954,-59642578190.87887
VNM,202508,3741329023.1560264,10093224953.824682,-6351895930.668655,3477390806.569014,3437740102.5784035,9836837478.777546,9361793923.803411,-6359446672.208532,-5924053821.225008,36214986744.7166,98092225052.69778,-61877238307.98119
VNM,202509,4169154289.528357,10368963942.634739,-6199809653.106382,3631536389.948635,3567659610.505991,9968690577.29092,9750690599.140165,-6337154187.342285,-6183030988.634174,37399057187.947174,101513575753.39398,-64114518565.4468
VNM,202510,3485015673.583577,9706904149.125582,-6221888475.542005,3660183232.548338,3589703476.355329,10097675193.5971,9967734416.55519,-6437491961.048761,-6378030940.19986,39007616217.546165,104132913149.53748,-65125296931.99132
VNM,202511,3689006707.321729,9881454155.167429,-6192447447.845699,3771520251.6877217,3687746624.7282314,10566338890.190033,10210901553.692682,-6794818638.502312,-6523154928.964451,39928972780.14026,107475894757.48682,-67546921977.34657
VNM,202512,4184984679.258577,11202768408.96848,-7017783729.709902,4310328125.18958,3914010536.4752135,11378017604.92017,10680677229.569101,-7067689479.73059,-6766666693.093887,41570596738.6501,111911520359.17955,-70340923620.52945
VNM,202601,3512730464.87195,9985551370.620409,-6472820905.748459,4328810861.657653,4136886412.8449845,10657146479.136183,10867167658.082129,-6328335617.47853,-6730281245.237144,42830918839.81847,114202078479.07927,-71371159639.2608
VNM,202602,3633098081.214563,9436344374.492668,-5803246293.278105,4316207156.789853,4318448714.545695,11035600179.921303,11023588087.992552,-6719393023.13145,-6705139373.4468565,43633617789.1064,116223706027.02335,-72590088237.91695
VNM,202603,5514296595.819241,12952574921.133102,-7438278325.313862,4490292375.808056,4378436798.085187,11872988425.096191,11188578361.38456,-7382696049.288136,-6810141563.299373,45299023158.15879,120292147246.76218,-74993124088.6034
VNM,202604,5016955583.227786,13355852278.713573,-8338896695.485787,4972103260.072338,4592867597.556748,12988953594.191647,11965847399.73638,-8016850334.119308,-7372979802.179631,47462052353.99732,125404335677.7354,-77942283323.73807
