iso,period,index_buy,index_sell,index_2021_buy,index_2021_sell,index_direct_buy,index_direct_sell,tot_net,tot_net_direct,tot_net_2021,buy_stages,sell_stages
CHE,201801,104.7501570166578,101.73414800568369,79.49928742307219,65.68173240006368,104.7501570166578,101.73414800568369,97.1207594366713,97.1207594366713,82.61927185651932,downstream,chips+upstream
CHE,201802,107.64657974976784,102.84632756628731,81.69750411234759,66.39977920845986,107.64722761980437,102.8298596110204,95.54072949215939,95.5248564080087,81.27516247883065,downstream,chips+upstream
CHE,201803,110.64101590437745,106.35461767815315,83.97010729792079,68.66480601437058,110.62790247692476,106.34373712773966,96.12585062493564,96.12740976438678,81.7729168437907,downstream,chips+upstream
CHE,201804,112.86602435505233,107.41914087218636,85.65875952887482,69.35208485765774,112.86689776718516,107.37724948819178,95.17402733551485,95.13617509863955,80.96321408236102,downstream,chips+upstream
CHE,201805,114.50711972944563,111.27648865961784,86.9042556366928,71.84247073216171,114.51602180189653,111.1693561755117,97.17866358226367,97.07755685735023,82.66853010340765,downstream,chips+upstream
CHE,201806,117.79223729326596,113.45124695725923,89.39746913500959,73.24654100100123,117.79530358388301,113.45872363566723,96.3147059299001,96.31854597231232,81.93357341065557,downstream,chips+upstream
CHE,201807,120.23473844166139,114.68793993112014,91.25118569599378,74.04497632053263,120.24415807986955,114.64671400418376,95.386692246823,95.3449347019688,81.1441251483743,downstream,chips+upstream
CHE,201808,121.40293276022291,116.80536701009083,92.13777735888316,75.41203233371938,121.41890341222977,116.75012868558336,96.21296978120577,96.15482054652114,81.847027891702,downstream,chips+upstream
CHE,201809,122.06057009380528,119.35807315064302,92.63688591290942,77.06011377841169,122.06594542387927,119.25704280981387,97.78593780031885,97.69886465523912,83.18512978821211,downstream,chips+upstream
CHE,201810,124.95530120910875,122.526862607593,94.83381876248428,79.10595173177917,124.98578400150674,122.45793787927293,98.0565541613542,97.97749308657109,83.41533934207976,downstream,chips+upstream
CHE,201811,126.52788374032357,125.14303300415857,96.02731760015828,80.79500705163683,126.4212062483222,125.06409060807971,98.90549759054916,98.92651266309167,84.13752364515038,downstream,chips+upstream
CHE,201812,127.00733830273671,125.32216869808497,96.39119577608811,80.91066087036363,126.94247707610474,125.23151050301861,98.67317146617549,98.65217174542737,83.93988706013671,downstream,chips+upstream
CHE,201901,125.57512771431847,127.14720946679678,95.30423109305741,82.08894605522642,125.51017045210762,126.83311799205403,101.2519053582448,101.05405604596102,86.13357991952395,downstream,chips+upstream
CHE,201902,125.81927247005724,129.53424467837843,95.48952278771544,83.63006682018212,125.7376524184831,129.37852248620564,102.95262572687764,102.89560843366544,87.58035895320339,downstream,chips+upstream
CHE,201903,125.27440377898496,131.3238962329097,95.07599908605168,84.78550397475006,125.26854729283237,131.0747354667947,104.82899321125291,104.6349928209749,89.17655853188788,downstream,chips+upstream
CHE,201904,123.08210567671975,132.84666704829777,93.4121721103907,85.76863724085219,123.07964953751365,132.57104462638478,107.93337205103157,107.71158767882113,91.8174101973502,downstream,chips+upstream
CHE,201905,124.51737356337591,134.13555120322357,94.50145710527848,86.60076829829997,124.59575863800572,133.76743831918768,107.72436597769408,107.36114919274972,91.6396116536311,downstream,chips+upstream
CHE,201906,125.39171353497565,134.72544819787663,95.1650303798907,86.98161836001415,125.45322454522332,134.18229747677174,107.44366146675036,106.95802994557687,91.40082025171529,downstream,chips+upstream
CHE,201907,123.47804410553903,136.6267625906978,93.7126663898364,88.20914742086295,123.53879872797604,136.24982397642765,110.64862873428763,110.28909571675568,94.1272410859816,downstream,chips+upstream
CHE,201908,121.76454352781579,137.07949574758214,92.4122189365084,88.50144158798422,121.82076904732017,136.71990805739603,112.57751376226186,112.23037674658615,95.76811660456819,downstream,chips+upstream
CHE,201909,121.62830019447675,137.19839662179777,92.30881815673797,88.57820652439405,121.65350066218434,136.90934838288285,112.80137632641853,112.5404099657288,95.9585533572649,downstream,chips+upstream
CHE,201910,119.54346798729658,137.77047762871487,90.72655155601929,88.94755420503112,119.51374984586789,137.42584630585526,115.24718158867132,114.98747757733976,98.03916569022276,downstream,chips+upstream
CHE,201911,117.42521664061884,139.50278057067177,89.11892176872395,90.06596587407168,117.50196960226309,138.99480067706008,118.80138232797266,118.29146451548762,101.06267455502373,downstream,chips+upstream
CHE,201912,118.11190874892195,142.63987761460697,89.64008120985456,92.091342530701,118.16926054513715,142.05049965069324,120.76671956747876,120.20934970345706,102.73455946019041,downstream,chips+upstream
CHE,202001,118.00623417434957,142.795315356097,89.55988034317801,92.19169644668256,117.99310363021449,142.2867432698145,121.00658609707224,120.58903350464895,102.93861056247495,downstream,chips+upstream
CHE,202002,117.63048721983208,142.7763230847106,89.27471022041838,92.17943463183154,117.61304877392725,142.23224322730363,121.37697161611266,120.93236652737296,103.25369234382438,downstream,chips+upstream
CHE,202003,116.63178056622137,143.53043095257593,88.51674985484007,92.66630273019264,116.58199288227169,143.07091984056248,123.06288239429048,122.72128508305752,104.68787306601008,downstream,chips+upstream
CHE,202004,116.61829167867499,143.29656820588286,88.50651257235182,92.51531596077693,116.55161679280626,142.82176303785383,122.87657977422276,122.53949534801221,104.52938803248858,downstream,chips+upstream
CHE,202005,113.73827971391057,143.36736150403914,86.32075070344806,92.56102162162307,113.73832340950307,143.009381561663,126.05022852873766,125.7354401530718,107.22916664570405,downstream,chips+upstream
CHE,202006,111.73754704416355,144.34542119230863,84.80231076885535,93.19247778433274,111.72195789007708,143.92879937687536,129.18255770842816,128.82767371342212,109.89379527445467,downstream,chips+upstream
CHE,202007,112.82235193879755,144.98532817254184,85.62561470054062,93.6056153577094,112.83486813066384,144.2901208384655,128.50762786011734,127.87724506521883,109.31964189112955,downstream,chips+upstream
CHE,202008,115.21761948639929,146.65663775904693,87.44348370088653,94.68464841760543,115.13821454415942,145.89268141859682,127.28664106478855,126.71091174741294,108.28096549937143,downstream,chips+upstream
CHE,202009,115.60210965339212,147.86620360288197,87.7352894142875,95.46556988431482,115.57982913120992,146.8230106852807,127.90960653419452,127.03169038137489,108.81091351226392,downstream,chips+upstream
CHE,202010,116.97020221783556,149.0753723381066,88.77359223978837,96.24623496924886,116.94531767340992,148.08589155222572,127.4473066742939,126.62832039653033,108.41764148653121,downstream,chips+upstream
CHE,202011,120.40896637711629,149.8561613854103,91.38341458339922,96.75032900523604,120.23292989476668,148.76634027202206,124.4559818876499,123.73177664574015,105.87296332305334,downstream,chips+upstream
CHE,202012,121.71944825625272,150.13453915824388,92.37799424360563,96.93005562348381,121.62057673277893,149.01336140036258,123.3447417886496,122.5231497855583,104.92764691109676,downstream,chips+upstream
CHE,202101,121.89898467914044,152.13941882462285,92.5142519647639,98.22444863038328,121.74580657193582,151.15408181246,124.80778180809344,124.15547284016533,106.17223459558883,downstream,chips+upstream
CHE,202102,122.96936153477978,153.51754703859467,93.32660585253844,99.11419755282,122.73153377465971,152.47545869864123,124.84211117512785,124.23494924995612,106.2014381080421,downstream,chips+upstream
CHE,202103,125.7583523490533,154.38738995892354,95.4432879528715,99.67578666565102,125.37629644872095,153.09972728162663,122.76511824074146,122.11217879150273,104.43456926470246,downstream,chips+upstream
CHE,202104,128.42128743862213,153.07863317757565,97.4643010768991,98.83082541739385,127.87133144085605,151.29796265425216,119.20035706754481,118.32047179725468,101.40207678647033,downstream,chips+upstream
CHE,202105,131.27897265279552,154.01716999023535,99.63311823838656,99.43676476996286,130.55257794349345,152.11456650644638,117.32051742785758,116.51594239087758,99.8029234938187,downstream,chips+upstream
CHE,202106,134.6073994667198,155.73355948493074,102.1592009430144,100.54490237857158,134.10871354100993,153.70838865430622,115.69464984979086,114.61476633082665,98.41982068228656,downstream,chips+upstream
CHE,202107,135.64680378703912,155.3908397641391,102.94804847473415,100.32363522854831,135.27966805436643,153.52163140297924,114.55547453082451,113.48463047771651,97.45074016936812,downstream,chips+upstream
CHE,202108,136.0031667641594,155.12982213746167,103.21850728407533,100.15511669034649,135.80347372287667,153.43966515563753,114.06338971979193,112.98655398811788,97.03213050223847,downstream,chips+upstream
CHE,202109,136.33955336162086,156.04820738493422,103.47380518107614,100.74804576329934,136.03122886872967,154.35228607429408,114.45556592886805,113.46827295314979,97.36574931886693,downstream,chips+upstream
CHE,202110,136.17606754508117,157.0475103648094,103.34972893824418,101.3932170474495,135.77796717048764,155.28926483623277,115.32680682882749,114.3700027864212,98.1069017684954,downstream,chips+upstream
CHE,202111,136.6412258862577,155.70578352346422,103.70275711228838,100.52696962635453,136.2361334000523,154.10128129072015,113.95227356425809,113.11336973885446,96.93760554264229,downstream,chips+upstream
CHE,202112,135.40744227075322,156.47886924195967,102.76638698110786,101.02609022921928,134.8788003396466,154.85819255791333,115.56149840647103,114.81284840016029,98.30655061152582,downstream,chips+upstream
CHE,202201,136.86708805115643,156.6283667353446,103.87417338197879,101.1226089945255,136.50637994079662,155.10443710387037,114.43829847304274,113.62431350911203,97.35106013567501,downstream,chips+upstream
CHE,202202,136.17396645566896,157.85991379934973,103.34813433336873,101.91772200507089,135.83419009202362,156.17324218723843,115.92517858451347,114.97344084095154,98.6159282530599,downstream,chips+upstream
CHE,202203,136.64753745192496,158.13009463536793,103.70754722418283,102.09215650635537,136.34450910243146,156.37569308091187,115.72114476706243,114.69159565746179,98.44235953788831,downstream,chips+upstream
CHE,202204,137.2872216164207,160.28950777077705,104.1930303652262,103.48631961167966,137.0837845255198,157.6721707250481,116.75486318648397,115.0188341172442,99.32172934113797,downstream,chips+upstream
CHE,202205,136.8594103498402,160.56529051414614,103.86834645244407,103.66437082364354,136.68969271092732,157.23048432030856,117.32133735174581,115.02731566806659,99.80362099160409,downstream,chips+upstream
CHE,202206,136.7976360788818,160.64465919779997,103.82146336737631,103.71561293598131,136.5037658370287,157.22264839657907,117.4323356765955,115.17824979589689,99.89804571428508,downstream,chips+upstream
CHE,202207,138.52471463553718,161.86091904356635,105.13221571838173,104.50085619288761,138.0877591556892,158.14519228122487,116.84623893247314,114.52513477528561,99.39946141039646,downstream,chips+upstream
CHE,202208,138.85951873506795,160.8918778044635,105.38631259133237,103.87522253300948,138.47627838160298,156.8769953531883,115.86665377361086,113.28799212878754,98.56614201487189,downstream,chips+upstream
CHE,202209,141.03021060003593,160.28994675357177,107.0337416873343,103.48660302832015,140.8072401581268,156.28541402386583,113.65646131533957,110.99245596203505,96.6859621993072,downstream,chips+upstream
CHE,202210,142.16599236866548,159.5672983315473,107.89573410668511,103.02004581812866,142.0343291014267,155.55604541078884,112.24013258934434,109.52003392060682,95.4811111589125,downstream,chips+upstream
CHE,202211,142.71778220766154,161.0396483912274,108.31451055778392,103.97062637062635,142.6616563210123,156.49788018344015,112.83782994673123,109.69862836254617,95.98956394227513,downstream,chips+upstream
CHE,202212,145.41248991534997,163.3380347778417,110.35963725425867,105.45451356638993,145.46072187314851,158.4299067473535,112.32737632986469,108.91593600471404,95.55532818890319,downstream,chips+upstream
CHE,202301,145.92023769308526,163.63214298045386,110.74498833792516,105.64439608508519,145.92764151795362,158.3690113399245,112.13807321546594,108.52571157359533,95.39429067681499,downstream,chips+upstream
CHE,202302,147.08548327234604,163.27062203073712,111.62934207888793,105.41099046129223,147.10739381056854,157.85480309976418,111.00389950000871,107.30582536390739,94.42946495805626,downstream,chips+upstream
CHE,202303,147.80597600017785,163.10288062030017,112.17615422779025,105.30269303462961,147.9022621644143,157.65883606140088,110.34931403592498,106.59663601773768,93.87261825788477,downstream,chips+upstream
CHE,202304,150.43454454397724,163.9522865999425,114.17108513888685,105.85108762334497,150.5675011553605,158.69203079884036,108.98579651166065,105.39593842040104,92.71269296825832,downstream,chips+upstream
CHE,202305,151.0959188635788,163.321918698746,114.67302984833374,105.44410868253085,151.08859280479737,158.27560397819101,108.09154868451861,104.75681918798402,91.95196884741858,downstream,chips+upstream
CHE,202306,151.36849521986173,163.78269814461467,114.87989947707734,105.74159770516762,151.38503876017347,158.2130534687513,108.20131223919574,104.51036295561207,92.04534316838156,downstream,chips+upstream
CHE,202307,152.57253843219047,165.7480631786769,115.7936983689635,107.01047922397196,152.1897730282823,159.9569669167323,108.63558074203647,105.10362407006585,92.41476931067112,downstream,chips+upstream
CHE,202308,154.0758301524838,165.98155563545342,116.93460950414509,107.16122692633215,153.23894413760993,160.1292870578879,107.72718567940663,104.49646984913336,91.64201033444552,downstream,chips+upstream
CHE,202309,159.13031969959903,167.26589489815,120.7706736087471,107.99042370457242,156.98246948548126,160.98377762937108,105.11252363088884,102.54888852048532,89.41775389480891,downstream,chips+upstream
CHE,202310,160.28617023012018,169.1851536259766,121.64789705318928,109.22953801022868,157.77131638429844,162.46238720615526,105.55193463233934,102.97333566668755,89.79155468874994,downstream,chips+upstream
CHE,202311,159.42664061618822,171.49123491356642,120.99556398016341,110.71839319792639,156.9063779545214,164.51505038361444,107.56748950536009,104.84917982830397,91.50615903247336,downstream,chips+upstream
CHE,202312,157.6597524218097,169.9777668516961,119.65459842545793,109.74126598759918,155.02366871397317,162.9111943251157,107.81303677106523,105.08794926386076,91.71504265752517,downstream,chips+upstream
CHE,202401,159.55730663564432,170.0149009894685,121.09473190251333,109.76524057772339,156.84838227321802,163.12294443492254,106.55413065959085,104.00039966671426,90.64410883380899,downstream,chips+upstream
CHE,202402,159.80429583387524,170.41602872766524,121.2821823638757,110.02421718759298,157.2772090938795,163.52544360451225,106.64045533846064,103.9727526617688,90.71754403090627,downstream,chips+upstream
CHE,202403,161.4742639983652,171.88749628692858,122.54959124303429,110.97422797902861,158.87482480490195,164.55434910365528,106.44884951367162,103.5748422103551,90.5545476352916,downstream,chips+upstream
CHE,202404,160.16879320813416,172.21276287804724,121.55881470836525,111.18422701686735,157.4323198071147,164.917167405411,107.51954823950152,104.75432719753267,91.46537606804753,downstream,chips+upstream
CHE,202405,161.1894415060014,174.3118242141523,122.33342750801111,112.53942571535813,158.74500219387306,166.9645375050137,108.14096915129663,105.17782304799886,91.99401014738052,downstream,chips+upstream
CHE,202406,162.58827558292472,173.51321031973455,123.3950613566442,112.0238235784907,160.3267554490786,165.9139390750466,106.71938655948031,103.48487288370441,90.78468971680509,downstream,chips+upstream
CHE,202407,162.45349803831027,171.96001456107274,123.29277302541263,111.02104732110622,160.49606064185207,164.3890104054121,105.85183861077626,102.42557340534806,90.04667880916507,downstream,chips+upstream
CHE,202408,162.46367541017432,173.78888128539123,123.30049705976325,112.2018026243831,160.7539261427665,166.57576843853005,106.97091571185004,103.62158638078496,90.99866204918814,downstream,chips+upstream
CHE,202409,158.26443380285892,174.6489114736859,120.11351648611311,112.7570564284489,157.42449140446803,167.75860711201068,110.35259614376545,106.56449045211866,93.87541030112567,downstream,chips+upstream
CHE,202410,156.04720774496553,175.1754134005408,118.43077063943757,113.09697728438285,155.34739120646788,168.44224550713477,112.25796086453357,108.42940084089528,95.49627742329444,downstream,chips+upstream
CHE,202411,155.7107168545844,176.37689081089712,118.17539359016594,113.87267668619369,155.07593420667936,169.97265374860385,113.27215902269111,109.60608080043593,96.35904161327007,downstream,chips+upstream
CHE,202412,160.62337386945947,178.68252032816264,121.90381503753825,115.36124020134949,160.14594346739847,172.38643524426672,111.24316220214628,107.6433355174932,94.63300239276836,downstream,chips+upstream
CHE,202501,160.05532635575278,178.71422393850742,121.47269995524823,115.38170872732235,159.92334406062102,172.68286134751395,111.65777984875164,107.97852081060552,94.98571182646812,downstream,chips+upstream
CHE,202502,160.69479895536722,179.79815983478636,121.95802253083008,116.08152082457644,160.5772331048821,174.1407923852722,111.88797708675379,108.44675114779872,95.18153739761719,downstream,chips+upstream
CHE,202503,159.36840962498678,177.6399344273721,120.95137003870978,114.68812454173853,159.1379725982219,172.18621849373469,111.46496024235947,108.19932897376786,94.8216828838179,downstream,chips+upstream
CHE,202504,158.88777955828826,176.3817032584839,120.58659972327665,113.87578370483767,158.37314569863352,171.41379260089616,111.01023864064886,108.23412760082289,94.43485757634842,downstream,chips+upstream
CHE,202505,158.72595550582713,177.07438374874383,120.46378466289896,114.32299298010928,158.30352135244175,172.50079363418698,111.55981590058413,108.9683869066544,94.90237526574994,downstream,chips+upstream
CHE,202506,157.13192198217638,177.39654532627495,119.2540057674022,114.53098735505405,156.72493749087943,173.12917485545523,112.89656683916664,110.46689673462492,96.03953059525723,downstream,chips+upstream
CHE,202507,158.42415343255738,178.83025138732762,120.23473441179588,115.45661851910677,158.1188583707195,174.595121065782,112.88067350377688,110.42017559754504,96.02601035710332,downstream,chips+upstream
CHE,202508,158.12283785944473,179.7879863349268,120.00605338606607,116.07495259642056,157.94044033716145,174.96713861778292,113.7014670168899,110.78045511603864,96.72424792022869,downstream,chips+upstream
CHE,202509,156.89155876510702,181.26466439695804,119.07158404103961,117.02832739940176,156.7341472583782,176.21031508491527,115.53500126054688,112.42624416390284,98.28400986004048,downstream,chips+upstream
CHE,202510,159.08873479512155,182.2511514432134,120.73911308065176,117.66522444388926,158.96679396383203,177.2715742700016,114.55943230544952,111.51484523889576,97.45410699289368,downstream,chips+upstream
CHE,202511,159.48106847186375,182.7665674694225,121.03687156256143,117.99798800628996,159.48379103269806,178.23741122102803,114.60079194394592,111.75895059108859,97.48929105896401,downstream,chips+upstream
CHE,202512,156.53438132519767,183.6727207321108,118.80050710172891,118.5830198493837,156.6690562894233,178.9798238883576,117.3369832091607,114.24069827657505,99.8169307037057,downstream,chips+upstream
CHE,202601,157.51996581236202,182.64007885499007,119.54850850484223,117.91632426321381,157.6736109198921,177.44325708268062,115.94725653543574,112.53833539261856,98.63470965715786,downstream,chips+upstream
CHE,202602,159.87421637807049,185.25710307682948,121.33524799736084,119.60593083085065,160.25968599324202,179.79063580636054,115.87678568427417,112.18706357252076,98.57476108958231,downstream,chips+upstream
CHE,202603,164.7983176016155,190.9430129749516,125.07235493466742,123.2768753435866,165.33779991856147,185.4846341507791,115.86466157775861,112.18525602865232,98.56444728172049,downstream,chips+upstream
CHE,202604,169.38719563573858,194.33072687466063,128.5550469341282,125.464055579236,170.24678561827815,188.62835044024047,114.72574780242672,110.79701138274461,97.59558926031428,downstream,chips+upstream
CHE,202605,175.90168045435058,195.66154051180933,133.49916268304986,126.32325720330302,176.9977076937094,189.24135521737674,111.23346860952063,106.91740457162004,94.62475618908286,downstream,chips+upstream
CHE,202606,178.11153828257738,198.27128408339524,135.17631647120496,128.0081632280934,179.32525006129447,191.46288514008867,111.318607427237,106.76850308288736,94.69718259068074,downstream,chips+upstream
CHN,201811,104.34409035010219,99.73166648999674,89.27295576371927,136.32410199350048,104.34336724001021,99.73166648999674,95.57960221357094,95.5802645898846,152.7048150554268,chips+upstream,downstream
CHN,201812,104.23131965583185,99.2161571699516,89.17647331639272,135.6194477187072,104.2278025400867,99.2161571699516,95.18843040418164,95.19164249077632,152.079850968694,chips+upstream,downstream
CHN,201901,104.15380352184775,98.2863796239019,89.1101533707502,134.3485265210587,104.14703440114626,98.2863796239019,94.36657740807796,94.3727108400699,150.76679978553113,chips+upstream,downstream
CHN,201902,104.55288938759901,98.05604250160322,89.45159652023378,134.03367665984354,104.54847461683285,98.1131128213383,93.78606662709183,93.844614358,149.83933420296793,chips+upstream,downstream
CHN,201903,104.82583096632312,94.67041968073046,89.68511526961154,129.40583871240008,104.78963248149331,94.60591926756933,90.31210991415347,90.2817550049882,144.28909225726036,chips+upstream,downstream
CHN,201904,104.96454923569578,92.73852806006421,89.80379750531627,126.76511887280421,104.94071835982253,92.51882208677318,88.3522377177286,88.16293954606168,141.15786012868764,chips+upstream,downstream
CHN,201905,105.58315582382829,89.46454665482,90.3330544895135,122.2898845693836,105.55724326565847,88.97652802688091,84.73373044853562,84.29220513361791,135.37667386591013,chips+upstream,downstream
CHN,201906,105.72453730502436,87.73463773700114,90.45401527104197,119.92525668285512,105.70429026658299,87.23314174881958,82.98417753664808,82.52563971511493,132.58146288310553,chips+upstream,downstream
CHN,201907,105.9376329556188,85.31445097592122,90.63633205127483,116.6170818726621,105.87331753984546,84.43634760921371,80.53271400887597,79.75224501436452,128.66482925047035,chips+upstream,downstream
CHN,201908,106.06251153193091,82.05274477200791,90.743173555969,112.15862665112311,105.93559446144083,80.15777941125293,77.36262661223644,75.66652154902413,123.60007067853473,chips+upstream,downstream
CHN,201909,105.72663815803058,78.74063538265418,90.45581268340008,107.63127486709192,105.49997724407127,75.81467225087742,74.47568252852211,71.86226407943414,118.98768213360354,chips+upstream,downstream
CHN,201910,105.00986148026566,76.95291477370783,89.84256499077202,105.1876236657523,104.6251109876549,73.1080886066928,73.2816077356406,69.87623517581653,117.07994276049043,chips+upstream,downstream
CHN,201911,105.04357325726279,74.86804327017472,89.87140754396773,102.33779426357843,104.55890430162016,69.7782120711285,71.27332110724659,66.73579121472035,113.8713602694069,chips+upstream,downstream
CHN,201912,105.32165624507526,72.63619158603755,90.10932509335966,99.28705634521428,104.76140252012769,66.57558291252609,68.96605520237814,63.5497247182568,110.18510708225352,chips+upstream,downstream
CHN,202001,106.49274340453361,70.99937166409612,91.11126408033059,97.0496726351354,105.91611350943913,64.33685102163072,66.67061941900684,60.74321355824399,106.51775454412427,chips+upstream,downstream
CHN,202002,107.09076372338926,70.82474512111826,91.62290821170285,96.8109740603144,106.47246441241154,64.05495984219456,66.13525075239492,60.1610568476028,105.66241123521648,chips+upstream,downstream
CHN,202003,107.55488073371542,70.5899663031912,92.0199896103045,96.49005280583789,106.99673879905902,63.50256748503844,65.63157880111268,59.35000281111083,104.85770886789236,chips+upstream,downstream
CHN,202004,107.96366693614627,69.80736086224381,92.36973201012785,95.42030246768346,107.27599416176142,62.32232554827958,64.65819737628075,58.09531390061394,103.3025650190488,chips+upstream,downstream
CHN,202005,108.80891988478596,69.82600495400575,93.09289926224422,95.44578724254366,108.01065432839594,62.05056664841949,64.17305219824084,57.44856100932483,102.52746235099127,chips+upstream,downstream
CHN,202006,109.83216543915724,69.49424098636501,93.96835042391815,94.99229612428424,108.98927073524555,61.033446616075125,63.27312286751018,55.9994999547582,101.08967082613111,chips+upstream,downstream
CHN,202007,109.9969312407691,69.57663145187801,94.1093179676412,95.1049163844201,109.1403973702465,60.55573510909259,63.25324776523423,55.48425383102104,101.05791693987328,chips+upstream,downstream
CHN,202008,110.5288417120115,69.62963656916604,94.56440095135552,95.17736955069778,109.60046555105225,60.13101952668237,62.99680290741632,54.863835864523,100.64820227609495,chips+upstream,downstream
CHN,202009,111.19195160507735,70.39941716433773,95.1317333220871,96.22958949309019,110.19354865093484,60.58649947284302,63.313410861225584,54.9818934180672,101.15403780911474,chips+upstream,downstream
CHN,202010,111.76715139635813,70.46240493126975,95.62385305162825,96.31568803195742,110.8053516079949,60.0315062896998,63.04393021648195,54.17744307339788,100.7234962389098,chips+upstream,downstream
CHN,202011,112.39408503545994,70.31143908290142,96.16023435355474,96.10933147104942,111.46043789339049,59.39925152307417,62.557953170505726,53.291780156012194,99.94706451908365,chips+upstream,downstream
CHN,202012,113.32896773453602,70.94017077369533,96.96008551483139,96.96875041148127,112.4592342161987,59.196498200494304,62.596679553163284,52.63818361655499,100.00893656044533,chips+upstream,downstream
CHN,202101,113.03793936434809,71.52973789911444,96.7110923736712,97.77463495915109,112.09967707928021,59.56610529675862,63.27940716307391,53.136732280354124,101.09971106661743,chips+upstream,downstream
CHN,202102,113.14002085000539,70.47213541883917,96.79842952829877,96.32898872196438,112.18428645801768,57.84181007837875,62.287539713526414,51.55963629543134,99.51503262127083,chips+upstream,downstream
CHN,202103,113.39607899711568,70.39561713068409,97.01750343620499,96.22439519328942,112.3176470743867,57.476446942772974,62.07941028761202,51.17312233642767,99.18251015041106,chips+upstream,downstream
CHN,202104,113.5986073480643,70.74754464988227,97.19077922455554,96.70544804951845,112.48488636881663,57.283188381670946,62.278531666425216,50.925231140697626,99.50064072033445,chips+upstream,downstream
CHN,202105,113.6659065492425,71.49622259268689,97.24835793926336,97.7288225886917,112.57879601168253,57.43239834884321,62.90032320440184,51.01528918721367,100.49405939556164,chips+upstream,downstream
CHN,202106,114.91319822530971,72.29496660033345,98.31549470041962,98.82063287721255,113.82257688676567,58.243293687452905,62.91267471172901,51.17024695847045,100.51379304791391,chips+upstream,downstream
CHN,202107,116.12164534955379,72.99979625968146,99.34939749552245,99.7840708077182,115.110160085162,59.390858264483036,62.86493447447692,51.59480120655195,100.43751982714876,chips+upstream,downstream
CHN,202108,117.37721299087134,73.96890376467402,100.42361486735074,101.10875247606796,116.50856741236946,60.8299214563113,63.01811218709609,52.210685280345416,100.6822475068461,chips+upstream,downstream
CHN,202109,119.43212560356926,74.60150146441377,102.18172231891961,101.97345589851429,118.81328674134414,61.61965442051063,62.463513135517935,51.86259559897225,99.79618035820995,chips+upstream,downstream
CHN,202110,120.49375372630334,75.39363257650868,103.09001219063505,103.05622696128684,120.02627494692639,63.24448176074906,62.570573365788114,52.69219742820037,99.96722744654863,chips+upstream,downstream
CHN,202111,122.42404020805712,76.43080921857107,104.74149412045709,104.47395293854173,122.08537805036859,64.76676730275537,62.43120966166325,53.05038845522896,99.74457001576884,chips+upstream,downstream
CHN,202112,124.98446810216004,77.56231519945094,106.93210180470166,106.02061852804327,124.72439456727729,66.22502332873188,62.05756313340703,53.09708943346251,99.1476055728119,chips+upstream,downstream
CHN,202201,127.15405454104045,78.52878367916182,108.78831995307853,107.34169288926259,127.13439168638148,67.46945544270261,61.75877282294269,53.06939731079067,98.67023678236792,chips+upstream,downstream
CHN,202202,128.3972401772338,79.23982184926443,109.85194373793884,108.31361728834061,128.42666892738438,68.61710623327086,61.714583381921074,53.42901657915668,98.59963656786262,chips+upstream,downstream
CHN,202203,130.3731849873907,79.90734207734255,111.54248924978164,109.22605662539284,130.4457867607508,69.23827542846401,61.291240284626745,53.07819987735838,97.9232733284251,chips+upstream,downstream
CHN,202204,132.37994417812834,80.50014522888289,113.25939840929479,110.03636452595077,132.5539527473971,69.65446853412169,60.8099253468208,52.54801316024087,97.15429012637286,chips+upstream,downstream
CHN,202205,133.93465264200276,80.86320984881907,114.5895496373639,110.53264078423807,134.24888676779204,70.3232762438333,60.37512193723333,52.38276304329454,96.4596170715702,chips+upstream,downstream
CHN,202206,134.6594059881652,81.49834666570557,115.20962187331399,111.40081494849659,135.00268067034602,70.57955643045858,60.52183734782568,52.28011479475882,96.69402011491226,chips+upstream,downstream
CHN,202207,136.529239194515,81.59421868042237,116.8093822100606,111.53186325815145,136.86183090826677,70.04045190038775,59.763182715882586,51.17603018721354,95.4819391627134,chips+upstream,downstream
CHN,202208,137.59285824302867,81.83260521094934,117.7193754444529,111.85771592706975,137.887867642308,69.87662805356412,59.474456927415055,50.67641500906345,95.02065017313227,chips+upstream,downstream
CHN,202209,137.9940732617148,82.86773201788647,118.06264021866988,113.27263996645955,138.3399570795944,70.34247152392493,60.05166023378583,50.84754470716882,95.94283149746734,chips+upstream,downstream
CHN,202210,139.64573512302755,83.14209971165147,119.47574119819701,113.64767560744417,139.96731648519744,70.28479489073273,59.53787248740785,50.21514783286272,95.12196741170685,chips+upstream,downstream
CHN,202211,139.20029541332758,84.09279304175027,119.09463940924064,114.94718677634587,139.5233043502386,71.41627190162664,60.41136104780055,51.18590921725437,96.51751526897611,chips+upstream,downstream
CHN,202212,138.52062940324197,84.51064626659046,118.51314223533369,115.51835406599645,138.79105391175796,71.8046583571129,61.00942988107195,51.73579732506796,97.47303285285405,chips+upstream,downstream
CHN,202301,139.47941094679587,84.17193782967193,119.33344036661808,115.0553704909133,139.66472818951004,71.45091899582873,60.3472134405408,51.15888594210953,96.41502845928046,chips+upstream,downstream
CHN,202302,138.65414000763553,84.45405209789921,118.6273689849275,115.4409949934327,138.78367362736336,71.64781674199071,60.90986687685518,51.62553697372674,97.31396386958589,chips+upstream,downstream
CHN,202303,138.35783860637986,84.53777588536092,118.37386443284147,115.55543778319955,138.46975650934434,71.56005612504025,61.10082141848577,51.679195464037065,97.61904651576116,chips+upstream,downstream
CHN,202304,138.26229368385995,84.82413430314494,118.29211972058275,115.94686365149789,138.22999599918788,72.41914323401755,61.35015704071666,52.39032433629169,98.01740295581433,chips+upstream,downstream
CHN,202305,137.8818339915965,84.1727942342519,117.96661243825028,115.05654111795097,137.53007571634265,70.89146007375234,61.04705152049397,51.546150690680044,97.53313987733385,chips+upstream,downstream
CHN,202306,137.8291626652463,83.77492079525948,117.92154879380716,114.51268437528692,137.07264477161266,70.48439696972936,60.78170916464791,51.42119865504081,97.10920993373243,chips+upstream,downstream
CHN,202307,136.8994090795855,83.38783698524604,117.1260859128202,113.98357607244313,135.85580624267985,69.32511459756641,60.91175816308243,51.02845179375745,97.31698552386005,chips+upstream,downstream
CHN,202308,136.22379153075107,82.40093354973321,116.54805245306301,112.63456898837842,134.77832407162387,67.46940070341218,60.489384874544534,50.05953380720003,96.64217172032055,chips+upstream,downstream
CHN,202309,135.96061693772918,81.39534347557598,116.32288997647092,111.2600189717414,133.43740444690755,66.48041655055789,59.866853585149265,49.82142512897072,95.64757116526799,chips+upstream,downstream
CHN,202310,135.3944827007182,80.64369314343388,115.83852640084885,110.23258144714467,132.29382191274684,64.92188132515705,59.56202315990391,49.07400843553803,95.16055225503706,chips+upstream,downstream
CHN,202311,136.8003439486625,79.12204010939519,117.04132944006795,108.15262038049774,133.09557827949158,62.52511213974533,57.8376032000969,46.97760282347389,92.40549547574837,chips+upstream,downstream
CHN,202312,136.43064806237965,78.48411105521795,116.72503127319122,107.28062948225082,132.38077906224513,62.48530592741031,57.52674503116996,47.20119217460555,91.9088462106846,chips+upstream,downstream
CHN,202401,136.20462587333932,77.72275369013902,116.53165502336132,106.23992332799304,131.8243430038665,61.185164629652,57.06322615093534,46.4141623887004,91.16829526423092,chips+upstream,downstream
CHN,202402,137.33429996612654,77.18046143064929,117.49816251769508,105.49865921505075,132.62593229798486,60.67776101144747,56.19896955799521,45.75105332727559,89.78749705908191,chips+upstream,downstream
CHN,202403,138.2969786058284,77.30107380332954,118.32179486072886,105.66352534006022,133.18599999647532,60.93912949869831,55.89498381136127,45.75490629669111,89.30182766787125,chips+upstream,downstream
CHN,202404,138.9955684185087,77.10871932649309,118.91948254227499,105.40059429476588,133.85672971598967,60.156840000100956,55.47566746467959,44.9412144818857,88.63189785348818,chips+upstream,downstream
CHN,202405,140.13980153134688,77.60457979874977,119.8984461972654,106.07839038474945,135.0502062891452,60.95098200060205,55.37654467235059,45.132091001849176,88.47353218424682,chips+upstream,downstream
CHN,202406,140.81608793958347,77.93585813985328,120.47705190846129,106.53121769577572,135.87749849245128,61.25709531702152,55.34584810600002,45.08258983029827,88.42448915227304,chips+upstream,downstream
CHN,202407,142.4527144152206,78.94510771001171,121.87728916647045,107.91076991004634,137.3118582692811,61.76337474958409,55.418465021244046,44.980364790097354,88.5405071347235,chips+upstream,downstream
CHN,202408,144.08326471075458,80.1150151699881,123.2723278688571,109.50992682288881,139.12795855518115,63.32615000627998,55.603275877193674,45.51648041408116,88.83577418882737,chips+upstream,downstream
CHN,202409,145.61345560445196,80.6469620204708,124.58150276802722,110.23704970424163,140.81149749285714,63.47029998935102,55.384278661404906,45.07465733937716,88.48588855883752,chips+upstream,downstream
CHN,202410,147.08918739678816,81.73640197392227,125.84408446838334,111.7262148666929,142.46681052848908,64.18372583587512,55.56927971423892,45.05170404094946,88.7814594851001,chips+upstream,downstream
CHN,202411,148.23977424013322,82.85149985097141,126.8284841408863,113.25045207312554,143.77222830433368,65.11368445783741,55.890195648005026,45.28947295718773,89.29417775530793,chips+upstream,downstream
CHN,202412,150.4658153096621,82.99874012070939,128.73300278934545,113.45171610746637,145.8305701790635,64.49206386086883,55.16119388971912,44.22396743130047,88.12947235691776,chips+upstream,downstream
CHN,202501,152.2462614607387,83.57160676679219,130.25628685796343,114.23477262138815,147.54848715504346,64.63690261591721,54.89238682444997,43.80722829641551,87.70000694550293,chips+upstream,downstream
CHN,202502,152.65836777629713,84.69198604937328,130.60886982414152,115.76622902801812,148.0975942417825,65.39503463698514,55.47811579741205,44.15671636787154,88.63580948513811,chips+upstream,downstream
CHN,202503,153.3056578850567,85.16713322545525,131.1626673708133,116.41571192922503,148.8310691201717,65.1571072765275,55.553809559534095,43.779237535354426,88.75674325843283,chips+upstream,downstream
CHN,202504,153.675593306587,85.15719250473856,131.47917047521435,116.40212386965914,149.18087501037462,64.66370204476262,55.41360906598073,43.345839096509955,88.53274891295618,chips+upstream,downstream
CHN,202505,154.07116555080137,84.95989182903882,131.81760749968421,116.13243182114438,149.4483217049951,63.7418559197085,55.14327844883168,42.65143642464739,88.1008493659867,chips+upstream,downstream
CHN,202506,154.84841434659268,84.4888557749742,132.48259290644054,115.48856844918957,149.78518236881453,63.06257745360971,54.56229960861289,42.102013334223784,87.17263597848498,chips+upstream,downstream
CHN,202507,155.48538688568652,83.69984183889055,133.0275631209916,114.4100582820327,150.239387543281,62.89997384801853,53.83132364742869,41.86650044077043,86.00477645221099,chips+upstream,downstream
CHN,202508,156.093163962054,83.39441868707902,133.54755477428702,113.99257265921995,150.66376523591663,62.24416859880273,53.426054396175914,41.31329686427111,85.35728928311899,chips+upstream,downstream
CHN,202509,156.9763192014236,83.2012859554365,134.30314982861356,113.72857781050898,151.5060270889229,62.28244549235373,53.00244417674049,41.10888965215787,84.68049927022551,chips+upstream,downstream
CHN,202510,157.49500925902743,83.0440952547383,134.74692191395334,113.513712443584,151.61845378159578,62.727902824714164,52.72808049311461,41.37220850113194,84.24215620752476,chips+upstream,downstream
CHN,202511,158.27601870222722,83.47732073129556,135.4151247919494,114.10589220083592,152.243225582475,63.96914297239326,52.74161014142371,42.01772704673755,84.2637721422531,chips+upstream,downstream
CHN,202512,159.91528427436486,85.82909300123347,136.81761996360135,117.3205506345708,153.59303148843765,67.32925120206343,53.67160080457191,43.83613667208068,85.74959180387913,chips+upstream,downstream
CHN,202601,160.93195227640095,88.47362724457116,137.6874436140604,120.93538801373192,154.65268944113342,71.2449698839129,54.975799394154826,46.06772125423101,87.83327283838263,chips+upstream,downstream
CHN,202602,163.86779309427268,91.83665273396443,140.19924075162515,125.53233746778294,157.51385019962413,76.11827249081574,56.043137580507384,48.324812322438795,89.53852873581116,chips+upstream,downstream
CHN,202603,168.06358581721557,97.75294518857307,143.78900627540548,133.6193702467483,161.59544041481075,84.13878044310553,58.16426248032592,52.0675461059568,92.92738972743241,chips+upstream,downstream
CHN,202604,173.6819246951736,104.58623519040766,148.5958498295986,142.95985512929764,167.00050542323262,93.04842961874802,60.21710973894682,55.71745389807867,96.20716547146908,chips+upstream,downstream
CHN,202605,181.18438708984894,116.4133391901446,155.01467998309911,159.12642878330948,174.2561529547114,108.53927270509907,64.25130832736458,62.28719667265239,102.65248994524819,chips+upstream,downstream
CHN,202606,188.63591101064517,119.83517759658528,161.38992905682767,163.80377013678708,181.6935662625999,112.95629014530016,63.52723453055697,62.16856901913938,101.4956578109093,chips+upstream,downstream
CZE,201801,96.5025027184656,102.54759121602122,80.50413443303351,64.89918773500679,96.5025027184656,102.54759121602122,106.264177951106,106.264177951106,80.615968598473,chips,downstream+upstream
CZE,201802,96.55820569367143,105.1606775297022,80.55060286315674,66.55292896118651,96.22370807891244,105.1640697219708,108.90910490126744,109.29122543866886,82.62250882746321,chips,downstream+upstream
CZE,201803,98.0303781583755,109.00839248650453,81.77871577907669,68.98802833671718,97.52650829361522,109.00492808833684,111.19858408624438,111.76953834968074,84.35939312508495,chips,downstream+upstream
CZE,201804,96.91987424067348,111.73285186681328,80.85231331115408,70.71225412010577,96.6150894958391,111.6887990297197,115.28373591298302,115.6018170790286,87.45854165974814,chips,downstream+upstream
CZE,201805,98.22826751184141,112.85598366013386,81.9437986594737,71.4230493737195,98.00731273154068,112.83629795447932,114.89155466019909,115.13048854176611,87.16101833468288,chips,downstream+upstream
CZE,201806,98.48436137687928,116.17729495496889,82.15743679690762,73.52500420945844,98.24376039695721,116.13272006770133,117.96522141254734,118.2087489306834,89.49281656779476,chips,downstream+upstream
CZE,201807,100.4271338663834,116.25887062859302,83.77813277122986,73.57663092145003,100.22698767820073,116.1884542912295,115.76440166387052,115.92531810322019,87.82319262517257,chips,downstream+upstream
CZE,201808,103.90034387115716,117.6478409360447,86.67554742123315,74.45566711988953,105.91897130986392,117.58586924350828,113.23142595363812,111.01492753315463,85.90158278210068,chips,downstream+upstream
CZE,201809,101.43617919946881,119.10818493061619,84.61989665149646,75.37987350969868,103.24126954402308,119.09171922694448,117.42179749928901,115.35282329724026,89.08055491978153,chips,downstream+upstream
CZE,201810,107.21529234048768,120.69655251519107,89.44093743388511,76.38510205618276,108.60875530505332,120.772705901168,112.57400868888222,111.19978823249502,85.40284152617112,chips,downstream+upstream
CZE,201811,102.30599004601476,122.22561476030909,85.34550860299092,77.35279809397055,103.67558719988139,122.33889911779305,119.47063383613704,118.0016457316318,90.63487857785141,chips,downstream+upstream
CZE,201812,99.96274014409894,125.29531516554103,83.39072712271822,79.29551620686806,101.73727321890094,125.4081838334428,125.34201742061543,123.26670439024922,95.08912914283188,chips,downstream+upstream
CZE,201901,89.87825841540347,126.18260285858396,74.97806993865716,79.85705304925425,89.60664730576642,126.24149848108198,140.39279919665043,140.88407755097208,106.50721352868752,chips,downstream+upstream
CZE,201902,89.23158466968287,127.37726842888195,74.43860299538333,80.61311981013985,88.76191274338119,127.36109776545783,142.7490825142315,143.48620239141357,108.29477793281458,chips,downstream+upstream
CZE,201903,85.64082809530291,127.36544438610491,71.4431288694582,80.60563674044631,85.81238116077297,127.30975408686658,148.7204727216906,148.35825828949623,112.82489725181264,chips,downstream+upstream
CZE,201904,82.0833451225159,127.31255164455658,68.47541218422376,80.57216256594002,82.42576890712724,127.29172665030453,155.1015634834722,154.43195536790168,117.66583069141899,chips,downstream+upstream
CZE,201905,79.93370721851531,128.14273082061402,66.68214533692888,81.09755720038979,80.43595474364848,128.10647304601892,160.31125701490282,159.26518614007585,121.61809850391478,chips,downstream+upstream
CZE,201906,78.4142937445308,128.98297350598585,65.41462311601963,81.62932071754584,79.10062525786226,128.93657062512543,164.48910950623986,163.00322558108942,124.78757322008529,chips,downstream+upstream
CZE,201907,75.39294519148956,133.64016124664332,62.89415946760337,84.57671029456088,76.2458725452096,133.543550046086,177.25817834442256,175.14856291650682,134.47466507303614,chips,downstream+upstream
CZE,201908,72.53612729546582,133.5323907517039,60.51095027122484,84.50850569316138,73.21791637164121,133.38237942485353,184.09087406579937,182.17177712054539,139.65820287794796,chips,downstream+upstream
CZE,201909,73.12459931055896,119.24807603838563,61.001864277376015,75.46840625003836,73.97211863993091,120.23678675825418,163.07518559102255,162.54338657450475,123.7149178046147,chips,downstream+upstream
CZE,201910,72.44082993558264,119.12742307557527,60.431451488757716,75.39204873455347,73.04323310028822,119.60922907741356,164.44789931521802,163.75127989363548,124.75630963221019,chips,downstream+upstream
CZE,201911,74.62796909670139,114.46397012001871,62.25600256350165,72.4406940974808,75.15360420975232,114.314535415157,153.37945210822855,152.10785512842105,116.35937277468253,chips,downstream+upstream
CZE,201912,80.68768298723764,105.8171979573537,67.311125569924,66.96842036357612,80.98470868783674,105.94798302687236,131.14417720247437,130.8246763413806,99.49086394938995,chips,downstream+upstream
CZE,202001,89.68411174871162,102.61053933263979,74.81610927530853,64.9390256443087,92.42098115149517,102.22340899481995,114.41328606804635,110.60627978754822,86.79818594327845,chips,downstream+upstream
CZE,202002,90.2479693573579,101.57743309349998,75.28648949808863,64.28520476983392,92.55307821371068,101.12098529018903,112.55370488313197,109.2572902401955,85.38743830188284,chips,downstream+upstream
CZE,202003,96.4662360244171,97.57930191972687,80.47388010044237,61.75491163901541,98.50221025401198,96.88697466356057,101.15383987308061,98.36020370884455,76.73907553846895,chips,downstream+upstream
CZE,202004,103.06302826017415,96.24937638887808,85.97704358339894,60.91324304712897,104.91635898861283,95.29667995438871,93.38884953574664,90.83109714542401,70.84826426724277,chips,downstream+upstream
CZE,202005,106.2511914747336,96.41990045062792,88.63666704174719,61.02116243329501,108.14328564899927,95.12087829500973,90.7471239732464,87.95819150875776,68.84415273033056,chips,downstream+upstream
CZE,202006,112.99319977340781,96.73005662686879,94.26097239275484,61.21745065099313,113.18778522476644,95.42046097785529,85.60697176542261,84.30279008319751,64.94464155952042,chips,downstream+upstream
CZE,202007,116.70780699922314,96.59835283079606,97.35976497376562,61.13409940611863,116.83729990768916,95.32462553294259,82.76940104909954,81.58749441167906,62.79195458472164,chips,downstream+upstream
CZE,202008,123.45092166023916,97.59010501138698,102.98499327226364,61.761748580434066,123.43787722602325,96.28164308441039,79.05174274840479,78.00008007923863,59.971600344870836,chips,downstream+upstream
CZE,202009,127.27793115123494,110.13657244197009,106.17755385733399,69.70201841547382,126.01877382218815,106.3493538066511,86.53234024608945,84.3916748124446,65.64666060128799,chips,downstream+upstream
CZE,202010,128.97557380228704,112.17532762193858,107.59375808364572,70.99228329250802,127.84840359454373,108.45961826444355,86.97408688710128,84.83455030726121,65.98178607844247,chips,downstream+upstream
CZE,202011,128.63424725309795,118.58194289258674,107.30901729840778,75.04683125668095,127.74584703888496,115.37472983072404,92.18535920629868,90.31583609571648,69.93525161822022,chips,downstream+upstream
CZE,202012,127.13576761044934,136.81948100944197,106.05895845849476,86.588803096632,126.41303589083412,131.6133480358627,107.61682851411574,104.1137467416884,81.64213976372186,chips,downstream+upstream
CZE,202101,130.49396483846652,143.30926954977792,108.86042736843223,90.69598884176101,129.39402353869423,138.5737578012541,109.8206110352881,107.09440359879893,83.31401137605802,chips,downstream+upstream
CZE,202102,131.6531252050576,146.0826068873823,109.82741992668466,92.45114796730827,131.0459370957327,141.2209801267217,110.96022723338312,107.76448568837037,84.1785667268011,chips,downstream+upstream
CZE,202103,130.30165407089268,154.7378506395655,108.69999824535702,97.92878310728827,129.6692403167629,150.65517175261633,118.7535582283383,116.18420173094859,90.09087827788551,chips,downstream+upstream
CZE,202104,129.21973968790812,158.04203367594823,107.79744568475742,100.01989799985851,128.0824547562339,154.37865218681915,122.30486925422679,120.53067883546743,92.78503527101788,chips,downstream+upstream
CZE,202105,130.22604940835623,159.64427520332652,108.63692746744825,101.03390693414055,128.9925806271547,156.48437313849595,122.59012381057656,121.31269285231578,93.00144001625428,chips,downstream+upstream
CZE,202106,115.98768613774607,160.84068853130705,96.7590271171578,101.7910797966187,116.41853184323345,157.63366574386865,138.6704863999907,135.4025542566836,105.20060280615265,chips,downstream+upstream
CZE,202107,115.55358750724459,162.27768764911872,96.39689418254325,102.70051193847605,115.62366298937246,159.34452168853252,140.4350060866304,137.8130717958474,106.53923324956494,chips,downstream+upstream
CZE,202108,114.46717845078591,162.7762460728985,95.49059208397934,103.01603409124503,114.9973788932269,159.56434486531631,142.20342309117248,138.7547667616573,107.8808203436915,chips,downstream+upstream
CZE,202109,112.45891775990002,164.11945574872118,93.81526466674833,103.86610980618855,114.39883270509212,160.82929544215196,145.9372533702632,140.58648295542716,110.71344324949989,chips,downstream+upstream
CZE,202110,113.01570216131208,163.23322218871587,94.2797442920308,103.30524009188498,114.69511208992765,159.86522298594593,144.4341087716521,139.3827688669089,109.57310169605232,chips,downstream+upstream
CZE,202111,107.65326095107837,161.8157832922304,89.80629877593552,102.40818700701897,109.51806427936465,157.7843945344604,150.31201271809638,144.07156990282022,114.03229885080205,chips,downstream+upstream
CZE,202112,107.44187907495291,159.2479933021762,89.62996018892542,100.78311241821125,109.40423078609378,155.2765946232248,148.21780359135627,141.92924122543332,112.44355370210673,chips,downstream+upstream
CZE,202201,107.95377184157147,159.77280009689767,90.05699039993853,101.11524635028466,110.07599117764168,156.13287043469387,148.00112804893345,141.84098527236984,112.27917555454273,chips,downstream+upstream
CZE,202202,109.19109254868833,159.1696200517591,91.08918572893543,100.7335124204745,111.64719362530138,155.73463981876833,145.77161592259492,139.4881812626913,110.58778450412191,chips,downstream+upstream
CZE,202203,108.03741492798605,158.11009818744546,90.12676697653941,100.06297391668278,110.5070383328788,154.94530227561467,146.34753922318126,140.21306209372392,111.02470139945198,chips,downstream+upstream
CZE,202204,110.50172318365522,156.0866602792259,92.18253752663173,98.7824028655399,113.35650804521649,152.7900301787008,141.25269342615405,134.7871708589989,107.15956136160979,chips,downstream+upstream
CZE,202205,110.33481798172447,153.88866937606392,92.04330218624884,97.39136264145846,113.03494925288442,150.70738440739711,139.47425861667128,133.32813028493607,105.81037438703346,chips,downstream+upstream
CZE,202206,122.59040756137595,150.9376132296932,102.26713683595436,95.5237307976601,125.3603979954588,148.32944077248496,123.12351042158414,118.32240735057192,93.40608699243111,chips,downstream+upstream
CZE,202207,123.29593263356911,147.8843688296933,102.85569862096229,93.59142717973276,126.30959416606353,145.9333198160836,119.94261746589817,115.5362114648394,90.992942962383,chips,downstream+upstream
CZE,202208,122.17385300528696,146.68500400168497,101.91963948575699,92.83238640449204,123.93466181546735,144.9852112039761,120.06251779203306,116.98519936242855,91.08390382156438,chips,downstream+upstream
CZE,202209,125.7365053590614,144.28412255403651,104.89166856217533,91.3129430518715,127.08800894893812,143.35923111541408,114.75117917585615,112.80311360689699,87.05452425684797,chips,downstream+upstream
CZE,202210,126.47374856972972,142.6834080073944,105.5066901923877,90.29990049630484,128.36764155444862,142.28050798732627,112.81661974992991,110.83829714747571,85.5868953254492,chips,downstream+upstream
CZE,202211,137.50917193418138,141.1624966586383,114.71264010074445,89.33736290784705,138.7735466321903,141.51607299983732,102.65678621510831,101.97626019814562,77.87926668707826,chips,downstream+upstream
CZE,202212,137.64742138531082,141.11560113274714,114.8279702951487,89.307684184996,138.41782026180746,141.8964548109668,102.51961112858626,102.51314067984869,77.77520055039162,chips,downstream+upstream
CZE,202301,140.49001149267903,140.15872976339458,117.19931041271222,88.70210999352574,142.05294318438985,141.32301257528496,99.76419552837625,99.48615594105824,75.68483951071482,chips,downstream+upstream
CZE,202302,138.13257852284414,139.99316115369297,115.23269716047231,88.59732675915983,139.72996151582012,141.58218952385684,101.34695424551212,101.32557683974385,76.8855793037455,chips,downstream+upstream
CZE,202303,138.954451019127,133.6797224243571,115.91831807250807,84.60174733608493,141.03584787554055,137.4776337290108,96.20398730945018,97.47708529418013,72.98393277511641,chips,downstream+upstream
CZE,202304,136.86946101572448,129.27130764216858,114.17898167399902,81.81179844337672,139.6259125896994,134.4627245191408,94.44861306739348,96.30212761027319,71.65224040705121,chips,downstream+upstream
CZE,202305,138.57863069184128,130.59678607474228,115.60480195325528,82.6506526047884,141.69591618565494,135.9553784848262,94.24020530636624,95.94869220273979,71.4941345068072,chips,downstream+upstream
CZE,202306,139.03844836591585,131.6620331286818,115.9883901795252,83.32481440340295,143.208425673425,136.428693065703,94.69469393255807,95.26582840650546,71.8389265291414,chips,downstream+upstream
CZE,202307,139.78128184714484,128.89767268640844,116.60807531462142,81.5753364762969,144.6614003603608,133.7621492659062,92.21382933614963,92.46568119256149,69.95685012054068,chips,downstream+upstream
CZE,202308,138.44681076115472,129.13143746066675,115.4948353811768,81.72327894662233,145.7151156183296,134.06238186978788,93.27151470714725,92.00307140471024,70.75924969017402,chips,downstream+upstream
CZE,202309,141.21478688011018,128.26446000921138,117.80393115911643,81.1745958257727,150.10917553206582,132.6789048059202,90.82934078150507,88.38827096054351,68.90652546741508,chips,downstream+upstream
CZE,202310,142.47834270286955,126.16505073927027,118.85801229642976,79.84594485770162,152.04858129045485,129.93276963648432,88.55033568321346,85.4547727665257,67.177587202592,chips,downstream+upstream
CZE,202311,144.99512786076718,126.66899447783004,120.95756002817667,80.16487520905211,155.77148608874396,130.24261022585935,87.36086263496041,83.61132932355756,66.27520858586927,chips,downstream+upstream
CZE,202312,148.97493696560457,126.55731468599498,124.2775888167392,80.0941965349793,161.58532899722914,130.11641661962656,84.9520847357127,80.5248950675824,64.44781983426384,chips,downstream+upstream
CZE,202401,151.19157975179033,126.776149161246,126.12675234952046,80.23269008245123,164.51910860949857,131.1357377034249,83.85132913444856,79.70851459856118,63.61274558161275,chips,downstream+upstream
CZE,202402,157.800589504533,125.81634972613627,131.6401079062797,79.62526280904095,172.09841956274016,130.32977737335156,79.73122921858416,75.72979328019835,60.48708412312274,chips,downstream+upstream
CZE,202403,165.7264790426843,132.98785324335316,138.2520284151414,84.16388480480954,181.04695170541035,137.21701746945234,80.24538626027346,75.79084661570239,60.877142830833066,chips,downstream+upstream
CZE,202404,166.48307642251407,141.00640967109388,138.8831956435727,89.23858029786552,182.51687339027282,145.4056801234415,84.6971432178707,79.66697950853177,64.25441169058767,chips,downstream+upstream
CZE,202405,161.19903867535618,138.92717502669254,134.47515571545355,87.92269722414345,177.46979761867476,143.87876434336374,86.18362501930446,81.07225357438718,65.38211222464462,chips,downstream+upstream
CZE,202406,161.00600179837696,139.50460443657838,134.31412085877005,88.2881343761186,177.18339461828822,144.84187576166343,86.64559263528317,81.74686802547205,65.73257808756587,chips,downstream+upstream
CZE,202407,169.2223381991327,143.70548894615945,141.1683373974143,90.94674380036211,185.91560177671568,149.21225177327685,84.92111057882545,80.25805814429738,64.42432168364401,chips,downstream+upstream
CZE,202408,179.59340602401645,150.23715776198353,149.8200698900348,95.08043427201923,197.36323002560218,156.31991895134686,83.65405005008525,79.2041754338277,63.46308231053859,chips,downstream+upstream
CZE,202409,184.9735866169394,156.02726223144919,154.30831392024677,98.74481168462535,202.61177880327867,163.02648289799433,84.35110389818252,80.46249031566975,63.991893356867955,chips,downstream+upstream
CZE,202410,190.90553911753008,157.86243744055412,159.25685606273512,99.90623711656396,209.24425631738478,165.66137500518514,82.69138662517636,79.17128905746762,62.732769933125184,chips,downstream+upstream
CZE,202411,175.58988367042247,159.38126233056678,146.4802590801571,100.86745425003996,192.20843156644182,167.3886112623797,90.76904602871153,87.08702833596429,68.86078361920642,chips,downstream+upstream
CZE,202412,177.42769631226764,162.25656009967238,148.01339564982166,102.68714096816228,193.50801196482792,170.55926711465463,91.44939796439982,88.14067458129618,69.37692397187159,chips,downstream+upstream
CZE,202501,176.78466550343737,162.64907983188849,147.47696771043775,102.9355545241387,192.72712673589174,170.9501565517361,92.00406571956094,88.7006201187245,69.79771561770006,chips,downstream+upstream
CZE,202502,168.5142897012714,165.07349707024844,140.5776705250408,104.4698929482257,182.75083471562692,173.59513194106782,97.95815972810229,94.99006240447217,74.31471339512395,chips,downstream+upstream
CZE,202503,168.76487147645653,165.53567027844778,140.78671037735242,104.76238802733327,182.95201062473433,173.9686410782477,98.08656791561079,95.08976724780958,74.41212863525065,chips,downstream+upstream
CZE,202504,173.37712580675327,169.15798664299624,144.63433642005506,107.05483962946985,187.3823975459324,176.99715469875892,97.56649607373252,94.4577276290705,74.01758273951992,chips,downstream+upstream
CZE,202505,183.1774379486286,175.08242483812714,152.80993419140958,110.8042326877651,193.7973225126315,182.98308435993565,95.58078047102522,94.41982065980763,72.51114482450585,chips,downstream+upstream
CZE,202506,189.27564751359387,178.43834134574573,157.89717098620034,112.92808808864085,200.0429987597516,186.726997365182,94.27432619557156,93.34343042389506,71.52001988592333,chips,downstream+upstream
CZE,202507,189.05742618912714,182.59123039730193,157.7151268075921,115.5563226771242,197.83285218980902,191.75972939892915,96.57977159524184,96.93017477953912,73.26901674948375,chips,downstream+upstream
CZE,202508,194.83476589461011,180.33060633220867,162.53468815795804,114.12564386878726,202.59197067978624,189.1399555668767,92.55566146226334,93.36004528324986,70.21617672030426,chips,downstream+upstream
CZE,202509,196.63825093176047,181.69239743179057,164.03918801846723,114.98747919012068,204.54122060400218,190.84174249654959,92.3993152760718,93.30233873299545,70.09756667240732,chips,downstream+upstream
CZE,202510,192.5871512084553,187.20869608799694,160.65968730564086,118.478573401562,200.46858930399827,197.29381643168466,97.2072617063447,98.41632403194134,73.74505415049576,chips,downstream+upstream
CZE,202511,223.10059005353992,191.87869229800827,186.11455027396468,121.43406906129765,232.1325358785218,202.66409940542167,86.00546159557939,87.30533987337243,65.24695080666399,chips,downstream+upstream
CZE,202512,229.89571981981157,193.85068006368468,191.78317051472413,122.682078914071,239.55291514849492,204.99571929867213,84.32113491091596,85.57429542095058,63.96915776541097,chips,downstream+upstream
CZE,202601,234.65269712073956,199.0678181682744,195.75152707896814,125.98384369737028,244.40470686390904,211.05466083265628,84.83508632583282,86.35458111294767,64.3590604769827,chips,downstream+upstream
CZE,202602,247.07002495612346,206.6630045990636,206.11028670901774,130.79060145939124,257.28854868786317,219.83016252169762,83.64551897210694,85.44109858087417,63.45661031661108,chips,downstream+upstream
CZE,202603,252.40439979914177,213.68701488853915,210.5603187535894,135.23587956903518,263.14274344907835,227.51989197764266,84.66057448229385,86.46253702286523,64.22666928391978,chips,downstream+upstream
CZE,202604,257.87791619287526,222.1981321681759,215.12642519818652,140.62230153776017,269.3130515630808,238.11139084760913,86.16407928548124,88.41435254088925,65.36728410199305,chips,downstream+upstream
CZE,202605,263.3829487122809,230.80521772881917,219.71882296525138,146.06945885298907,280.16972085162325,248.4983059657524,87.63104022384928,88.69563249390397,66.48017538128265,chips,downstream+upstream
CZE,202606,265.64346704168497,234.24466726422528,221.60458827031906,148.2461797145565,282.6913901596008,252.97524633998017,88.18009713277362,89.4881326938031,66.89671042989504,chips,downstream+upstream
DEU,201801,100.80278075094762,101.4562749220119,90.54901480806947,75.11020711058775,100.80278075094762,101.4562749220119,100.64828982513774,100.64828982513774,82.94977838223166,downstream,chips+upstream
DEU,201802,102.05183637186923,102.27366806319307,91.67101516433316,75.71534038767766,102.05322321749154,102.27342581870292,100.2173715821394,100.21577231396417,82.59463501298343,downstream,chips+upstream
DEU,201803,102.75297296234862,103.25449181441229,92.30083139599698,76.44146477130684,102.75952811676189,103.25907446680395,100.4880820842502,100.48613141690808,82.8177423921038,downstream,chips+upstream
DEU,201804,104.58913195283618,103.65761697867933,93.95021434338224,76.73990678095939,104.60606551611697,103.66268127980067,99.10935777287365,99.09815532047618,81.68146003422596,downstream,chips+upstream
DEU,201805,104.71409256536559,104.35281142849342,94.0624638296569,77.25457380522975,104.73136176493092,104.35692301384434,99.65498327109444,99.64247695744946,82.13113994667893,downstream,chips+upstream
DEU,201806,104.89509496708023,104.6166752133477,94.2250544747865,77.44991769642448,104.90102196327538,104.62164880874644,99.73457314298642,99.73367928233651,82.1967343273324,downstream,chips+upstream
DEU,201807,104.50043519974834,104.84367032141144,93.8705399182429,77.6179669333284,104.4896960566726,104.85130751487625,100.32845329400497,100.34607379660434,82.68618354696824,downstream,chips+upstream
DEU,201808,104.84771379972773,104.83153216858194,94.18249297011111,77.60898080434166,104.83495371083605,104.83668542009612,99.98456653887877,100.00165184339647,82.4027676024364,downstream,chips+upstream
DEU,201809,106.04647980092827,104.85746004409206,95.25931922019545,77.6281757540971,106.04287323729731,104.86114530932073,98.87877489279394,98.88561306205635,81.49142403029009,downstream,chips+upstream
DEU,201810,106.91290813003245,104.83743982111973,96.03761353923832,77.61335436335506,106.91042893169866,104.83853468244169,98.05872990903173,98.06202793313959,80.81557996195353,downstream,chips+upstream
DEU,201811,108.1726554003249,104.75168519602668,97.16921797894088,77.54986841676002,108.17515195348852,104.76991826939692,96.83749077653876,96.85211102309732,79.80908978146465,downstream,chips+upstream
DEU,201812,108.63614018606924,105.13939267153019,97.58555659990978,77.83689638822631,108.63335102842468,105.15572469950685,96.7812299769212,96.79874891458711,79.76272216937713,downstream,chips+upstream
DEU,201901,108.91282711237531,104.80434266738841,97.83409863814171,77.58885184664585,108.87433634681378,104.84215812664924,96.22773133898379,96.29648422625492,79.30655357047156,downstream,chips+upstream
DEU,201902,108.08791039192587,104.28831728056136,97.09309332282258,77.20682743555156,108.01617404213395,104.35818368859857,96.48471961610949,96.6134790590634,79.51835171102064,downstream,chips+upstream
DEU,201903,108.93778170190286,103.89722445237295,97.85651482031274,76.9172932165269,108.87690058829718,103.97827160962711,95.37299440948514,95.50076375043633,78.60211796604948,downstream,chips+upstream
DEU,201904,108.31197492659268,103.47541432265504,97.29436577499467,76.60501833526588,108.17361761066147,103.57531434686508,95.53460214605488,95.74914534119901,78.7353077694391,downstream,chips+upstream
DEU,201905,107.00481927133336,102.67647958366757,96.12017538160698,76.0135502002558,106.82268513300394,102.81571299390338,95.95500490805898,96.24895017934485,79.08178475379825,downstream,chips+upstream
DEU,201906,106.21429139475363,102.60811594053578,95.41006084042716,75.96293916216665,106.03513951301142,102.7580335476707,96.60481145534813,96.90941514257302,79.6173259853741,downstream,chips+upstream
DEU,201907,105.13783559265943,102.81161247249548,94.44310326606337,76.11359191058983,104.9035983688673,103.02922569180757,97.78745386277825,98.21324272360137,80.59200648687286,downstream,chips+upstream
DEU,201908,104.2877739132153,103.58150128857213,93.67951076369052,76.68355673999137,103.97877935023232,103.75923670991298,99.32276565301805,99.78885822502316,81.85734117829462,downstream,chips+upstream
DEU,201909,103.29966696591998,104.11589655884173,92.79191510476066,77.07918076087843,102.96396322657817,104.3096203775412,100.79015704202708,101.30692050771378,83.06669894015788,downstream,chips+upstream
DEU,201910,100.54588098392799,105.32623753382973,90.31824715826103,77.97522155653805,100.12797089943012,105.54214612875339,104.75440316711321,105.4072555158052,86.33385169655165,downstream,chips+upstream
DEU,201911,99.46940921028208,105.86590216720913,89.35127523698877,78.37474659739475,99.06829799345552,106.1090939785291,106.4306131982795,107.10701215997342,87.71530835963932,downstream,chips+upstream
DEU,201912,99.25877213983937,106.30124199746933,89.16206439311563,78.69703779958472,98.79134232118011,106.60980073281425,107.09506042217436,107.91411294545992,88.26291577616396,downstream,chips+upstream
DEU,202001,98.33576220386114,107.57398212827769,88.33294400835777,79.63927399834577,97.78428763733984,107.89168762521915,109.39456787375552,110.33642544430595,90.15806604477098,downstream,chips+upstream
DEU,202002,98.99587146330644,109.07753690488968,88.9259062526845,80.75238711786696,98.36742574381974,109.44424826614319,110.18392514007019,111.2606611777877,90.80861868127343,downstream,chips+upstream
DEU,202003,99.26099548658283,110.14260553450504,89.16406157866643,81.54087975096326,98.53176352349489,110.62466950450212,110.96262433655835,112.27310417327878,91.45038741760602,downstream,chips+upstream
DEU,202004,99.71043586228654,111.83981513672232,89.5677844019037,82.79735959738585,99.00832725616941,112.38969190010233,112.16460360396786,113.51539311366267,92.44100448645915,downstream,chips+upstream
DEU,202005,101.10056752421039,113.63587256826958,90.81651039441086,84.12701856396748,100.38134061473387,114.33631299536728,112.39884735667519,113.90195856637634,92.63405761640554,downstream,chips+upstream
DEU,202006,101.16851275088932,115.05949904326853,90.87754416045237,85.1809590863007,100.32461287305061,115.72768055265364,113.73054314496395,115.35322912144586,93.73158118787426,downstream,chips+upstream
DEU,202007,100.79345177320312,117.01658265616821,90.5406347838515,86.62982911046261,99.87806660378007,117.60381514147393,116.09542147586036,117.74738853127039,95.68060718513274,downstream,chips+upstream
DEU,202008,100.83003753677102,117.50195572908082,90.57349900468346,86.98916097101429,99.86228644884655,118.03221366215988,116.53467418995042,118.19498417214861,96.04261944933381,downstream,chips+upstream
DEU,202009,100.03799899285252,118.6270817318219,89.86202746285137,87.82211533639337,98.98293119909405,119.1570450177723,118.58202175784977,120.38140674789685,97.72995092137076,downstream,chips+upstream
DEU,202010,102.35394077639712,119.18055629068394,91.94238918790067,88.23186415457661,101.22432043386158,119.68287323356452,116.43963621395518,118.23529436462206,95.96429343842595,downstream,chips+upstream
DEU,202011,104.31032916614191,120.43243410655833,93.69977167232852,89.158655544264,103.08761437197349,120.88420874034038,115.4559045775205,117.26356214253927,95.15354621786597,downstream,chips+upstream
DEU,202012,105.497472970476,121.51698826585731,94.76615794775817,89.96157372345215,104.20471477733224,121.94961532968213,115.18473840588054,117.02888452817871,94.93006329648327,downstream,chips+upstream
DEU,202101,107.6792875342334,123.8743929718439,96.72603601630315,91.70680984459138,106.40012345916216,124.28371690931476,115.04013056592872,116.80786907828784,94.81088404070876,downstream,chips+upstream
DEU,202102,107.82538919359052,125.98093545072197,96.85727605966365,93.26632740028133,106.55939317917942,126.51273999762655,116.83791395784795,118.72509426259177,96.29253598132338,downstream,chips+upstream
DEU,202103,107.82673182238372,128.32507916320841,96.85848211482968,95.00174612994768,106.49961724798855,128.8852244094196,119.01045037198229,121.01942498939249,98.08304245086066,downstream,chips+upstream
DEU,202104,108.67114376636478,129.91378351805528,97.61699957883262,96.17789726719145,107.20126372830588,130.49546880360475,119.54763612073566,121.72941275611863,98.52576670267459,downstream,chips+upstream
DEU,202105,108.96208588924117,131.84971725153105,97.87834675989615,97.61110959225967,107.35646200241872,132.43435768371913,121.00513327686744,123.35946547934432,99.72697008431085,downstream,chips+upstream
DEU,202106,109.29021032981044,133.96867569218404,98.17309403379728,99.17981894472226,107.57365887525279,134.66279572251673,122.58067331730828,125.1819424294917,101.02545908411362,downstream,chips+upstream
DEU,202107,111.03159835143784,135.43573986813522,99.73734621595202,100.26591730763691,109.27822426706993,136.20577915193323,121.97945618998769,124.64128152288953,100.5299630597153,downstream,chips+upstream
DEU,202108,112.460196318283,137.98339740720482,101.02062567998034,102.15200158929873,110.69394310937237,139.00286857383156,122.69531969932407,125.57405099978077,101.11994545836852,downstream,chips+upstream
DEU,202109,114.23584315604276,140.50903431052637,102.61565183509659,104.02178353270683,112.50889027125959,141.55158557026752,122.99907842286873,125.81368923734456,101.37028969018284,downstream,chips+upstream
DEU,202110,115.35480699527183,142.53698709327924,103.6207934839007,105.52311948891209,113.6506912638346,143.65144539795742,123.56397692132722,126.39733537957768,101.83585353967295,downstream,chips+upstream
DEU,202111,115.63528524613278,144.30173116146412,103.8727411891262,106.82959651618751,113.8493598676566,145.5672592937372,124.790396680662,127.85953251116287,102.84661335901168,downstream,chips+upstream
DEU,202112,116.91536184067719,146.2391014948231,105.02260703262155,108.26387238626411,115.10939704111915,147.6308092127238,125.08116914020754,128.25261273846078,103.08625489808664,downstream,chips+upstream
DEU,202201,117.51326269807969,146.8286038788965,105.55968877964654,108.7002933586877,115.63850876172206,148.39982695408074,124.94641073504621,128.3308030717213,102.9751931019777,downstream,chips+upstream
DEU,202202,119.79964672879721,147.64908451579186,107.61349939788613,109.3077123735767,117.92762224502056,149.3629638543852,123.24667772188033,126.6564703085854,101.5743498586794,downstream,chips+upstream
DEU,202203,121.29163519726143,148.52141248903496,108.95372121436776,109.95351505841816,119.40039267188864,150.49320819186892,122.4498393871009,126.04079837946855,100.9176316631566,downstream,chips+upstream
DEU,202204,121.45559459282885,148.9695803387242,109.10100248604058,110.28530311229991,119.56069272167835,151.10356825064298,122.6535350949736,126.3823124564796,101.08550847313329,downstream,chips+upstream
DEU,202205,121.99845309766782,149.1444611472603,109.58864084707747,110.41477104081306,120.17552226617121,151.46282713665542,122.25110840369452,126.03467351794602,100.75384655503521,downstream,chips+upstream
DEU,202206,123.66764382074764,149.80069532529978,111.08803971658955,110.90059495918067,122.08659159218823,152.32425539105083,121.13168060550355,124.76739124626145,99.83126468170012,downstream,chips+upstream
DEU,202207,124.98689718154236,150.10887820242726,112.27309722405393,111.128749203428,123.48751299283202,152.78721246510293,120.09969171760096,123.72685202103928,98.9807460122506,downstream,chips+upstream
DEU,202208,124.83430928890526,150.0725811525559,112.13603073395318,111.10187773652822,123.2807303096606,152.9330207409216,120.2174161954479,124.0526563695554,99.07776921418012,downstream,chips+upstream
DEU,202209,124.79671397267758,148.93154487817452,112.10225965323046,110.2571446635334,123.28703784320764,152.0695204387831,119.33931602620635,123.34591137811265,98.35407868190649,downstream,chips+upstream
DEU,202210,124.0202391082286,149.1018151937833,111.40476863685863,110.38319934748459,122.52641637871919,152.4669813086526,120.22377659155035,124.43600801756052,99.08301116561356,downstream,chips+upstream
DEU,202211,122.77849867133045,150.01295714528518,110.28933935632848,111.05773683407237,121.2689384616423,153.5772269988425,122.18178163821622,126.64184988097293,100.69671056353081,downstream,chips+upstream
DEU,202212,121.76370946611618,150.7936702948682,109.3777755871003,111.63571514447472,120.13640677910733,154.54773549877874,123.8412257281225,128.64354748260692,102.06434949445132,downstream,chips+upstream
DEU,202301,121.52176269556392,151.14501165822608,109.16043989907371,111.89582052079187,119.96594299692278,155.00265721304837,124.3769085516594,129.20555062616756,102.50583510312639,downstream,chips+upstream
DEU,202302,120.38028798581692,151.40694159537205,108.1350772094145,112.08973274398969,118.53769805273006,155.40224298761777,125.77386557939673,131.09942705188095,103.6571440430163,downstream,chips+upstream
DEU,202303,119.74570523955188,151.6094212201231,107.56504489423,112.2396326546893,117.69092580002456,155.7149772285884,126.60948542315374,132.30839690493445,104.34582420809276,downstream,chips+upstream
DEU,202304,119.92882072558832,153.3637629756582,107.72953367849942,113.53840863185073,117.6311556746247,157.51093449700565,127.87898859321987,133.90239481510406,105.39209143027288,downstream,chips+upstream
DEU,202305,118.36143131028922,155.75637551316171,106.32158077959495,115.3097098487091,115.79042653671152,160.08008007398854,131.59385940918554,138.24984056279897,108.45372031078674,downstream,chips+upstream
DEU,202306,117.10102098654774,156.53543630617722,105.18938073294456,115.88646488490684,113.97957031985119,160.91943326818438,133.67555208947292,141.18269863328123,110.16935747451551,downstream,chips+upstream
DEU,202307,115.4459088950714,158.321861402355,103.70262840167322,117.20899283169581,112.01386316703757,162.73148706404828,137.1394299872969,145.27798833380066,113.02412931879427,downstream,chips+upstream
DEU,202308,114.75519892941468,159.38052930449132,103.08217818747866,117.99274687206358,111.23558305830024,163.8467750009217,138.88741494189335,147.2970883022631,114.46473963468895,downstream,chips+upstream
DEU,202309,114.85552576009948,161.05165928289563,103.17229966636692,119.2299194262811,111.01493984336716,165.67737288244402,140.22108054190335,149.23880796242472,115.56388663608396,downstream,chips+upstream
DEU,202310,117.02140208992546,161.60574401817598,105.11786075506753,119.64011997085768,113.06975476657848,166.1161852072589,138.09930588080763,146.914783312469,113.81521571260674,downstream,chips+upstream
DEU,202311,117.21180679694139,162.3823784139717,105.2888972930149,120.21507869433007,113.20931863664798,166.74287964509676,138.53756106267022,147.2872389421121,114.17640585576292,downstream,chips+upstream
DEU,202312,116.9346450356705,161.78015409223548,105.03992872053519,119.76923940477,112.91510908556293,166.13519433200216,138.35091733753075,147.13282896986888,114.02258252042706,downstream,chips+upstream
DEU,202401,117.08980259614094,162.77274704726142,105.17930348912748,120.50407677669024,113.13003002911661,167.0846476756628,139.0153057211031,147.69256901342618,114.57014144341325,downstream,chips+upstream
DEU,202402,116.96437104530098,163.13258986108653,105.0666309688875,120.77047595500066,113.15535051592063,167.18395826994455,139.47203614501063,147.74728504457443,114.94655804730563,downstream,chips+upstream
DEU,202403,117.43130021564978,164.74119143107936,105.48606360799985,121.96135741771407,113.5871536715561,168.62230958928953,140.28729233905278,148.4519191993056,115.61845541126512,downstream,chips+upstream
DEU,202404,119.54865987840971,164.46449658132752,107.3880431965486,121.75651442020337,115.81349494588495,168.19504556185655,137.57117540974588,145.22922880485336,113.37995441201649,downstream,chips+upstream
DEU,202405,121.13608312060404,163.61401875690177,108.81399206019418,121.12688785856702,117.67624298820448,167.13626055434509,135.06629448634752,142.03058859645813,111.31554459610446,downstream,chips+upstream
DEU,202406,124.49656614338782,163.22459302303017,111.83264317998935,120.83858782441169,121.15483470429982,166.6789470751742,131.10770688649973,137.5751512368319,108.05305534085223,downstream,chips+upstream
DEU,202407,126.97984530486886,163.04054077089089,114.06332054712541,120.70233008394193,123.53015759674548,166.313032574626,128.39875523508718,134.6335468279267,105.8204596402869,downstream,chips+upstream
DEU,202408,131.67308962521392,163.8035021800011,118.27916306947385,121.26716640874987,128.1729853102076,166.95692199741544,124.40165461769081,130.2590570028013,102.52622969400025,downstream,chips+upstream
DEU,202409,134.93648710942256,165.51447599376272,121.21060429481373,122.5338361895122,131.2501980642144,168.3517990833882,122.66102337431083,128.2678438329074,101.09167997502928,downstream,chips+upstream
DEU,202410,133.9285828039194,165.32025373678044,120.30522508598406,122.39004938126757,130.3590640032508,167.82877956756857,123.43911230571341,128.74346778324778,101.73294575841861,downstream,chips+upstream
DEU,202411,135.65440415804088,165.18919760712947,121.85549405858836,122.29302578121167,132.00394266017307,167.44067281199895,121.77208593587554,126.84520586105002,100.3590578545543,downstream,chips+upstream
DEU,202412,137.0612111275961,166.31969613995716,123.1191991287201,123.12995754323599,133.1096171296235,168.53091811711448,121.34702062797555,126.61062495056038,100.0087382102808,downstream,chips+upstream
DEU,202501,142.82498497855147,166.14525763972446,128.2966757805794,123.00081706483178,138.02993086373667,167.99136285648527,116.3278663496272,121.70647467926835,95.87217776023682,downstream,chips+upstream
DEU,202502,145.0761512390238,166.56245007857552,130.31885101757572,123.30967337274532,139.63251841512758,168.38922474087954,114.81035901217936,120.59456253611229,94.62151669532055,downstream,chips+upstream
DEU,202503,147.2066290479263,166.41545268886827,132.23261436050572,123.20084812369973,141.73606987503516,168.1765913169307,113.04888493485448,118.6547584289641,93.16978925321503,downstream,chips+upstream
DEU,202504,147.04266470066727,166.5198218948062,132.08532864083264,123.27811483470394,141.727666847947,167.92800533552395,113.24592235443251,118.4863965309512,93.33217860245679,downstream,chips+upstream
DEU,202505,148.95178903991865,168.6231053437237,133.80025482419285,124.83521966219638,143.55308916860213,169.81730516969094,113.20649884811601,118.29582083757298,93.2996875276687,downstream,chips+upstream
DEU,202506,146.5417690111095,170.7226503226363,131.6353845929286,126.3895568219762,141.54675658346596,171.85696659555248,116.50101638236237,121.41356732127838,96.01488020324119,downstream,chips+upstream
DEU,202507,145.43892425720776,171.68070804390774,130.64472237896868,127.0988270364002,140.6837051233723,172.72028686421172,118.04316411216817,122.77206284320205,97.28584876755856,downstream,chips+upstream
DEU,202508,143.66012322005034,172.0969362536571,129.04686287296826,127.40696950529704,139.30733465476428,173.0250312163189,119.79450692106737,124.20382002506534,98.72922647543513,downstream,chips+upstream
DEU,202509,143.63000973020618,172.56367972466975,129.01981255930124,127.75250948103754,139.54965161992178,173.55044645227517,120.14458541694205,124.36465762376689,99.01774537326877,downstream,chips+upstream
DEU,202510,145.27218748038823,172.31097748067455,130.49494624421516,127.56542871251554,141.23504412895662,173.31236943506076,118.6125028260737,122.712015636017,97.7550720422405,downstream,chips+upstream
DEU,202511,146.59142552644963,174.04139149455443,131.67998999477717,128.84649048094226,142.66471741796104,175.1888355237803,118.725492210424,122.79759052866186,97.84819279379707,downstream,chips+upstream
DEU,202512,145.86117543504886,173.46842242827353,131.02402171843357,128.42230947026155,142.0328021666322,174.70926689441137,118.92707014795586,123.00628040094803,98.01432423303032,downstream,chips+upstream
DEU,202601,145.48804175989426,174.68539002902855,130.68884359710336,129.3232560958877,142.152190313142,176.34402820098404,120.06855540561888,124.05297998752044,98.95508486904545,downstream,chips+upstream
DEU,202602,144.6745905157744,175.76615090818788,129.95813747768156,130.12336603027154,141.8063356298166,177.69109259517268,121.4906849098864,125.30546805682414,100.12713982809915,downstream,chips+upstream
DEU,202603,144.9211984642227,176.75875441785817,130.17966020363693,130.85821121601623,142.21097970583915,178.96618491412713,121.96887431999491,125.8455467252356,100.52124196000962,downstream,chips+upstream
DEU,202604,147.60842104194728,178.593238518853,132.5935356460629,132.21631825151226,144.7748320855982,181.229301848103,120.99122614969271,125.18011538148501,99.71550845769922,downstream,chips+upstream
DEU,202605,147.7743396838227,177.19060418215778,132.7425768674279,131.17791864921477,145.18806598596427,180.3400616527942,119.9062060174141,124.21135334238018,98.82128382984776,downstream,chips+upstream
DEU,202606,149.8708080524971,176.52048921674043,134.6257902465188,130.68181849297414,147.20939407593934,179.74294225565018,117.7817691854363,122.10018483122627,97.07041886526892,downstream,chips+upstream
FRA,201801,100.39775511224313,100.16758267031751,92.54146814373078,70.08672311758879,100.39775511224313,100.16758267031751,99.77073945361798,99.77073945361798,75.73547786029674,downstream+upstream,chips
FRA,201802,101.39242491307702,104.17379155090403,93.45830342141693,72.88984609490005,101.36984258670525,104.15402145228525,102.74317005457898,102.74655538031303,77.99183531743482,downstream+upstream,chips
FRA,201803,103.13368778766613,103.83417967009191,95.06330965545571,72.65222147400584,103.13577088926826,103.8024997965171,100.67920763569316,100.64645748172539,76.425091591408,downstream+upstream,chips
FRA,201804,104.87625868889513,103.83889062285319,96.66952156093099,72.65551770251608,104.91130436614613,103.80809964744806,99.0108647285758,98.9484405657108,75.15866069195467,downstream+upstream,chips
FRA,201805,105.75306503521789,103.49864604108178,97.47771639034458,72.41745038413667,105.80395852145014,103.46647462032963,97.8682234946237,97.79074059819168,74.2912873483255,downstream+upstream,chips
FRA,201907,107.22079109648452,101.8322962877535,98.83059050979655,71.25151435308587,112.09657220972021,93.90134176084504,94.97439372193952,83.76825438084413,72.09459539354172,downstream+upstream,chips
FRA,201908,106.06198431099814,103.26534826350286,97.762462232387,72.25421317400112,110.87882294584207,95.20217094884951,97.36320599160685,85.86145525313728,73.90793104438052,downstream+upstream,chips
FRA,201909,105.13810559013722,104.41380846374709,96.91087851799381,73.05778464812775,109.83984321959662,96.2595640058267,99.31109931805916,87.63629042457788,75.38656729292042,downstream+upstream,chips
FRA,201910,105.0493176292296,104.51761066587592,96.82903835885188,73.13041449508677,109.95366767090742,96.45318345392894,99.49385015024055,87.72166085683874,75.52529255125187,downstream+upstream,chips
FRA,201911,104.15338179108515,105.89947000415678,96.00321095133884,74.09729410072033,108.9002317619957,97.63666640183992,101.67645849135651,89.6569867869771,77.1820998135969,downstream+upstream,chips
FRA,201912,104.4978108096565,107.63098492816063,96.32068784127787,75.3088258539828,109.34641976154,99.23841683347085,102.99831555726199,90.75598181439096,78.18551501426205,downstream+upstream,chips
FRA,202001,104.83908534810725,108.16025708044484,96.63525709427562,75.67915475483173,109.61430167951434,99.80125167377373,103.16787553163974,91.04765541048504,78.31422715727915,downstream+upstream,chips
FRA,202002,103.46344879830522,109.14570529768122,95.36726633284341,76.3686676142514,108.24216454116298,100.61203885793655,105.49204242210517,92.95087481336832,80.0784908185534,downstream+upstream,chips
FRA,202003,103.14715978791563,113.36536917137077,95.07572744986284,79.32114391127807,107.90124842614246,104.43725832245019,109.90643795182064,96.78966633452501,83.42943676461189,downstream+upstream,chips
FRA,202004,105.04376658644811,114.86391148910533,96.82392169415998,80.36966597503529,110.08758849977673,105.73449031488147,109.3486222188877,96.045786592097,83.00600158388633,downstream+upstream,chips
FRA,202005,104.94322139313911,117.94950465337241,96.73124432509722,82.52863904788349,110.05429128889376,108.37636803775261,112.3936382813227,98.47536771943169,85.31745830800935,downstream+upstream,chips
FRA,202006,105.5108173693889,123.21575428135527,97.25442499677564,86.21340581278928,110.51907288848311,113.15182319363637,116.78021017502134,102.3821682867443,88.64728346874458,downstream+upstream,chips
FRA,202007,105.4648979842093,122.86543330690436,97.21209887786964,85.96828809621788,110.22781186074873,112.88363790917575,116.49888792885416,102.40939741395042,88.43373313461971,downstream+upstream,chips
FRA,202008,105.75639199606258,123.3649512077011,97.48078301111394,86.31779810606454,110.50580964639065,113.3106150238079,116.65011341564498,102.5381519635867,88.54852765823938,downstream+upstream,chips
FRA,202009,106.72419229736754,125.4298932761825,98.37285137113432,87.76262705320858,111.418692706265,115.1263760845228,117.52714223097134,103.32770317816636,89.21427592060311,downstream+upstream,chips
FRA,202010,107.35348424359788,126.3811939277812,98.95290020320307,88.42824704315706,112.0160945769403,115.95200715993606,117.72435223528207,103.51370273875447,89.36397706541871,downstream+upstream,chips
FRA,202011,108.52876752699451,126.41907750579477,100.03621566587168,88.45475398055295,113.39147391899299,116.13956457210605,116.48439430987769,102.4235425805262,88.42273109970327,downstream+upstream,chips
FRA,202012,109.33389874687587,127.80018095809676,100.77834406359209,89.42110469680038,114.06821048486249,117.39611083700044,116.88980492132,102.91746520611856,88.7304763019075,downstream+upstream,chips
FRA,202101,109.63577627528956,129.616012499909,101.05659918640603,90.69163233764453,114.28538175408411,119.0415190863769,118.22419369244047,104.16163227465688,89.74340425839723,downstream+upstream,chips
FRA,202102,110.57213040455353,131.46815330460345,101.91968208828625,91.98756537598742,115.16245000684854,120.59678031581937,118.89809197272135,104.7188387435728,90.25495713016912,downstream+upstream,chips
FRA,202103,108.99540017774846,131.94643639034135,100.46633355582145,92.32221749904271,113.30783245956772,120.89613280210236,121.05688513016567,106.6970660172521,91.8936864036611,downstream+upstream,chips
FRA,202104,107.36663703999616,133.04921361542787,98.96502377197743,93.09382483920791,111.36274425373469,121.93566014037252,123.92044426786363,109.49412297397049,94.06740006823301,downstream+upstream,chips
FRA,202105,108.00280254101166,136.13237924032322,99.55140829203515,95.25109937571065,112.29841501190441,124.71861523433468,126.04522849176065,111.05999601251153,95.6803133274524,downstream+upstream,chips
FRA,202106,106.91085036922073,138.90019600222837,98.5449031465038,97.18772599542592,111.60874495915323,127.2525414960366,129.92151453527046,114.01664049049984,98.62278300780284,downstream+upstream,chips
FRA,202107,107.49730679492609,141.43131384599212,99.08546840691649,98.958735645102,112.28287549069636,129.38727910836624,131.56730904505574,115.23331455746975,99.87209752968614,downstream+upstream,chips
FRA,202108,107.40173022879628,146.2400773050733,98.99737086190764,102.32340177869406,112.49147213852835,133.59859749518563,136.1617517646506,118.76331152521924,103.35971641249537,downstream+upstream,chips
FRA,202109,108.01128573053941,149.83843592588426,99.55922765824073,104.84115410545856,111.90072231552641,136.76044373591503,138.72479612889055,122.21587216415966,105.30531078982374,downstream+upstream,chips
FRA,202110,108.69919929222571,153.59225197634206,100.1933108693968,107.46767916625308,112.68685962524442,139.9661601641252,141.30026069780547,124.20805817963321,107.2603332834649,downstream+upstream,chips
FRA,202111,109.12732973855614,159.78525976231143,100.58793941478763,111.8008936692814,113.06735796069415,145.35096233041858,146.42093794938444,128.5525415575265,111.14741421260821,downstream+upstream,chips
FRA,202112,109.65327949163604,163.034071936112,101.07273274772054,114.07407021219188,113.56367696694527,148.19888116048915,148.68143724652364,130.4984878251389,112.86334811676947,downstream+upstream,chips
FRA,202201,110.68496466994068,167.8525568425242,102.0236868896304,117.44553839060951,114.76505108282569,152.3321872562128,151.64892299785757,132.73395151131416,115.1159519628638,downstream+upstream,chips
FRA,202202,111.8272142174958,169.25855129710584,103.0765535597973,118.42930520833794,116.02395898764253,153.52663644377702,151.35720985404348,132.32321822437453,114.89451394941538,downstream+upstream,chips
FRA,202203,115.29974127820184,171.77873780751844,106.27734975297219,120.19266626239592,120.19062040083945,155.75784401540395,148.9844954578353,129.59234547250585,113.09339811518454,downstream+upstream,chips
FRA,202204,117.77921465418449,173.95857810525737,108.56280032086786,121.71788888747443,123.01026895529465,157.6790927266468,147.6988776126781,128.18368260291484,112.11749192884251,downstream+upstream,chips
FRA,202205,118.84294440624146,175.8026313383496,109.54329149672598,123.00816309512113,124.4595144674965,159.41501349470536,147.92853897779793,128.08583913955226,112.29182674212193,downstream+upstream,chips
FRA,202206,122.7849724098676,180.83043995265277,113.17684942350853,126.52609395503511,128.0599076675426,163.77566590554852,147.2740811872515,127.88988285914425,111.79503105054074,downstream+upstream,chips
FRA,202207,121.19723519205523,183.95011813865133,111.71335521491261,128.70891613571706,126.20405185771592,166.63925018606227,151.7774872068284,132.03954051644357,115.21354442188996,downstream+upstream,chips
FRA,202208,123.15411387505486,185.86259163120596,113.51710497108492,130.04706363383096,128.0841839938173,168.3178336146208,150.91870322721945,131.41187956722712,114.56164572463028,downstream+upstream,chips
FRA,202209,123.2848187063723,187.32229857225624,113.63758193762736,131.06841279174103,129.7799707009615,169.5029158635055,151.94271325361004,130.60791657448704,115.33896670177388,downstream+upstream,chips
FRA,202210,122.74942199244454,186.1687264060602,113.14408088383574,130.26126450231448,129.13709780201032,168.522502293694,151.66566439516043,130.49890787546457,115.12866027525808,downstream+upstream,chips
FRA,202211,121.75312406454961,184.40089927570503,112.22574488266844,129.02432529202363,127.76960883306603,166.85116236801062,151.45475789018897,130.58751912280295,114.96856218412098,downstream+upstream,chips
FRA,202212,121.3208469454466,185.0507983971622,111.82729414836655,129.4790562395583,127.75845372504844,167.07836019837202,152.53009112306356,130.7767551397771,115.7848423550089,downstream+upstream,chips
FRA,202301,122.5301171772174,184.00059326311634,112.9419370256447,128.74423331097873,129.28364154611407,166.06166941059516,150.16764653623332,128.44754945378205,113.99152228259193,downstream+upstream,chips
FRA,202302,122.46501845165183,185.76757449702984,112.88193238080589,129.9805806520429,129.34348248529056,167.8010430353597,151.69031683147082,129.73289400526437,115.14737381847337,downstream+upstream,chips
FRA,202303,123.17958453035041,184.5585858757533,113.54058250634452,129.1346577646891,129.93426573653653,165.2356944109782,149.8288751171097,127.16868292927536,113.73436256368792,downstream+upstream,chips
FRA,202304,122.54376193154329,191.64493785682862,112.9545140558419,134.0929404343035,129.0541416489553,171.1917928712462,156.3889787910113,132.65114213607418,118.71410501399818,downstream+upstream,chips
FRA,202305,122.69250004232524,194.42063945165842,113.09161316851925,136.03508402954404,129.1671579710355,173.21059831722818,158.46171476218117,134.09801766798105,120.28750870043424,downstream+upstream,chips
FRA,202306,121.47467217729724,191.2389118228371,111.96908230664849,133.80884618480405,128.07112656518336,170.44336945817798,157.43109933543687,133.0849302488401,119.50517359635337,downstream+upstream,chips
FRA,202307,121.66977733747075,193.5310981562011,112.14892017199408,135.4126767315505,128.23590500786597,172.3662759482566,159.06258924055678,134.41342807826223,120.74362956315461,downstream+upstream,chips
FRA,202308,120.8496185099843,195.39085259567955,111.39294010130641,136.7139369895267,127.10840088229001,174.02817550988462,161.68098418907033,136.91319716235367,122.73124029690938,downstream+upstream,chips
FRA,202309,120.09317562278234,198.07561088379776,110.69569009536464,138.59244803831888,125.20091376168934,175.34054899810388,164.93494310281338,140.04733969582014,125.20130451232663,downstream+upstream,chips
FRA,202310,120.7078977829537,198.9653354788099,111.26230925073463,139.2149835900329,126.04359212000462,175.98573437099608,164.83207738119327,139.62291252651872,125.12321964871828,downstream+upstream,chips
FRA,202311,122.49657043270572,199.21335061578574,112.91101536823231,139.38851845800917,128.59052104103398,176.7857278857884,162.62769636087475,137.47959527232575,123.44988485262203,downstream+upstream,chips
FRA,202312,122.66701608754471,205.26763257433228,113.06812337448092,143.62466723980663,128.67804651939625,181.833802037869,167.33726727960624,141.30910979477787,127.0248969854418,downstream+upstream,chips
FRA,202401,121.55287132061221,204.51710493630117,112.04116224032688,143.09952705616146,127.15915572180508,182.2344318284256,168.25361895142694,143.31208067086615,127.72049503486475,downstream+upstream,chips
FRA,202402,121.31104739260255,200.84656649153726,111.8182614264065,140.5312708917161,126.79426616863924,178.31301051652127,165.56329436471813,140.63176191213643,125.67828286635199,downstream+upstream,chips
FRA,202403,119.40855304376056,200.80327569892168,110.06464034214864,140.50098055511512,124.85669278788222,178.99924155983518,168.16490157562814,143.36375372679075,127.65315011101805,downstream+upstream,chips
FRA,202404,119.49661741637424,189.7356863811381,110.14581353495272,132.75704736419726,125.40404723390779,167.7811222414627,158.77912737899746,133.79243010276357,120.52845505750365,downstream+upstream,chips
FRA,202405,119.61766000755156,184.69011090396972,110.25738434729757,129.2266851251374,125.04516302428222,163.19705931780106,154.40037105918145,130.5104934655571,117.2045626604825,downstream+upstream,chips
FRA,202406,119.45093997781962,187.8819588152703,110.10371042995638,131.46000407752805,124.11074571972338,164.75718110688294,157.28797014921554,132.7501338836127,119.39652493469572,downstream+upstream,chips
FRA,202407,118.43954766985803,181.62998230557332,109.1714612084135,127.08552947315441,122.20362575870665,158.72667251774942,153.35247886276483,129.88704020219353,116.4091128454735,downstream+upstream,chips
FRA,202408,120.50882626904735,171.02649696718285,111.07881540526077,119.66632736023965,124.46156196447401,149.2724636649525,141.92030763402346,119.9345896908802,107.73100786468432,downstream+upstream,chips
FRA,202409,121.54002047000532,162.87492151166646,112.02931698959664,113.96271350940636,125.78918179344127,142.02053434022164,134.0092924798068,112.90361564910559,101.725795150558,downstream+upstream,chips
FRA,202410,121.32254565579825,157.52996593441551,111.8288599318815,110.22287661175898,125.18947944976104,137.10938198812303,129.84393385656497,109.52148901868827,98.56389189597321,downstream+upstream,chips
FRA,202411,121.00593255538428,151.99007875508858,111.53702231944592,106.3466471122602,124.51402187911707,131.9821653752945,125.60547697570357,105.99783332308371,95.34650011337015,downstream+upstream,chips
FRA,202412,121.35256922127715,149.38785945879957,111.85653410472749,104.52588815563722,124.51795960197063,129.30963383949532,123.10234584848567,103.84817921273492,93.44638557974018,downstream+upstream,chips
FRA,202501,121.51761691686073,145.9056488198215,112.0086665507764,102.08940395201572,124.3782950380264,125.84677846683647,120.06954425352698,101.18065891509538,91.14420079783378,downstream+upstream,chips
FRA,202502,121.66753143674573,142.4193717324557,112.14685001663887,99.6500744761552,124.64527452241305,122.67997114461726,117.05618586212438,98.42328288390716,88.85677525616676,downstream+upstream,chips
FRA,202503,122.95136607389472,147.88887247147156,113.33022251378996,103.47705495893814,125.94339341758631,127.37698902611328,120.28241506693728,101.1382856771007,91.30578998585051,downstream+upstream,chips
FRA,202504,123.98463968897835,146.664617796169,114.2826407947278,102.62045049503936,126.59235425609381,126.54575474761064,118.29257088949447,99.96318931837787,89.79530905254822,downstream+upstream,chips
FRA,202505,124.13481801962804,148.37642332240563,114.42106742773527,103.81819168785,127.00572427234566,128.03473644730616,119.52844954341862,100.81020928848368,90.73345846333613,downstream+upstream,chips
FRA,202506,125.3518831066381,152.69191950149192,115.5428952002036,106.83772133761823,128.58044932264207,131.97910820933976,121.81063077576216,102.64321590459647,92.46585101792566,downstream+upstream,chips
FRA,202507,129.87262917686795,152.23027952365348,119.70988556743197,106.51471430835547,134.14168464146152,131.87183836825363,117.21505946902609,98.30787403686273,88.97737543016552,downstream+upstream,chips
FRA,202508,130.04276103336554,152.2849639161681,119.8667043305677,106.5529766860115,134.07668168153188,132.29841901100397,117.10376087531377,98.67369728410212,88.89288921480674,downstream+upstream,chips
FRA,202509,133.89976598226693,159.75414024055206,123.42189239438372,111.77911950595472,138.21820379200466,139.33934242346092,119.30875238550392,100.81113673937145,90.56668743076347,downstream+upstream,chips
FRA,202510,136.77402272808027,96.07233409448071,126.0712338939244,67.22129954061126,141.24791165374305,80.37655919344657,70.24165274825734,56.90460004143828,53.32009330310105,downstream+upstream,chips
FRA,202511,138.75299821830947,97.55356373425634,127.8953513463667,68.25770801597805,143.31485582941175,81.7124520083142,70.30735550720766,57.016037545735564,53.36996794443471,downstream+upstream,chips
FRA,202512,141.11364709325593,99.51282729478828,130.0712756229121,69.628594274992,145.9492048856563,83.72812668005515,70.51963388702195,57.367990970318644,53.531107419021026,downstream+upstream,chips
FRA,202601,141.54067730127164,99.33458308328504,130.46489002541858,69.50387775128335,146.17929235103867,83.51006782354287,70.18094372393722,57.128521065076484,53.2740093811767,downstream+upstream,chips
FRA,202602,142.7405003008341,99.46487210451991,131.57082493171197,69.59504028424179,147.32920182521804,83.5667570062481,69.68230592921545,56.72110889827963,52.89549588243676,downstream+upstream,chips
FRA,202603,144.30733817123223,92.45471819880622,133.01505520068295,64.69007300137822,148.94979766074533,77.83546590601189,64.06792569973211,52.25617431404197,48.63364744974077,downstream+upstream,chips
FRA,202604,145.28715498127588,91.35955327399925,133.91819975816807,63.92379194710071,149.96822831467097,77.0752031430678,62.8820581460029,51.39435466380564,47.7334612192633,downstream+upstream,chips
FRA,202605,147.07899629551693,86.85576449868184,135.56982658702572,60.77251497244618,151.84395315176198,73.45753292887879,59.05381916270886,48.3769892736268,44.82746382613004,downstream+upstream,chips
FRA,202606,149.22233825539408,75.28687986792518,137.54544856661423,52.67782812586582,153.8801423532296,64.05692039906126,50.45282143955663,41.627801624994305,38.298488735782186,downstream+upstream,chips
GBR,201801,101.94554602083316,100.22680142533062,84.84102138400455,83.47579090762835,101.94554602083316,100.22680142533062,98.31405621668718,98.31405621668718,98.39083682149824,chips+downstream,upstream
GBR,201802,104.61010877565704,101.27850092875954,87.0585211619236,84.35171876921231,104.62108383948537,101.26841030788216,96.81521424087003,96.79541311505908,96.89082429085053,chips+downstream,upstream
GBR,201803,108.47424576068494,101.20409894170095,90.27432941813206,84.28975166434122,108.4968792071931,101.150093845027,93.29781298039782,93.22857448449169,93.37067603562969,chips+downstream,upstream
GBR,201804,110.24747564399848,100.19827519933244,91.75004503613675,83.45203229972164,110.29668144938513,99.97329150625995,90.88487025579067,90.64034401809037,90.95584886836093,chips+downstream,upstream
GBR,201805,111.82302237937674,99.40591616969984,93.06124498047183,82.7921010663513,111.89562560993507,99.15339168928212,88.8957515675529,88.6123931555001,88.96517673251047,chips+downstream,upstream
GBR,201806,114.7321831593485,101.8606890288718,95.48230388472894,84.83660516110307,114.74900324930321,101.68623434900435,88.78126975706563,88.61622451576443,88.8506055148419,chips+downstream,upstream
GBR,201807,117.55204773164927,101.34687811723117,97.8290487874408,84.40866800640772,117.6258584271046,101.10677399914603,86.21447271474874,85.95624750471357,86.28180387382446,chips+downstream,upstream
GBR,201808,118.09571827788325,100.62988232731196,98.28150175119718,83.81150447539814,118.11150526466834,100.33750226877056,85.21044098358114,84.95150581980208,85.2769880211738,chips+downstream,upstream
GBR,201809,118.76880979871709,100.4746994856911,98.84166131030912,83.68225750497332,118.72985053755727,100.1770399996718,84.59687324977843,84.37392917291953,84.66294110765347,chips+downstream,upstream
GBR,201810,120.93122986071944,101.23835985326501,100.64126839352637,84.31828651379622,120.88297280828326,101.07575718629201,83.71564563584165,83.61455285071051,83.78102527891023,chips+downstream,upstream
GBR,201811,121.86225189073083,101.09552331056919,101.41608262563648,84.19932239239873,121.89249286290456,100.97565950255816,82.95885045782482,82.8399330680093,83.02363906443611,chips+downstream,upstream
GBR,201812,122.74315049310374,101.35763682113274,102.14918318841916,84.41762859683416,122.80977645031759,101.27630476681901,82.57702072493852,82.46599553724464,82.64151113291011,chips+downstream,upstream
GBR,201901,122.78154662744815,101.31515764273851,102.18113718133132,84.38224900811001,122.78075712435262,101.2478997157442,82.51659994979182,82.46235166411304,82.58104317078084,chips+downstream,upstream
GBR,201902,123.6194452410407,101.33323874716153,102.87845233602093,84.39730819857334,123.4223386456018,101.30778144562129,81.97192484529907,82.08220858342278,82.03594268984082,chips+downstream,upstream
GBR,201903,124.26854317056353,100.3428076305054,103.41864397232553,83.57240887397514,123.96999024664956,100.20236384173586,80.74674818773799,80.82791943628789,80.80980920262193,chips+downstream,upstream
GBR,201904,124.59175620548008,100.91217216143633,103.6876280042649,84.04661491326112,124.19668163666566,100.79823919663508,80.99426096459325,81.16017100321396,81.05751528022621,chips+downstream,upstream
GBR,201905,126.33737844803876,101.39087698839523,105.14036801881197,84.44531330005404,125.90142343094006,101.31881104775285,80.25406117643658,80.47471449226992,80.31673741616054,chips+downstream,upstream
GBR,201906,126.14459521715442,101.29587851174504,104.97993014925959,84.36619201851437,125.72671231452965,101.12078298326257,80.30140200407874,80.42903621808658,80.36411521570193,chips+downstream,upstream
GBR,201907,127.10243405335753,102.22317213722295,105.77706183727008,85.13850608710247,126.67618306237722,102.15384206209043,80.42581788347948,80.64171148240895,80.4886282605217,chips+downstream,upstream
GBR,201908,128.16812846633204,102.59206115891584,106.66395298660493,85.44574229942336,127.86203591939349,102.6115000320062,80.04490850146519,80.25173327968461,80.10742139863672,chips+downstream,upstream
GBR,201909,127.26840809338707,102.261233978116,105.9151885885502,85.17020661257834,126.99297671558145,102.33397196022767,80.35083923032863,80.5823870003606,80.41359105108134,chips+downstream,upstream
GBR,201910,126.09123510693246,102.2762798677993,104.93552285115685,85.18273786692711,125.8834052290369,102.39590976742186,81.11291778612785,81.34186518160911,81.17626476951224,chips+downstream,upstream
GBR,201911,126.28622795398816,102.4362010485903,105.09779960529184,85.31593125292332,126.19132996473506,102.5294741150636,81.11430890620352,81.24922222764123,81.17765697601487,chips+downstream,upstream
GBR,201912,127.29852326586675,102.61599407198202,105.94025100757742,85.46567527960943,127.26024188142901,102.62878279328665,80.61051412015634,80.64481198213343,80.67346873993763,chips+downstream,upstream
GBR,202001,126.37383724143778,103.2298278255285,105.17070971976052,85.97691835366147,126.33679627816392,103.17333601896368,81.68607528179068,81.66530975805358,81.74986988559542,chips+downstream,upstream
GBR,202002,125.08441831903608,102.76183831871846,104.09763078067604,85.5871444243144,125.19787277007508,102.61945578591447,82.15398824225859,81.96581420706269,82.21814827336321,chips+downstream,upstream
GBR,202003,125.22082728002113,103.80001562322396,104.211152911143,86.45181006627355,125.38796225285486,103.77444909275899,82.89357120369796,82.76268888036437,82.95830882898667,chips+downstream,upstream
GBR,202004,125.67663125557465,104.51832517831498,104.59048164443507,87.0500677915029,125.89475427545223,104.35154626877133,83.16448661467354,82.8879224311878,83.2294358175322,chips+downstream,upstream
GBR,202005,126.72739461002165,105.2673616015406,105.46494688302381,87.67391697114535,126.962948711849,104.96260148775485,83.06598737035506,82.67183658909387,83.13085964798206,chips+downstream,upstream
GBR,202006,126.3905868881801,105.40330064614747,105.18464909419036,87.78713638054893,126.71182442130299,105.00061226627422,83.39489770658282,82.86567788429802,83.46002685423956,chips+downstream,upstream
GBR,202007,125.22966106950844,105.9327406577479,104.21850455868474,88.22809052732387,125.6537879401755,105.46087628974938,84.59077486359256,83.92972310549038,84.6568379587938,chips+downstream,upstream
GBR,202008,124.59731524277997,105.15049199457718,103.6922543407832,87.57657990425707,125.01698615922344,104.53124067857505,84.39226141405189,83.6136303473534,84.45816947564649,chips+downstream,upstream
GBR,202009,124.40410501249734,106.64586029903573,103.53146111421431,88.82202573449115,124.79681463429498,105.89074342446759,85.72535471262974,84.85051780750189,85.7923038838446,chips+downstream,upstream
GBR,202010,125.61120285021249,108.22171674669627,104.53603088169828,90.13450764007557,125.96767632110944,107.3259972372131,86.15610255380435,85.20122016351556,86.22338812737144,chips+downstream,upstream
GBR,202011,125.69389596695359,110.41105594920539,104.60484966544689,91.95794028379491,125.99757713236141,109.5698918011089,87.84122339420027,86.9619037880426,87.90982500132638,chips+downstream,upstream
GBR,202012,123.38147428312492,110.90687386703996,102.680408381014,92.370891632624,123.93188001615157,110.07722050360607,89.88940561087854,88.82074611412345,89.95960679262717,chips+downstream,upstream
GBR,202101,122.98907257577069,111.17903621195617,102.35384422059492,92.59756719917972,123.96055975578533,110.3244268892557,90.39749132465518,88.9996198037552,90.46808930753173,chips+downstream,upstream
GBR,202102,119.29318736287343,113.05143482233065,99.27805828762081,94.15702986458064,119.44931254492121,112.12372254869203,94.76772087449032,93.86719785978319,94.84173188782165,chips+downstream,upstream
GBR,202103,117.63888062616947,115.96199077570397,97.90131277295437,96.5811415466216,118.0622115879076,115.17304186173077,98.57454453702744,97.55284126282388,98.6515285761342,chips+downstream,upstream
GBR,202104,112.76327879875687,117.61952428823052,93.84374424696038,97.9616497434948,113.2549001952075,116.6950403609563,104.30658414796571,103.03751993054547,104.38804475415823,chips+downstream,upstream
GBR,202105,112.22873526640946,119.15020450361114,93.39888695766497,99.23650576791607,113.17099141968885,118.53967148474996,106.1672879238739,104.74386589506108,106.25020168912413,chips+downstream,upstream
GBR,202106,113.90378621490866,119.97458656205511,94.79289619973503,99.92310798768197,115.18943368775287,119.94796887298558,105.32976167771308,104.13105180995316,105.41202135773682,chips+downstream,upstream
GBR,202107,116.68853613221681,121.99944310196982,97.1104180190322,101.60954812884312,118.40003306551424,122.00449099780835,104.5513528113296,103.0443048358776,104.63300457519311,chips+downstream,upstream
GBR,202108,118.3659802689569,122.6153233559539,98.50641891785082,102.12249566956669,120.53187826714698,122.8729720477356,103.59000371334858,101.94230257940544,103.67090468970503,chips+downstream,upstream
GBR,202109,122.09306927588968,122.91294531276367,101.60817324140561,102.37037575635844,124.79487486521231,123.29462139335934,100.67151726280329,98.79782445114564,100.75013898059358,chips+downstream,upstream
GBR,202110,125.76690738141694,124.25104789049574,104.66561115251075,103.48483984583592,128.98265965624037,124.97054950873543,98.7947071908797,96.88941896670617,98.87186317103304,chips+downstream,upstream
GBR,202111,127.09237141316532,124.7251689538159,105.76868751681128,103.87972055821805,130.9165699513877,125.55705871693445,98.13741577639317,95.90616280548494,98.21405842982311,chips+downstream,upstream
GBR,202112,133.1043236635833,127.36219530995834,110.77194846685899,106.07601793170299,137.61184182465513,128.09737222239872,95.68599411681171,93.08600954968705,95.76072227657805,chips+downstream,upstream
GBR,202201,137.37703951456845,129.75745739181204,114.32778382240387,108.07095734781069,141.72043742218702,130.61976695037717,94.45352574951335,92.1672056100555,94.52729138499483,chips+downstream,upstream
GBR,202202,144.15652675704087,130.39916471512868,119.96980198368426,108.60541545266183,150.15430708728107,131.20653150604505,90.45664989896807,87.38113081883017,90.5272940830827,chips+downstream,upstream
GBR,202203,148.5034301633235,130.7855567962847,123.58737763305359,108.92722941974701,154.53671182228626,131.47205541901323,88.06904773340742,85.07496624504547,88.13782726514806,chips+downstream,upstream
GBR,202204,160.4073596413126,130.38435738217288,133.49405403840993,108.59308288480432,166.50996712668055,131.11066409692359,81.28327632455627,78.74042999310352,81.34675635332724,chips+downstream,upstream
GBR,202205,165.67722026898528,130.44359736338802,137.87973223284263,108.64242202578221,171.4476053245246,130.92852612695467,78.73357432699939,76.36649452124257,78.79506310783496,chips+downstream,upstream
GBR,202206,163.2392946642314,132.30726152553086,135.85084419958545,110.19461004045189,169.07118341466776,132.71552303274862,81.05111076207174,78.4968321344552,81.11440947585083,chips+downstream,upstream
GBR,202207,159.66443964551806,130.96221536496355,132.87578189499595,109.07436285642623,164.8077184487437,131.00117611150304,82.02340837804694,79.48728211551892,82.08746642982797,chips+downstream,upstream
GBR,202208,168.19236323452657,132.660357647979,139.97288202164955,110.4886928373546,172.1365935629501,132.7894143983064,78.87418613828386,77.14188578371368,78.93578473312093,chips+downstream,upstream
GBR,202209,170.06840069387025,131.90878862559586,141.5341560587992,109.86273433451,173.79551321312078,132.12662778705558,77.56219737906328,76.02418804968356,77.62277134635148,chips+downstream,upstream
GBR,202210,172.19451186101858,133.19138283696552,143.30354618948664,110.93096722915536,175.24502519182582,133.23829449296946,77.3493773973858,76.02971573494017,77.40978515805475,chips+downstream,upstream
GBR,202211,177.97078661045262,133.6396344995015,148.11067184298474,111.30430212085824,179.97991445873615,133.56771127393944,75.09077025771406,74.21256514963085,75.14941410761696,chips+downstream,upstream
GBR,202212,186.1839788583178,134.04954543219526,154.9458465644941,111.64570420913886,186.84565488521045,133.7154653357839,71.99843201020225,71.56466411698611,72.05466082801249,chips+downstream,upstream
GBR,202301,189.0573009389618,133.33970786384734,157.33707982187676,111.05450253861628,190.14142752910888,133.0636290869794,70.52872711162676,69.98139796053051,70.58380812987151,chips+downstream,upstream
GBR,202302,187.30270372435902,134.87095477745495,155.87687066498032,112.32983054839505,188.36147986711165,134.63772908232488,72.00694495896632,71.47837720180968,72.06318042515807,chips+downstream,upstream
GBR,202303,188.54054646942515,135.34520123295633,156.90702692882266,112.72481569603154,190.1252301397749,135.53551339462524,71.78572660756805,71.28749471860372,71.84178930824214,chips+downstream,upstream
GBR,202304,186.59866832556975,136.61607299353508,155.29095902239055,113.78328532539028,187.3670800648701,137.14641428711818,73.2138520705694,73.19664384994175,73.27103009840032,chips+downstream,upstream
GBR,202305,187.83868652603576,138.99420922069518,156.3229257415721,115.76396114887416,187.98047796982584,139.74180507730424,73.99658280799872,74.33846673149498,74.05437212725361,chips+downstream,upstream
GBR,202306,196.3017619345792,140.91567995986037,163.36605797967837,117.36429446667614,195.8737387280923,142.07315723845008,71.78523441212049,72.53302977775544,71.84129672840332,chips+downstream,upstream
GBR,202307,203.87798089767597,142.84010435358653,169.67113142473735,118.96708779165223,202.34958011999439,144.31547793142514,70.06156512079465,71.31988010345526,70.11628129822638,chips+downstream,upstream
GBR,202308,202.1674123294035,145.0400764402571,168.24756374430183,120.79937623444313,199.901487565919,146.49088968839465,71.74255967818127,73.28154055886561,71.7985886666572,chips+downstream,upstream
GBR,202309,205.09451662006387,147.71142186610174,170.6835555792603,123.02425689549054,202.29340013251112,148.84311615416524,72.0211462989701,73.57784092642983,72.07739285602226,chips+downstream,upstream
GBR,202310,202.88598096637617,146.97716489392604,168.84557022398477,122.4127170617319,200.74560993277194,147.92419473708435,72.44323348210256,73.68738712972251,72.49980967776848,chips+downstream,upstream
GBR,202311,204.64714269315664,148.05420545114407,170.31124249270692,123.30975070018786,202.4027201368078,148.75715854524972,72.34608971459389,73.49563209659533,72.40259004361867,chips+downstream,upstream
GBR,202312,205.32368804821263,148.79755234706454,170.87427639831597,123.92886124919525,202.47633432390307,149.2828580746296,72.4697446074147,73.72854638696715,72.52634150754865,chips+downstream,upstream
GBR,202401,205.9038466468079,148.48813460605945,171.3570954128855,123.67115682000129,202.71867672335748,148.72922418923898,72.11527954636269,73.36730221074012,72.17159961892165,chips+downstream,upstream
GBR,202402,211.28893493605548,146.12067024699172,175.8386682577594,121.69936926409457,206.83045727972856,145.69923072279926,69.15680193627446,70.44379857737675,69.21081151825899,chips+downstream,upstream
GBR,202403,213.98418207322624,144.65460207355343,178.08170416197783,120.47832660323068,208.2347684679169,143.63456733406707,67.60060518120542,68.9772262292486,67.65339941583622,chips+downstream,upstream
GBR,202404,215.337405071991,143.97834069764096,179.20788206632753,119.9150895008611,209.11417869213045,142.60262479181165,66.86174222704436,68.19366610322449,66.91395942979715,chips+downstream,upstream
GBR,202405,216.51994025390482,143.83878238039495,180.19201032471742,119.79885571165326,209.7956223071399,142.11745051405697,66.43211808192844,67.7409037191432,66.48399975990509,chips+downstream,upstream
GBR,202406,218.0144866751195,144.51273382564423,181.4358002677891,120.36016894449583,210.34193929762566,142.33507851579716,66.28584000520753,67.66842551280207,66.33760744398346,chips+downstream,upstream
GBR,202407,220.43672877454134,144.99719981534417,183.4516361897654,120.76366562485411,212.94238376434998,142.469045364595,65.77724166994179,66.90497347031513,65.82861190724633,chips+downstream,upstream
GBR,202408,229.41926263969336,145.46333428302597,190.92707163036985,121.15189454970944,219.6527231086162,142.61325103043734,63.405022145624486,64.92669383384627,63.454539743979595,chips+downstream,upstream
GBR,202409,231.60302754978778,142.76352563479708,192.74444230193498,118.90330775450913,220.87542139745193,139.94021663932782,61.64147642850099,63.3570796397096,61.68961674560069,chips+downstream,upstream
GBR,202410,240.89024610993826,143.31480567173247,200.47344213777512,119.36245178026208,227.21702710502365,140.6565000427593,59.493818444739354,61.904031504533954,59.54028149934712,chips+downstream,upstream
GBR,202411,242.82714169611222,143.9728492943607,202.0853634649863,119.91051588157471,229.05655231189343,141.3983640063048,59.29026231941427,61.73076586509108,59.33656640222271,chips+downstream,upstream
GBR,202412,239.53694884287114,144.58749895114784,199.34720242593235,120.42243849610244,224.96102194718688,142.10733628026654,60.36125100933501,63.16975938775227,60.40839150519081,chips+downstream,upstream
GBR,202501,244.08467240780402,144.93805206836464,203.1319044289229,120.71440330290721,227.8304875406479,142.8543374074642,59.38023499739043,62.702028578145026,59.42660934641408,chips+downstream,upstream
GBR,202502,245.86970863345704,145.72658181437973,204.61744550946116,121.37114524485017,228.07448116381659,144.0942899743852,59.26983955214636,63.17861131990832,59.31612768532886,chips+downstream,upstream
GBR,202503,247.97939661957068,150.1002335093689,206.37316795668673,125.01382394158286,230.18874711167268,148.8955940574804,60.529316368827274,64.68413244599046,60.57658811915925,chips+downstream,upstream
GBR,202504,249.52044369566596,151.26425832721384,207.65565662872777,125.98330406989069,229.8104894713835,150.017828289715,60.621989960753346,65.27892988470204,60.66933408664089,chips+downstream,upstream
GBR,202505,253.44006769272508,152.34974285123218,210.91764223115706,126.88737042611308,232.06269170917767,151.3430962090194,60.11272970300163,65.21647021085296,60.159676110474315,chips+downstream,upstream
GBR,202506,257.38757648751533,152.6467099182039,214.20283409234835,127.13470507549276,235.16973379186146,151.72224668037452,59.306168542135545,64.51606005331337,59.352485047271465,chips+downstream,upstream
GBR,202507,257.1576713157473,153.88620293792115,214.01150263790424,128.16704032588453,234.376935865509,152.99789980455486,59.84118698484178,65.27856473571642,59.88792132483466,chips+downstream,upstream
GBR,202508,258.06330657243717,154.0453515533964,214.76518951465346,128.29959026621708,235.1906610048598,153.67335757214963,59.69285350924409,65.33990631922849,59.739472004825615,chips+downstream,upstream
GBR,202509,261.5663189311243,159.06017766703303,217.6804629918397,132.4762832280484,238.35806680659135,159.72625658295766,60.81064959625662,67.01105556144775,60.85814106018995,chips+downstream,upstream
GBR,202510,261.01347423143346,161.76743490754205,217.2203751231758,134.73107372448322,238.97749970214886,162.59716560633143,61.97666054745791,68.03869226558378,62.02506263424108,chips+downstream,upstream
GBR,202511,272.1912527328571,162.09402949968973,226.52273488169976,135.00308421965994,247.251393945062,163.24347887745012,59.55152043727775,66.02327949411762,59.598028555572824,chips+downstream,upstream
GBR,202512,279.5875477579472,162.14257984492437,232.6780722051944,135.0435202947383,254.319767721771,163.11968294297552,57.99349117840514,64.13960047393189,58.03878251821081,chips+downstream,upstream
GBR,202601,286.57153284515937,164.33036185121267,238.49027736037254,136.8656559980756,261.1490858334024,165.39910487281907,57.34357499493985,63.33512688546568,57.38835876787703,chips+downstream,upstream
GBR,202602,294.8819762837572,165.75934648551095,245.40638637155536,138.0558129306179,268.9092458792153,167.51532286568707,56.212098336591815,62.294370845444696,56.25599845702292,chips+downstream,upstream
GBR,202603,309.1836687645887,166.54773063933627,257.3085267293668,138.71243361334655,280.7990516857275,168.47220120838477,53.86692360072391,59.99742527511816,53.908992203450055,chips+downstream,upstream
GBR,202604,333.3575736131743,169.80418985802336,277.42650989044205,141.42463738491819,303.96589512154156,171.9120552064671,50.937552735808815,56.55636305439056,50.977333579537124,chips+downstream,upstream
GBR,202605,340.6535974387203,171.09901165298095,283.49839961552,142.50305425427268,314.12511504041356,173.56006282457176,50.22668568288339,55.251889936353066,50.26591135877136,chips+downstream,upstream
GBR,202606,346.6905332413433,171.6504817737557,288.5224523526502,142.96235659495343,319.70275111570646,174.33992513981,49.511153410775094,54.531881421537435,49.5498202754134,chips+downstream,upstream
HKG,201801,100.11977745251693,101.19391182841065,90.22834604477823,71.47733939054113,100.11977745251693,101.19391182841065,101.0728493442798,101.0728493442798,79.21827510289125,chips+upstream,downstream
HKG,201802,100.42880842860535,102.48116984390508,90.5068460031135,72.38658162057476,100.4249448822187,102.48013054053848,102.04359829357007,102.04648920716876,79.97912292522558,chips+upstream,downstream
HKG,201803,100.87538137523401,104.91276358369737,90.9092993383874,74.10411430469274,100.87760958598831,104.90925279189618,104.00234641338822,103.99656893383391,81.51433884542271,chips+upstream,downstream
HKG,201804,101.96583997211317,106.91595371201356,91.89202501087883,75.5190482476381,102.00888804804758,106.910393460766,104.85467852886241,104.80497876852628,82.1823746279371,chips+upstream,downstream
HKG,201805,103.10321056124148,108.57616400173438,92.91702795942905,76.6917217039154,103.20438242832077,108.55233762763635,105.3082279501297,105.18190707941102,82.53785488855907,chips+upstream,downstream
HKG,201806,104.42304024888207,110.66768560084444,94.1064637812684,78.16904772562044,104.66126411297635,110.66736476125078,105.98014129552143,105.73860892965247,83.06448312340024,chips+upstream,downstream
HKG,201807,104.50512010667035,111.7957491965309,94.18043447916911,78.96584451928248,104.70668396468228,111.85804521694531,106.97633674064856,106.82989946914488,83.84527524848933,chips+upstream,downstream
HKG,201905,102.80414299062876,129.82269211028557,92.64750706217363,91.69900102582436,106.63117179214383,130.43034728785793,126.28157614437748,122.3191540482232,98.97622065997659,chips+upstream,downstream
HKG,201906,103.16002487038492,129.33119687415834,92.96822924329247,91.35183812672555,106.947933161925,129.9900215266239,125.36948981609505,121.54514601961681,98.26135107689649,chips+upstream,downstream
HKG,201907,102.51128590589605,128.43394539586237,92.38358307976704,90.71807323638735,106.10446545066226,129.12451080484954,125.28761517416041,121.69564236190551,98.19717985830705,chips+upstream,downstream
HKG,201908,101.70429376204235,128.96106240390827,91.65631851462575,91.09039722902547,105.15585430866716,129.69731001382732,126.80001761345358,123.33817348211815,99.38256162284112,chips+upstream,downstream
HKG,201909,101.32182202115303,126.33331138201771,91.31163344372976,89.23431074880325,104.71182698835577,127.06345377569166,124.68519501716325,121.3458473891602,97.72501858023749,chips+upstream,downstream
HKG,201910,100.7154001523741,124.65462759276191,90.76512361702488,88.04858871507564,104.03771391390208,125.41082326034514,123.76918267133898,120.54361686967735,97.00707188654155,chips+upstream,downstream
HKG,201911,100.72666800414238,123.6407447694283,90.77527825034907,87.33244240393647,103.9786673211412,124.51575422256174,122.74876874150505,119.75125035791345,96.20729794193788,chips+upstream,downstream
HKG,201912,101.15358021810827,122.10880552573775,91.16001325428698,86.25037195850662,104.37877190900615,122.91254829187288,120.71624678280851,117.75626982756978,94.61426000226095,chips+upstream,downstream
HKG,202001,101.71801334070499,122.2591997433375,91.66868265408608,86.35660145729287,105.06145315266448,123.05567454780434,120.19424655280055,117.12732962963354,94.20512977497617,chips+upstream,downstream
HKG,202002,101.71003155100473,122.26658551801874,91.66148943311161,86.3618183276956,105.03198134410717,123.12656151844345,120.21094050757961,117.22768621783358,94.21821406329715,chips+upstream,downstream
HKG,202003,101.40832067488684,123.19336883486562,91.38958637830558,87.0164427461298,104.78148490147139,124.10419668070489,121.48250559223955,118.4409600583568,95.21483376226999,chips+upstream,downstream
HKG,202004,102.00882835158798,123.2365914147527,91.93076631132764,87.04697259675126,105.46666736390402,124.11165621980219,120.80973128129675,117.6785607452307,94.68753072498362,chips+upstream,downstream
HKG,202005,102.77183630379545,125.04992300347935,92.61839214608686,88.32780179934974,106.32084245323257,126.14315620769804,121.67722938590826,118.64386445506649,95.36745321602045,chips+upstream,downstream
HKG,202006,104.43612393530782,126.47064229962103,94.11825485208777,89.33131311217656,107.91959516835117,127.78336663762673,121.09856009014882,118.40608412057951,94.91390724633158,chips+upstream,downstream
HKG,202007,106.48475572761889,129.3444127366988,95.96449006133643,91.36117302321365,109.99979231953789,130.80825920946398,121.46753951105777,118.91682379679379,95.20310373641277,chips+upstream,downstream
HKG,202008,107.53304215144585,129.7924904475,96.90921000188926,91.67766837386854,111.00953354492327,131.31273730482474,120.70010096497103,118.28960370478917,94.60160532944317,chips+upstream,downstream
HKG,202009,108.68681860946505,130.49965548373908,97.9489979854557,92.17716754715966,112.37957086729018,131.88577283171875,120.0694409435722,117.35742698952248,94.1073103788636,chips+upstream,downstream
HKG,202010,108.70263087299293,131.27264740937903,97.96324806093176,92.72316290613739,112.55215919075185,132.57776778942667,120.76308213989473,117.79229180733503,94.65096833913151,chips+upstream,downstream
HKG,202011,108.7150917768707,132.13756768021935,97.97447787761455,93.3340909612702,112.68065601854562,133.43354667606746,121.5448246609785,118.41743861883998,95.26367783032138,chips+upstream,downstream
HKG,202012,108.79510749058814,133.16343029904482,98.04658836057824,94.05869908491101,112.7747508451133,134.76634229637085,122.39836273020344,119.50045669483337,95.9326588080747,chips+upstream,downstream
HKG,202101,108.58919891458436,131.82252094560317,97.86102272387807,93.11156075201981,112.80091289248335,133.2377685011932,121.39561048727693,118.11763316861567,95.1467276351084,chips+upstream,downstream
HKG,202102,109.57288685766096,130.87399371421697,98.74752625381335,92.44157773017632,114.23938049449096,132.1365067374568,119.44012562544499,115.66633691945566,93.61406937179501,chips+upstream,downstream
HKG,202103,109.48032050024341,131.84258685744922,98.66410508027812,93.12573411448092,114.24572962861859,133.10900334883345,120.42583201713964,116.51114118797628,94.3866404491371,chips+upstream,downstream
HKG,202104,109.71013074994343,133.59052312771445,98.87121100142745,94.36037196734537,114.49698553189569,135.07886518810642,121.76680696170196,117.97591400384702,95.43766179417288,chips+upstream,downstream
HKG,202105,110.91729028748895,134.75187222045975,99.95910803092863,95.18067964943012,115.76877102439687,136.07664330224836,121.48860819732741,117.54175335727788,95.21961682569236,chips+upstream,downstream
HKG,202106,110.53817922318845,136.98875177569357,99.61745161528854,96.76067785541234,115.27846436945985,138.16570105909054,123.92890197612046,119.85387020448034,97.1322557307441,chips+upstream,downstream
HKG,202107,109.39004786796984,138.87230487385497,98.58275102106623,98.09110734098925,113.78013451109872,139.92809316447838,126.95149840456166,122.98112826613774,99.50128833392779,chips+upstream,downstream
HKG,202108,110.10751717259386,141.6691377960248,99.22933724350189,100.06662318363747,114.40628137537267,142.86940284356902,128.66436500784775,124.87898490014499,100.84378870543189,chips+upstream,downstream
HKG,202109,110.251053455686,148.4976219832411,99.35869271901682,104.88985684417841,114.5906262729647,150.0047894912266,134.69043363193606,130.9049390601133,105.56686483466882,chips+upstream,downstream
HKG,202110,111.71441308394554,151.80395373480255,100.67747830050875,107.22525224963333,116.18181253786378,153.35681736739545,135.88573716153576,131.99726705711043,106.50371270680851,chips+upstream,downstream
HKG,202111,113.39201286498121,157.14764488807543,102.18933796919127,110.99971673331072,118.07329590827405,158.89999503547116,138.58793129917817,134.57741974011938,108.62162231325509,chips+upstream,downstream
HKG,202112,117.88893029593322,161.03688183821515,106.2419780411008,113.74684157938593,122.90990863493178,162.88762573766152,136.60051154418727,132.52603272326235,107.06393430982789,chips+upstream,downstream
HKG,202201,119.56272564342487,169.62223110688316,107.75040913897496,119.81101987208267,124.51503483918889,171.60434169340488,141.86882257330942,137.8181694403666,111.19309971023137,chips+upstream,downstream
HKG,202202,121.89829788136382,174.47739351602976,109.85523623167676,123.2404168095508,126.8832878435904,176.65277427445284,143.13357655398764,139.22461915726325,112.18438104274398,chips+upstream,downstream
HKG,202203,122.28262777483758,181.6351638692639,110.20159587715389,128.29623856378038,127.19635704051208,184.13730610580149,148.53717749974575,144.7661791502045,116.41958316719597,chips+upstream,downstream
HKG,202204,125.0476956722738,187.94971249757225,112.69348618529511,132.7564588205978,129.99973517007814,190.69150547991066,150.3024197984045,146.68607226809326,117.80313424887251,chips+upstream,downstream
HKG,202205,125.64064715002061,195.1093098216451,113.22785644143431,137.8135710379821,130.64189527283725,198.1724068090016,155.29155114003493,151.69131341453,121.71348585872455,chips+upstream,downstream
HKG,202206,128.9535900665822,200.68001520704817,116.21349391994232,141.74838482551846,134.36268970925497,203.84130650717904,155.6218908705308,151.70975435834725,121.9723975626847,chips+upstream,downstream
HKG,202207,133.87228354290127,205.6869561959506,120.64624025999478,145.28498909257192,140.38408828651902,209.41779794699488,153.6441679730034,149.17488192791512,120.42230970437222,chips+upstream,downstream
HKG,202208,138.19109642882265,216.29940827738005,124.53837179972348,152.7809918212383,145.8680116217845,219.57078104682338,156.52195681708645,150.5270268687421,122.67784588265954,chips+upstream,downstream
HKG,202209,139.93021340492282,217.70850360385637,126.1056710119729,153.77629265568925,147.30461577224767,221.11668895476936,155.58362865771008,150.1084591243528,121.94240863369991,chips+upstream,downstream
HKG,202210,139.371282158425,227.0311418518461,125.60195992503841,160.3612478770736,146.36547038445974,230.96598090538495,162.8966443702348,157.8008667609267,127.67416047709779,chips+upstream,downstream
HKG,202211,139.8136898579918,233.39858482643615,126.00065952291077,164.85882954301837,146.76900140628467,237.72050119889565,166.9354303312488,161.96914806338418,130.83965605199234,chips+upstream,downstream
HKG,202212,139.865915898252,241.86375091066594,126.04772584040614,170.83811760755896,146.6512120822614,246.50859726606265,172.92544030999954,168.09175578295802,135.53447035122525,chips+upstream,downstream
HKG,202301,141.4823968770163,243.97907499232002,127.50450499870898,172.33225628224278,148.3523412005852,248.9868180578723,172.4448273267515,167.83477499773366,135.1577783733898,chips+upstream,downstream
HKG,202302,140.0556744176884,245.20404330753104,126.21873698118472,173.1975007858594,146.1872971747705,249.97392536637423,175.07612192581243,170.99565434028395,137.22011876230212,chips+upstream,downstream
HKG,202303,141.19429902182245,238.97879801476677,127.24487005310078,168.80035907505388,146.6895401051114,243.6763165191655,169.25527423584654,166.1170362553169,132.6578894729599,chips+upstream,downstream
HKG,202304,142.0764260221407,238.58533901929894,128.03984645302245,168.52244312490265,147.00372410621756,243.5821806410175,167.92746390039304,165.6979658998415,131.6171862067432,chips+upstream,downstream
HKG,202305,142.01529490176966,233.23077337296283,127.9847548415218,164.7402975483874,146.5179989420877,238.24104688322626,164.22933426592246,162.60189778963112,128.71868821593512,chips+upstream,downstream
HKG,202306,142.66635413246522,230.53359211981177,128.57149203828303,162.83516969686028,146.65265686908398,235.65298181444615,161.58932042642803,160.68783671939354,126.6495139127537,chips+upstream,downstream
HKG,202307,143.53913871592553,230.30516217568402,129.35804901456427,162.67382041854532,146.95349681337214,234.61186020236943,160.44764113533856,159.6504100207439,125.75469532648104,chips+upstream,downstream
HKG,202308,143.7797287833803,222.11049497783898,129.57486975082233,156.885596622176,146.8199311529872,227.18208754100456,154.4797008989163,154.73518190406963,121.07717871827562,chips+upstream,downstream
HKG,202309,143.80062180368435,222.65034141848673,129.59369862473594,157.26691192622692,146.60457085751125,227.7920142166218,154.83266944592734,155.3785212045119,121.35382630109527,chips+upstream,downstream
HKG,202310,145.62706585631523,224.18968051829484,131.239697349517,158.35420918834566,148.2170191290636,229.53557700242388,153.9478112808332,154.86452119412155,120.66029744538149,chips+upstream,downstream
HKG,202311,145.4501120150709,220.93444875114537,131.08022583621567,156.05490776189276,148.12643819409277,226.7335862714424,151.89706332316408,153.06760159476005,119.05297444092206,chips+upstream,downstream
HKG,202312,145.28137922837809,218.3652212103441,130.9281631703349,154.2401587756418,147.96343921564613,224.12557585753024,150.3050303969653,151.4736187842209,117.80518036824397,chips+upstream,downstream
HKG,202401,143.7123975825852,215.73383111487442,129.5141906019116,152.38150187104736,146.41839856461155,221.77975387654482,150.11497598243162,151.4698672098082,117.65622065262573,chips+upstream,downstream
HKG,202402,145.77471733794835,216.7673730998503,131.3727614585052,153.11153424058122,148.48557459757424,222.74941448462658,148.7002527312883,150.01417820439613,116.54739729966194,chips+upstream,downstream
HKG,202403,145.62980129451685,220.1845877292438,131.24216253742412,155.5252506927098,148.4914507798884,225.32835873026923,151.1947319655747,151.74500454189624,118.5025053578809,chips+upstream,downstream
HKG,202404,145.3793901503484,223.83426213566264,131.01649100733894,158.10316285658496,148.15866770333835,228.4761807423935,153.9656081265562,154.21047197851212,120.6742461509893,chips+upstream,downstream
HKG,202405,144.98034700124538,230.49228749445257,130.65687171672332,162.80599457484104,147.90475213475207,234.88101589621593,158.98174632764028,158.80559110245633,124.60576503608637,chips+upstream,downstream
HKG,202406,144.30329062070612,239.61179836523024,130.04670578398247,169.24747274095435,147.46748507523122,244.1370226188625,166.04735577031136,165.55312006190033,130.14360626872576,chips+upstream,downstream
HKG,202407,142.93810861183235,250.7668080623717,128.8163982678757,177.1267057859161,146.1929855691073,254.80471091440512,175.43733473021018,174.2933902898889,137.50322798001102,chips+upstream,downstream
HKG,202408,140.46202879067022,259.5323885087056,126.58494517615998,183.3181886251218,144.13758387476537,264.0886036855149,184.77049686893335,183.21980748266847,144.81831814202698,chips+upstream,downstream
HKG,202409,139.45206470399677,270.77089370823796,125.67476147995282,191.25639790940608,143.23191159480416,275.92537876939696,194.16771941167073,192.642390719448,152.18361718547172,chips+upstream,downstream
HKG,202410,139.2805232686366,272.60319950901504,125.52016764859883,192.55062936288994,142.9546734925562,278.32357860049757,195.7224119435802,194.69358489702694,153.40214482659619,chips+upstream,downstream
HKG,202411,140.39883706637337,280.6855898368979,126.52799654011527,198.25954747974762,144.0103088832732,285.51046182700037,199.92016721919438,198.25696093633084,156.69223642286167,chips+upstream,downstream
HKG,202412,140.78863300997935,294.5427927945759,126.87928221195179,208.04744855910366,144.49644602966444,300.1490161591491,209.20921419394574,207.72069099715426,163.97275026474415,chips+upstream,downstream
HKG,202501,141.1923386596286,310.2399148390328,127.24310336680864,219.13495866276372,144.9080225491695,315.70978312216903,219.72857577416153,217.869085208891,172.21755275101617,chips+upstream,downstream
HKG,202502,139.80978046783633,323.27151433077444,125.99713636478211,228.33970273128296,143.4615569510698,329.0572625399869,231.22238891230077,229.3696440588735,181.22610506813626,chips+upstream,downstream
HKG,202503,139.06091442141798,356.9237367099643,125.32225527238789,252.10962403170646,142.468998379585,360.62825512752596,256.6671866030757,253.1275289566449,201.1690768600886,chips+upstream,downstream
HKG,202504,138.12458088680788,365.68944835329313,124.47842772578554,258.30119954063866,141.28252994445174,368.3085468412737,264.7533451362818,260.6893768012805,207.50679797277994,chips+upstream,downstream
HKG,202505,137.82866869024483,372.7879362605602,124.21175046431216,263.3151477134074,140.60433282940073,373.968113064327,270.47198511244505,265.9719693831009,211.98891950972194,chips+upstream,downstream
HKG,202506,137.03650296510804,369.2542126079668,123.49784752733898,260.81913624132306,139.40811409270452,372.8805457736184,269.45682691712113,267.47406218095585,211.19326487336954,chips+upstream,downstream
HKG,202507,134.8049889736633,365.22577968136187,121.48679814481982,257.97369166561367,137.11164354041946,372.1422896318713,270.9289785652633,271.4155268091193,212.3470991128542,chips+upstream,downstream
HKG,202508,135.30938627925264,363.4171389849022,121.94136302491407,256.6961758293289,136.3148774264371,371.5181908724027,268.5823570545793,272.5441256937593,210.50787809947872,chips+upstream,downstream
HKG,202509,135.8233930281657,359.91473603287983,122.40458797397346,254.22228743070048,136.44113041549056,369.11002034416816,264.9872956407769,270.52694390625044,207.69016230401024,chips+upstream,downstream
HKG,202510,136.80084434508726,357.9951752720017,123.28547103133893,252.866424281357,137.45257929769664,367.9928771851198,261.6907643997724,267.723515313682,205.10642670706824,chips+upstream,downstream
HKG,202511,137.12671326562102,360.83337831118087,123.57914541291755,254.87116150541718,137.43684262826946,373.78558454756796,263.1386472541125,271.9689840071194,206.24123969607567,chips+upstream,downstream
HKG,202512,138.43210648119899,363.65796453040144,124.7555710280817,256.8662806206009,138.59723318663836,379.20564110027647,262.697703426041,273.60260546444607,205.8956393721142,chips+upstream,downstream
HKG,202601,140.40979397999425,363.19256383843606,126.53787095473066,256.5375493500022,140.68363116554005,381.4055687401224,258.6661183266063,271.1087036780625,202.73578764556532,chips+upstream,downstream
HKG,202602,143.81680692242134,363.7800913277551,129.6082847188258,256.9525437009127,144.15993833558693,384.04872049350337,252.94685587338054,266.4046093024015,198.25317822726342,chips+upstream,downstream
HKG,202603,147.77023311395737,366.71189112184675,133.1711283002708,259.0233920861668,148.4815778680543,400.3665980381991,248.16357353855292,269.6405869245128,194.504165724366,chips+upstream,downstream
HKG,202604,152.6647397563008,380.4575995608308,137.58207736828362,268.73254009225116,153.72633567299303,422.14677829889007,249.21118011150213,274.6092765763191,195.32525255662497,chips+upstream,downstream
HKG,202605,158.43245123136833,401.2675508679049,142.7799621429041,283.4314476194011,159.48159303435963,453.4554986040533,253.27358615559768,284.33093122311504,198.50926093937693,chips+upstream,downstream
HKG,202606,160.65479450260418,410.7928860974135,144.78274683549347,290.1595758902277,161.7861215223141,464.317232946149,255.69911397244647,286.9944767679648,200.41032666683398,chips+upstream,downstream
HUN,201801,99.8080067962166,99.34093205213851,55.125321313713776,51.625648497313726,99.8080067962166,99.34093205213851,99.53202677914233,99.53202677914233,93.65142418584067,chips+upstream,downstream
HUN,201802,101.0982972751243,99.27938597957075,55.837966316063515,51.593664139575814,101.09644780113827,99.27819009674516,98.20084873377873,98.20146232242531,92.39889548902376,chips+upstream,downstream
HUN,201803,95.3783052763587,95.04653990905759,52.67873684174264,49.39393217747929,95.37278836674278,95.14345176350353,99.65215845853014,99.75953664859061,93.76445818332442,chips+upstream,downstream
HUN,201804,90.62801616049562,94.73091519958211,50.05508747481715,49.229907842576786,90.64566593206497,94.83515844623463,104.52718619794189,104.62183433823466,98.35145701692058,chips+upstream,downstream
HUN,201805,87.53717770685806,94.23019849211781,48.34797530661771,48.969694613223176,87.50987215705756,94.3908679284443,107.64591795233923,107.86310801487303,101.28592625164256,chips+upstream,downstream
HUN,201806,86.65669014787264,94.66111134132885,47.86167003753344,49.19363206606154,86.58618013391555,94.77635803029659,109.23693390527299,109.45898974145065,102.78294097862351,chips+upstream,downstream
HUN,201807,87.19576915715112,94.52852601826925,48.15941071539939,49.124729921268035,87.0580769933102,94.62898395923196,108.40953286151125,108.69638662763425,102.0044248705061,chips+upstream,downstream
HUN,201808,86.62829744456023,95.71844513369723,47.845988360849354,49.7431089189714,86.37105056590659,95.85100004625075,110.49327755166196,110.9758413475709,103.9650566810621,chips+upstream,downstream
HUN,201809,87.11164215379804,98.48040577662924,48.11294622582726,51.17844887773669,86.73984069022087,98.51786168561742,113.05079704818252,113.57855963496647,106.37147149027398,chips+upstream,downstream
HUN,201810,84.91041224888997,100.79447287285501,46.89717697355508,52.381026828648714,84.36614565869385,100.76067205148387,118.7068466672916,119.43258906139275,111.69334746563943,chips+upstream,downstream
HUN,201811,82.84995681182747,104.12681493216822,45.75915937690506,54.112783479941534,82.1323251234342,103.95930572449986,125.68119397897298,126.57538377035175,118.25563278868405,chips+upstream,downstream
HUN,201812,82.92883331710594,108.26150106590242,45.80272394489064,56.261503534982374,82.04352234532747,107.86416866753459,130.54747876643654,131.47188904631133,122.83440522593293,chips+upstream,downstream
HUN,201901,83.92164824716208,110.33959164782712,46.351069150662966,57.34144884767298,82.75089130715088,109.96606113063385,131.4792952145794,132.88806850728287,123.71116761360146,chips+upstream,downstream
HUN,201902,80.72652664266903,111.44485155363144,44.5863599781445,57.91583201699214,79.49644565819011,111.0074150557175,138.05233073749744,139.6382116667388,129.8958516581787,chips+upstream,downstream
HUN,201903,78.42068258173519,118.96494443213648,43.3128109028902,61.82388546075381,76.99387734422623,117.63067148819049,151.70098055209272,152.77925407274168,142.7381048978015,chips+upstream,downstream
HUN,201904,79.70422107689437,121.33141170795918,44.02172669266883,63.053694817665196,77.65488072987843,119.72982000308589,152.22708417275055,154.18196368051179,143.2331249927229,chips+upstream,downstream
HUN,201905,81.2288793899136,126.0339347916168,44.86381624136018,65.49750925298774,78.76373419559488,123.98418220346119,155.15902193680483,157.41277818998506,145.99183649607866,chips+upstream,downstream
HUN,201906,82.12070264860255,127.40937679076205,45.3563823717574,66.21230106850088,79.34236781482866,125.37939216854559,155.1489121274953,158.02325494136926,145.98232399974228,chips+upstream,downstream
HUN,201907,81.90675848920635,128.16475427451942,45.23821809908549,66.60485680211103,78.95649854775273,126.04327900520789,156.47640883189015,159.6363584043398,147.2313888584782,chips+upstream,downstream
HUN,201908,81.45198905011176,130.05891269241334,44.987042744938485,67.58921596464734,78.52773820297028,127.95614082294715,159.6755514618521,162.94387658564608,150.24151809189954,chips+upstream,downstream
HUN,201909,80.52028790926002,130.0825115173147,44.47245151717586,67.60147983830083,77.4443951794901,127.63795730168485,161.55246695579055,164.81238830242387,152.00754069559719,chips+upstream,downstream
HUN,201910,83.1731418095316,132.5737321285982,45.93765885218852,68.89612120063357,79.59703720924868,129.7744267868171,159.39488306476997,163.0392679637806,149.97743228995938,chips+upstream,downstream
HUN,201911,84.14772195501466,134.29851925341197,46.47593273812445,69.79246122884665,80.4338255390834,131.20810708525264,159.5985204747526,163.12553357479885,150.16903828935,chips+upstream,downstream
HUN,201912,81.31210685771605,132.52114373810937,44.909783905198054,68.86879198490816,77.78234888505584,129.449978294384,162.97836676400652,166.42590529848985,153.34919475517,chips+upstream,downstream
HUN,202001,80.19048707756181,133.44147891115213,44.290298026684724,69.34707318442705,76.9129025295086,130.2911941756768,166.40562213082072,169.40095860468787,156.57395925095315,chips+upstream,downstream
HUN,202002,81.73484882038234,136.11266579660958,45.143270047971654,70.73523969716807,78.040676626442,132.88664490057548,166.5295375975137,170.2786939388867,156.69055348006697,chips+upstream,downstream
HUN,202003,88.32022057879408,137.3424640487402,48.78046054806752,71.37434314602422,83.77077714789155,134.27548281149288,155.50511892824292,160.28916930594872,146.31748520638305,chips+upstream,downstream
HUN,202004,91.2107350633638,139.45343377000822,50.3769310601897,72.4713751404639,86.69310332784629,136.12773072766677,152.89147014672162,157.02256062154578,143.85825737156568,chips+upstream,downstream
HUN,202005,94.46131754376378,144.15368078425624,52.17227202972372,74.91400674453182,89.5805056104415,140.15016309343417,152.60604502734154,156.45163212507953,143.58969588645022,chips+upstream,downstream
HUN,202006,97.47831136683762,150.76584138229728,53.838598802865334,78.35022454308333,92.20340789494405,145.9463121832512,154.66603726332934,158.28732962835977,145.52797859760324,chips+upstream,downstream
HUN,202007,101.52235216426386,151.12207767446455,56.0721776060074,78.53535396779782,95.5901816477607,146.78059532622873,148.8559656596096,153.55195773881786,140.0611806440415,chips+upstream,downstream
HUN,202008,107.07131474535434,151.81003529431345,59.136945203911004,78.89287284274383,100.11060000622582,146.79494886627873,141.78403959581553,146.63277301020037,133.40708176709518,chips+upstream,downstream
HUN,202009,114.5715476177806,151.06365310303153,63.279425955624085,78.50499179657494,106.30143703821811,146.5954992113091,131.8509317924127,137.90547267823314,124.06084696727191,chips+upstream,downstream
HUN,202010,120.96502554365,150.59058049635536,66.81063087884522,78.25914469607508,111.39242973770924,146.2045271536853,124.49100871889209,131.2517623486143,117.13576666861695,chips+upstream,downstream
HUN,202011,130.52090242655368,152.50557597957763,72.08847181078457,79.25433249679844,119.04177645008494,148.02647077897322,116.84379524221808,124.34833819960824,109.94036980673219,chips+upstream,downstream
HUN,202012,125.30940485773354,158.08310562176834,69.21009073467097,82.15287168747122,113.34514609292418,153.3799009844129,126.15422266289069,135.3211022011184,118.70071374767976,chips+upstream,downstream
HUN,202101,134.22762799263955,167.07118129263415,74.13574681818396,86.82380868862438,120.42733891821752,161.2083784806161,124.46854927794416,133.8636059957225,117.11463418795465,chips+upstream,downstream
HUN,202102,144.58883878181578,173.27068974101195,79.85838463339086,90.0455787827896,129.04714080998843,166.3540924487018,119.83683609388206,128.9095530552241,112.75657427352871,chips+upstream,downstream
HUN,202103,156.47246789774482,179.53253631764818,86.42187482237063,93.2997448514134,138.83657951774674,169.42005373153896,114.73746067261698,122.02839793376133,107.95848278364636,chips+upstream,downstream
HUN,202104,160.33570614605318,182.08549085201133,88.55559391551155,94.62646819392724,141.53200512993095,170.6909557690149,113.56515353239271,120.60237231311399,106.85543849912828,chips+upstream,downstream
HUN,202105,167.59323990877996,182.57686793982947,92.56402864392261,94.88182779536542,147.36821073572332,171.38963239859206,108.94047280141191,116.30027367703238,102.5039955427599,chips+upstream,downstream
HUN,202106,170.65817992457147,179.9265409046558,94.25683675222129,93.50450176173217,149.97750551568657,169.16092741947645,105.4309503266593,112.79086609543819,99.20182448678304,chips+upstream,downstream
HUN,202107,179.19495553309068,188.42125518365447,98.97181417245501,97.91904795526425,157.15054291265645,176.26535871887796,105.148749652643,112.16337879077227,98.93629693868564,chips+upstream,downstream
HUN,202108,183.50696409877762,194.52006583193221,101.35339522312468,101.08848726165621,160.71248386629844,182.5542320010167,106.00146255333749,113.5905734322973,99.73862941553631,chips+upstream,downstream
HUN,202109,190.63847014414898,207.1596635524312,105.29222312702679,107.65705286282707,166.84014740611553,193.29379253054623,108.66624317525729,115.85568314084398,102.24596809295906,chips+upstream,downstream
HUN,202110,198.29650490056224,212.69598890298553,109.52186000817198,110.53417894379112,172.74494060077654,198.21725849051742,107.2615924368632,114.7456231141431,100.92430765469433,chips+upstream,downstream
HUN,202111,207.54192934049715,217.84925050845442,114.62823382819695,113.21223386800916,180.1611447299925,202.57390948350516,104.96638014338149,112.44039872587548,98.7647022789254,chips+upstream,downstream
HUN,202112,279.6237555855985,223.9969292774406,154.4400080554238,116.40706903459994,241.7031130735149,208.14608546473684,80.10654488505023,86.11642722261024,75.37364864214783,chips+upstream,downstream
HUN,202201,280.53705807805665,190.1182588831531,154.9444374591305,98.80094945023892,241.87359167996786,177.432227125478,67.76939210300502,73.35742025125475,63.765405890288584,chips+upstream,downstream
HUN,202202,294.669599543366,112.7596746378901,162.75003256379193,58.59912130149841,250.14028332975454,101.25660148778411,38.26647703483082,40.47992595990615,36.00559728215707,chips+upstream,downstream
HUN,202203,302.6872910401046,114.38490183979471,167.17831276033323,59.44372187570849,255.74911102627294,102.51582341831846,37.78979336950069,40.08452776509831,35.55707728724777,chips+upstream,downstream
HUN,202204,310.5746843535531,97.41600000158803,171.53462749587575,50.62529684598459,262.1965206444319,89.30768579808984,31.366368512731473,34.061354276779724,29.51316453419983,chips+upstream,downstream
HUN,202205,311.747228668538,87.1607896075594,172.18223968845348,45.29585332123237,262.31128921689856,81.02604130076463,27.958801744548047,30.889269593641565,26.306925385098186,chips+upstream,downstream
HUN,202206,303.96859191054506,87.90827891279108,167.88599267950832,45.684309714082985,256.9280485544162,81.74645075747704,28.92018493103446,31.81686515637996,27.211507633810523,chips+upstream,downstream
HUN,202207,295.35867286944233,82.52160584319466,163.13061714540996,42.884955160866426,250.04688785188623,77.48689884268927,27.93945579504678,30.98894751635068,26.288722442973416,chips+upstream,downstream
HUN,202208,289.63788544937375,82.6881125746025,159.9709483490716,42.97148563536999,245.9357343752936,77.4586526790149,28.54879030977309,31.495485141990127,26.86205594130891,chips+upstream,downstream
HUN,202209,293.84160710355286,79.15316472062351,162.29272106389175,41.134438492807725,248.26436351879667,75.20870627472465,26.937357680843714,30.293798597892774,25.345830806924376,chips+upstream,downstream
HUN,202210,303.007286905865,75.14648981787927,167.35505083461538,39.052243511352145,256.0467104109594,71.64320792718145,24.80022529663617,27.980522699234392,23.334965581615215,chips+upstream,downstream
HUN,202211,318.94692138522663,76.85771430994498,176.15872801947293,39.94153528969999,266.4424480533831,72.97422670196437,24.097336941250994,27.388363691713124,22.673605638935346,chips+upstream,downstream
HUN,202212,318.4013633115893,73.75581752528367,175.85740886613135,38.32953679349276,267.63882368439124,70.66071766387405,23.164416370009643,26.401520037765362,21.795804362539258,chips+upstream,downstream
HUN,202301,304.0633890155336,79.04356187356647,167.93835041151644,41.07747991652317,257.33066568933197,75.51905452823617,25.995751125936575,29.34708707411039,24.459856736633913,chips+upstream,downstream
HUN,202302,308.3779750018281,91.77947253288053,170.32135500668633,47.69609757400451,265.8178386899996,116.17702518396753,29.76200635999911,43.70550364735106,28.003592134487242,chips+upstream,downstream
HUN,202303,313.71226225069233,96.47289295375641,173.26755449520707,50.13518152351973,271.74005837148866,122.79790547069015,30.75203125999054,45.18947489987522,28.935123872199952,chips+upstream,downstream
HUN,202304,303.133703721688,107.30703793006569,167.4248725635066,55.7654866632211,263.6689092379394,134.52797274256764,35.399243506286595,51.021553178712956,33.307767125262984,chips+upstream,downstream
HUN,202305,308.19903401443094,119.11547894971173,170.22252346257383,61.90211547058474,268.84673697681774,147.20073154179704,38.64888134079432,54.75265692158649,36.36540817948509,chips+upstream,downstream
HUN,202306,333.7541660835521,125.36150911698616,184.33697090766694,65.14806204324312,290.36865364658485,153.6665655053024,37.56103199790565,52.9211964085951,35.34183171311593,chips+upstream,downstream
HUN,202307,324.2087699213873,136.7145070240776,179.06491862051544,71.04800547275137,284.0176197864966,164.91511162881892,42.1686640547162,58.06509883182244,39.677233273883395,chips+upstream,downstream
HUN,202308,331.71092855285127,144.66780553180038,183.20846299516955,75.18118788479487,289.9535326976191,172.87658265817035,43.612613597911825,59.62216809355325,41.0358706446749,chips+upstream,downstream
HUN,202309,339.99214583163484,170.6059562760587,187.78229206976167,88.66076599355078,299.4604680916743,197.86978091695806,50.179381602698335,66.07542630848486,47.21465747186271,chips+upstream,downstream
HUN,202310,336.9234672290896,206.94134145075495,186.0874190890878,107.54359489693626,299.2272719270839,233.59438019125759,61.42087494013769,78.0658723674693,57.791975096097524,chips+upstream,downstream
HUN,202311,342.1887236936508,212.2494658406608,188.99549193539417,110.302129151371,308.58913703118947,238.6231987057598,62.02701934464682,77.32715448166987,58.36230696395471,chips+upstream,downstream
HUN,202312,365.29919031595136,292.52961649664445,201.75971736337326,152.02224142998318,327.6498182349757,311.42613782099045,80.07945931761643,95.04846958213467,75.3481633581931,chips+upstream,downstream
HUN,202401,391.00883632844545,293.757025098928,215.95950496352302,152.6601030219281,350.9072371519978,312.5489285191099,75.1279760982623,89.06881803173734,70.6892262267935,chips+upstream,downstream
HUN,202402,396.57181344581954,300.7657040029025,219.03201298066247,156.30238406411948,354.59460273666724,319.36490286229963,75.84142236170139,90.06479523307064,71.36052028975274,chips+upstream,downstream
HUN,202403,400.20030970479246,306.75189730407516,221.03608087643644,159.4132982142013,358.31752242442343,324.3797082300703,76.64959018406321,90.52856417271325,72.12093952358687,chips+upstream,downstream
HUN,202404,436.93729284168666,312.3648889006672,241.32641693787699,162.33026632792857,391.7296235215852,329.19860017448366,71.48963799110754,84.03719821213471,67.26585029011396,chips+upstream,downstream
HUN,202405,445.39656572897945,320.1789018441362,245.99858854976495,166.39106460352022,398.1047299687979,337.1588238206315,71.88625294407024,84.69098667756519,67.6390322336584,chips+upstream,downstream
HUN,202406,442.03105681949813,324.98590327203044,244.1397721484103,168.8891745056128,394.97896886106184,342.771478357887,73.52105655434463,86.78221003672239,69.17724753300197,chips+upstream,downstream
HUN,202407,488.358481429459,334.05540302817474,269.72703963562907,173.6024261007502,433.25279945233,351.34788368079643,68.40372712487178,81.09535221121048,64.36226280289421,chips+upstream,downstream
HUN,202408,499.4925132991977,333.4703368913458,275.8765170577124,173.29837803009428,445.3690660496387,354.0114687161697,66.76182885880333,79.48721536863839,62.817372017873076,chips+upstream,downstream
HUN,202409,484.79360899636805,343.60399592248166,267.7581120453028,178.5646535554585,433.20910310840935,364.51365449728314,70.87634604627303,84.14265810246943,66.6887931765991,chips+upstream,downstream
HUN,202410,514.039972389311,348.2492392067348,283.91127681679615,180.97870073644827,455.47960279148595,372.1891078764916,67.74750173377302,81.71367182975175,63.74480885915328,chips+upstream,downstream
HUN,202411,530.1364201378251,349.47430056841085,292.8015641056501,181.6153425107809,466.8573723308495,375.4326591344312,65.92157929416628,80.41699272307346,62.02676651182423,chips+upstream,downstream
HUN,202412,523.5266989311853,355.6307473427821,289.15092507371315,184.81473424790795,461.300030883635,384.1596345335931,67.92982059345321,83.27760867427712,63.91635586183692,chips+upstream,downstream
HUN,202501,528.6482884699818,367.17530330272683,291.9796487205,190.81422686121329,467.04223394076826,397.1149763585871,69.45549835513675,85.02763722412102,65.35189274231638,chips+upstream,downstream
HUN,202502,525.518457936974,364.13762851503554,290.25100069588007,189.23560335125674,464.31000323321064,394.791981382991,69.29112060964127,85.0276708737411,65.19722684764643,chips+upstream,downstream
HUN,202503,528.3419199172217,362.36185331185374,291.81043719676126,188.31276575998473,463.9719885371049,393.9794366535305,68.58472509026484,84.91448759562843,64.53256695304891,chips+upstream,downstream
HUN,202504,535.1064539203225,367.90848833726386,295.5465814443849,191.19524958864886,467.70553181240126,401.40052280690315,68.75426107120838,85.82334300204657,64.69208632163706,chips+upstream,downstream
HUN,202505,541.33636496244,376.3213919039817,298.9874461502975,195.56728026528097,471.9650368623083,409.4124937845362,69.5171091877584,86.74636081231135,65.40986345191617,chips+upstream,downstream
HUN,202506,549.5119230794775,388.781288986095,303.50291823101753,202.04245876205889,478.42541813525077,422.6213683153027,70.7502917875477,88.33589359916235,66.57018652066802,chips+upstream,downstream
HUN,202507,570.069646332521,402.2083365626121,314.8572287335431,209.02024751662955,493.3806967572111,438.0215438438187,70.55424528391825,88.77962731877322,66.38572293778236,chips+upstream,downstream
HUN,202508,577.3326016320392,419.6813357504791,318.8686578505532,218.10064263304776,493.5136138467769,454.4694919846094,72.69316414214236,92.08854208542874,68.3982690877279,chips+upstream,downstream
HUN,202509,631.5394635718241,435.9784025935427,348.8078458752161,226.56992741825243,530.0449980038246,473.92215040508887,69.03422948864691,89.41168244015185,64.95551350049232,chips+upstream,downstream
HUN,202510,646.756943356521,451.3337107366146,357.21266718809056,234.54979759247337,536.9532429981215,489.8902543640312,69.78413071134507,91.23517936658502,65.66110867198644,chips+upstream,downstream
HUN,202511,630.5184229503201,462.63708995186147,348.2439112356868,240.42395510381934,517.5879580576185,502.07741130212906,73.37407966401541,97.00330223800091,69.03895440718952,chips+upstream,downstream
HUN,202512,639.7691440114567,474.632067229191,353.35321045172947,246.65752336073552,520.6990254289118,513.4180986117462,74.18802104977597,98.60170147021725,69.80480608776885,chips+upstream,downstream
HUN,202601,644.890536459466,474.25919438652534,356.1818252425906,246.46374822784722,518.4647647040275,513.1906838381178,73.54103798611634,98.98275037669715,69.19604841150559,chips+upstream,downstream
HUN,202602,669.8468038942494,492.56750167777807,369.96551159495203,255.97823754533164,535.8218338557779,535.9283268095122,73.5343512597458,100.01987469472232,69.18975675375475,chips+upstream,downstream
HUN,202603,693.6882179038834,525.6969176491382,383.13344921881173,273.1949834377607,550.0468583194081,569.7997121789836,75.78288113896987,103.59112202184511,71.30543782976673,chips+upstream,downstream
HUN,202604,712.2981541032709,556.3182878274092,393.4119704071323,289.1083442314751,568.1010739616792,602.3160122570736,78.10188537239318,106.02268502271875,73.48742945779816,chips+upstream,downstream
HUN,202605,716.2554681442405,559.2389094889994,395.59764884166026,290.62613739266425,569.5802237098999,608.0893494594402,78.07813473842536,106.76096608458687,73.46508207104857,chips+upstream,downstream
HUN,202606,741.4904819042719,562.9123092129311,409.53529058535304,292.5351354161406,587.3413752110046,611.1770231979963,75.91632299409669,104.05822729216526,71.4309956043146,chips+upstream,downstream
IRL,201801,102.19373881902953,94.34747281072656,96.56641595003933,147.51565698076558,102.19373881902953,94.34747281072656,92.32216562484558,92.32216562484558,152.76082841998186,downstream+upstream,chips
IRL,201802,104.49877475643896,88.67399883594152,98.74452452776582,138.64497697397118,104.48044757085326,88.67891364855689,84.85649620545205,84.87608515308035,140.40776198682877,downstream+upstream,chips
IRL,201803,107.35609105411532,78.87518358085028,101.44450201455548,123.32417794326739,109.15656518392566,78.87482206041399,73.47061802119026,72.25843166419921,121.5681239438413,downstream+upstream,chips
IRL,201804,101.58549490582614,74.57014034319965,95.99166513457607,116.59308846505051,103.08605092636094,74.58401937684276,73.4062873959803,72.35122376559126,121.46167930475231,downstream+upstream,chips
IRL,201805,96.78215175361139,72.21041518672811,91.4528192312185,112.90357356464331,100.10199888799565,72.20139775421639,74.61129338244292,72.127828171546,123.45554189990716,downstream+upstream,chips
IRL,201806,93.81570898457784,70.78688068108193,88.64972434852949,110.67782631801106,96.48574551525694,70.73417879655234,75.45312128133939,73.31049619694072,124.84847204135382,downstream+upstream,chips
IRL,201807,94.75425047195259,67.67933588991649,89.53658482260113,105.8190686024169,97.72899205061773,67.56114978654104,71.42617407959939,69.13112308735204,118.18528572658457,downstream+upstream,chips
IRL,201808,93.0127532694547,65.25779804630865,87.89098358346801,102.03290734910793,96.58093734752153,65.06189034791207,70.16005413500564,67.3651469272903,116.09030094902701,downstream+upstream,chips
IRL,201809,95.77520843574062,61.53012390192729,90.50132348994015,96.20455515231106,100.07854853943013,61.17050508820678,64.24431218357545,61.12249426170095,106.30182128000024,downstream+upstream,chips
IRL,201810,99.23576580788087,60.16006684479145,93.77132443597505,94.0624218140925,104.12617409908273,59.78597929125691,60.62337137727193,57.41685969789567,100.31043325864104,downstream+upstream,chips
IRL,201811,100.13209408261537,60.62238819709977,94.6182961781389,94.78527782698023,105.31801280016812,60.22020380450475,60.5424152490833,57.179396195755615,100.17647923877952,downstream+upstream,chips
IRL,201812,98.96842602287175,60.83544737458504,93.51870578068834,95.11840349114692,104.08400635594867,60.306996028230294,61.469551269337025,57.94069438679288,101.71056442356041,downstream+upstream,chips
IRL,201901,99.49033615699832,61.30553434076277,94.01187680743642,95.85340131978955,104.97598701700599,60.74041838813679,61.619587096400046,57.86125009550699,101.95882113504138,downstream+upstream,chips
IRL,201902,102.50401900236209,62.3749764056557,96.85961048026203,97.52551233777127,108.23969377844296,61.7365663303401,60.85124955365735,57.036900396918504,100.68749177723043,downstream+upstream,chips
IRL,201903,104.29019995937658,63.32174683266389,98.54743495219516,99.00582185099223,109.5981739340754,62.70081674492839,60.7168716306318,57.20972758418737,100.46514340938396,downstream+upstream,chips
IRL,201904,109.03148638615355,64.85266127882228,103.02764129866424,101.39946148519262,115.08453823619573,64.18680067449269,59.48067244459601,55.77360925996662,98.41966700106069,downstream+upstream,chips
IRL,201905,113.56238306768998,67.41761931029635,107.30904306194356,105.40986534518844,119.62962611546611,66.69617584231042,59.36615408124309,55.75222293007545,98.23017924439151,downstream+upstream,chips
IRL,201906,116.16707927176444,69.64724738879042,109.77031104149718,108.89596879897826,123.31754504570517,68.89725510181393,59.95437590873379,55.86979133932527,99.20348021771717,downstream+upstream,chips
IRL,201907,116.35613627219776,72.71305130581963,109.9489575726163,113.68946316105885,124.00054878765927,71.89910042401748,62.49180630724824,57.98288888796675,103.40203824667653,downstream+upstream,chips
IRL,201908,118.16809276630151,76.22696991484752,111.66113824547386,119.18360091319111,128.12625374640493,75.33530130432024,64.50723552389049,58.797708589395214,106.73686726278932,downstream+upstream,chips
IRL,201909,116.69397013238283,80.69671127388843,110.26818852983189,126.17220181017302,126.55048734374697,79.80636580189055,69.1524259414111,63.0628672216124,114.42302942705773,downstream+upstream,chips
IRL,201910,113.52463873361107,82.65895033423315,107.2733771287216,129.24023294568389,123.11141544834227,81.9239587905948,72.81146300601303,66.5445673678979,120.47745340449511,downstream+upstream,chips
IRL,201911,111.92348416687199,83.87924876218784,105.76039052426988,131.1482132969272,121.52100735396307,83.15765282118271,74.94338599853478,68.4306809430598,124.00503879269556,downstream+upstream,chips
IRL,201912,105.5809702565623,84.73878660202564,99.76712867173623,132.49213153200142,114.89187308074634,83.92943757919346,80.25952631057469,73.05080449006833,132.80138788792877,downstream+upstream,chips
IRL,202001,103.4873486009589,86.59646737599658,97.788792797412,135.39668203737227,112.94020313444386,85.87241140677223,83.6783129017127,76.03351952940072,138.45828153116904,downstream+upstream,chips
IRL,202002,103.84730418751799,86.99437931926626,98.12892734280484,136.01883162954712,112.96843221790157,86.35568439511634,83.77143730392822,76.44231463578015,138.6123697799908,downstream+upstream,chips
IRL,202003,100.74411079999783,86.88335520893631,95.19661204740945,135.84524145179125,110.07666378890187,86.28196624483316,86.2416219856478,78.38352224255208,142.69965971492573,downstream+upstream,chips
IRL,202004,101.39013995446487,85.53137403372853,95.80706745071541,133.73137040315703,110.63270605569011,84.96284046888942,84.35867045073748,76.79721801807955,139.58403483328667,downstream+upstream,chips
IRL,202005,100.39295925038594,84.69284462902826,94.86479674254647,132.42029960976967,110.70394036191173,84.17528074040166,84.36133894389877,76.03639081428994,139.58845025425506,downstream+upstream,chips
IRL,202006,100.96503357020958,77.77320843801411,95.40536965201065,121.60120029130563,111.48228377659335,77.36453268483042,77.02984457874891,69.39625747160532,127.45739651221288,downstream+upstream,chips
IRL,202007,101.7945298786757,75.29197251126178,96.18918954624323,117.7216989442644,112.64079655228298,74.98032586126321,73.96465468331046,66.56586969931502,122.38558147708414,downstream+upstream,chips
IRL,202008,101.82779133297994,73.25457500304859,96.2206194505462,114.53615488037642,113.02351609168653,73.00501556070412,71.9396679866147,64.59276625360094,119.0349381810452,downstream+upstream,chips
IRL,202009,101.62520795844398,72.312181432294,96.02919137837588,113.06268873885931,113.45206464065618,72.14252788135525,71.15575248009677,63.58855443473576,117.7378327527176,downstream+upstream,chips
IRL,202010,100.42986826612822,69.77860012333664,94.89967335443743,109.10134350966796,112.03902950927578,69.6399530633894,69.47992796170054,62.15686923423758,114.96493049263637,downstream+upstream,chips
IRL,202011,97.79860803922301,66.89657253512735,92.41330410637534,104.59519002780118,108.75115202717312,66.71140671989353,68.40237696256155,61.343172441267264,113.18196123298816,downstream+upstream,chips
IRL,202012,105.75179502180549,65.32193468212296,99.9285469300921,102.13318727910311,119.21660665249718,65.28478282775082,61.76910251845266,54.76148387451466,102.20621675861386,downstream+upstream,chips
IRL,202101,106.35927681291565,63.291348544979584,100.50257758989898,98.95829303813427,119.84049463951969,63.30739698063718,59.50712569840814,52.82638157583201,98.46343786517977,downstream+upstream,chips
IRL,202102,101.52812925464954,63.40357695189815,95.93745833681348,99.13376617679174,115.18345810762372,63.54288824164226,62.449271366826196,55.166678692933345,103.33165782728659,downstream+upstream,chips
IRL,202103,99.2694628417718,62.64881021058706,93.80316593456975,97.95366131128993,112.44066377165738,62.88643026875902,63.109851123547074,55.9285476973595,104.42468581456545,downstream+upstream,chips
IRL,202104,99.40318271048348,61.48795181522324,93.92952248646831,96.13861758248471,113.24926821078192,61.73435918321114,61.85712583701655,54.51192767825206,102.35186450174346,downstream+upstream,chips
IRL,202105,99.02715837480265,59.37715885972133,93.57420402149863,92.8383171048461,112.38224837926462,59.61840259275524,59.96047936161902,53.04966171486144,99.21357929319552,downstream+upstream,chips
IRL,202106,98.57108387087595,62.994367550222755,93.14324337009919,98.49395260327978,111.69963294304833,63.13275258635387,63.907552881068824,56.520107472996806,105.74460265670572,downstream+upstream,chips
IRL,202107,100.86080979737784,64.64683253540368,95.3068849863603,101.077640863968,114.014566318506,64.64114881435162,64.09509567221852,56.69551786372015,106.0549202488714,downstream+upstream,chips
IRL,202108,104.44865012272659,66.06843905347807,98.69716001909485,103.30037363289534,117.40019298476622,65.99545844522066,63.2544690389469,56.214097070338035,104.66397778103233,downstream+upstream,chips
IRL,202109,108.23868130727328,66.03711508632479,102.27849222261342,103.25139748699338,121.70469602538176,65.9395776804373,61.01064267297879,54.17997812236059,100.95123152799555,downstream+upstream,chips
IRL,202110,112.21965162380543,67.84227252085712,106.0402494487755,106.07382586769798,125.57405438506193,67.80145475586626,60.45489496642277,53.99320352272691,100.03166384377349,downstream+upstream,chips
IRL,202111,118.29417583896952,69.50163915367972,111.78027852334431,108.6683051019627,132.25797397318394,69.65325649121687,58.75322150119234,52.66469340089805,97.21599063583324,downstream+upstream,chips
IRL,202112,121.70868092177756,60.191679433186664,115.00676306046319,94.111849229656,134.6260063904031,60.36365604885686,49.45553511657233,44.83803513699113,81.83157818308304,downstream+upstream,chips
IRL,202201,128.46000623926503,56.13878955142203,121.38632502146588,87.77501056542805,141.2664235325565,56.35625099595655,43.701375389052934,39.89359225404938,72.31046046571224,downstream+upstream,chips
IRL,202202,135.21894227850558,57.057974520226075,127.77307861799325,89.21218922554958,147.6866490874083,57.32526133098565,42.19673187703674,38.8154661814134,69.82080277823606,downstream+upstream,chips
IRL,202203,149.60196191279053,54.194830182185285,141.36409380808738,84.7355603824628,160.20750213998477,54.509596238235034,36.22601568138378,34.024371836598576,59.94136000157001,downstream+upstream,chips
IRL,202204,161.84711035782587,54.02817913711534,152.93496020145074,84.47499549749398,171.06763280744187,54.38212245157953,33.38223278603188,31.78983748070767,55.23589595617697,downstream+upstream,chips
IRL,202205,169.57086728281288,55.29925447873855,160.2334065890136,86.46236737408633,180.7663986115997,55.69277276407944,32.61129424225307,30.809250608428986,53.96026285321117,downstream+upstream,chips
IRL,202206,177.19184012588906,56.24507758202356,167.43472872491938,87.94119571269565,189.55272841936625,56.65889039279378,31.742476144535356,29.8908334716458,52.522673391835774,downstream+upstream,chips
IRL,202207,162.46651631757553,57.31698380922931,153.52025842267582,89.61715953681679,180.77485585830703,57.61345441805903,35.27925944887685,31.870280932884256,58.37481024170802,downstream+upstream,chips
IRL,202208,163.26403533016935,58.696416037010636,154.27386185854365,91.77395129052732,180.2014009643682,58.947952077850566,35.95183465746678,32.71226070517983,59.48768649784397,downstream+upstream,chips
IRL,202209,162.51790420085888,60.403619968070934,153.56881661977553,94.4432258560022,178.53444823560923,60.491058411127995,37.167363353035235,33.88200933149823,61.49896048872754,downstream+upstream,chips
IRL,202210,164.35414145772387,62.3869763453995,155.30394102933832,97.54427467387103,179.7116850201205,62.60186154079984,37.95887088214753,34.834608297056995,62.808628053710514,downstream+upstream,chips
IRL,202211,170.13308091171533,63.844711543033824,160.7646617888798,99.82349592884209,186.218465262375,63.94335390815483,37.52633597234616,34.33781597225656,62.09293436634278,downstream+upstream,chips
IRL,202212,170.83475879140815,74.81384311008004,161.42770160693902,116.97412648009636,186.51583515524698,74.8431774470811,43.7931037216079,40.12698299036389,72.46223870851928,downstream+upstream,chips
IRL,202301,172.43759633225756,83.60171255756308,162.94227851212588,130.7142754887222,186.31129369622664,83.5598489622697,48.48229987877874,44.84958872032245,80.22121494943663,downstream+upstream,chips
IRL,202302,172.2071150336723,83.69551643463433,162.7244887218208,130.8609412142713,185.70593262061004,83.47063038052303,48.601659936216365,44.947745719599745,80.4187140129716,downstream+upstream,chips
IRL,202303,166.70649122361044,95.67344500272165,157.52675808816858,149.588862051481,179.69600673348202,95.25307568653957,57.390353729172325,53.0078978481782,94.96092211061394,downstream+upstream,chips
IRL,202304,165.73347365046527,105.12117705807185,156.6073199623023,164.36072990976635,179.6658286904759,104.48770701479837,63.42784878797279,58.156694445668556,104.95086050213386,downstream+upstream,chips
IRL,202305,164.96784301945084,111.1710553583876,155.88384896659332,173.81993157715104,177.61672616398255,110.39323686857401,67.38953078587551,62.152500641552614,111.506055777723,downstream+upstream,chips
IRL,202306,167.28460904179383,110.43986023746375,158.0730417092981,172.67668178538818,179.4556010148524,109.643752131623,66.01913999743505,61.097982738665536,109.23853929688192,downstream+upstream,chips
IRL,202307,181.0718778555938,97.09676548600055,171.10111124148455,151.8142746664673,184.10810667537592,96.62220623102459,53.623327175872085,52.481233974879395,88.7278133759186,downstream+upstream,chips
IRL,202308,181.8402311865887,92.53966630947798,171.82715501104312,144.68908668925627,182.2593659711633,92.19191780538047,50.89064488403657,50.582814942946136,84.20618189247054,downstream+upstream,chips
IRL,202309,180.270936069645,88.2957019286105,170.3442735081018,138.05349619386934,178.81805110625217,87.95501921878113,48.979443860267516,49.18687944234388,81.04381400722774,downstream+upstream,chips
IRL,202310,177.85446756893117,83.39150857464158,168.06086842803788,130.38561402364144,174.75074491796764,82.96583259038657,46.88749724114829,47.4766689145347,77.58237550668814,downstream+upstream,chips
IRL,202311,174.15145024687118,78.58943026418814,164.5617586476874,122.87739238573144,168.78074099553208,78.13939103052454,45.12706047109136,46.29639055358397,74.66946962374253,downstream+upstream,chips
IRL,202312,172.32803083682268,78.68551761714428,162.83874626711554,123.02762840771058,168.4711207889425,78.06536365169862,45.6603126229949,46.33753446057824,75.5518150489196,downstream+upstream,chips
IRL,202401,171.61035717494585,83.55117745149026,162.16059147847517,130.63526203822013,167.55053158279182,82.61209602278508,48.686558799195986,49.30577972052803,80.55919187712162,downstream+upstream,chips
IRL,202402,176.81128519734125,81.64668117128609,167.07512914527132,127.65751381007892,172.95556663596244,80.65369420236527,46.1773020201506,46.63260961824113,76.40725131451558,downstream+upstream,chips
IRL,202403,191.77182413433863,82.85106673676995,181.2118623984228,129.54061383022386,186.51595402828997,81.6049328204468,43.20294032283476,43.752253390650594,71.48572511517399,downstream+upstream,chips
IRL,202404,198.62674862532808,81.22407434528276,187.68931881945878,126.99675288320702,195.59937194388314,80.0785413036945,40.89281776368231,40.940080997125484,67.66328189691346,downstream+upstream,chips
IRL,202405,205.94055801682973,80.46145911390778,194.60039153331408,125.8043766220484,203.2614756251804,79.29827469902261,39.070234580665925,39.01293860783081,64.64754548066347,downstream+upstream,chips
IRL,202406,210.47399512293694,80.6734337079079,198.88419383207267,126.13580650104358,209.34206166227756,79.60543744395143,38.32940675677625,38.026489665691464,63.42173506636028,downstream+upstream,chips
IRL,202407,211.5899131175628,91.35766364619731,199.93866353325467,142.84098313934285,212.857775303081,89.87688415543752,43.17675748344275,42.223914079466844,71.44240169214942,downstream+upstream,chips
IRL,202408,218.29725164616713,89.99822866617421,206.27666084851018,140.7154577995911,220.8438644848854,88.57223709915318,41.22737596900681,40.10627024017464,68.21685847577913,downstream+upstream,chips
IRL,202409,231.7100567666874,93.47235811532286,218.95088662097785,146.14738377343784,235.1986617833735,92.15239703453024,40.34022494303805,39.18066384212931,66.74893444319825,downstream+upstream,chips
IRL,202410,236.34232965245374,95.67436871722118,223.3280822833574,149.59030631222484,240.8876832343131,94.28458021124837,40.481266668527944,39.140473661966816,66.98230906869361,downstream+upstream,chips
IRL,202411,236.39970690181227,99.33767300720018,223.38230004064522,155.31801393340098,241.41920668151892,97.83765928102243,42.02106436978778,40.52604621888689,69.53013461905455,downstream+upstream,chips
IRL,202412,241.86637232932,98.27068624673217,228.54794221826668,153.6497418719333,244.7105352160269,97.03642586535881,40.63015676810538,39.65355467009071,67.22867000272332,downstream+upstream,chips
IRL,202501,243.80560758187553,97.17499755631881,230.3803930140525,151.93659331376287,249.10899552344182,96.24477091314824,39.857572809798974,38.635606358137856,65.95031431537458,downstream+upstream,chips
IRL,202502,244.22898871109106,98.94134563100229,230.78046055930227,154.69834186866447,248.45711832109342,98.06327006271232,40.511712451974425,39.468891342440955,67.03268617011558,downstream+upstream,chips
IRL,202503,241.91875726621106,101.69975497531527,228.59744256597682,159.01121379332665,252.94425259272737,100.97942728572238,42.03880514457311,39.92161365623602,69.55948938380337,downstream+upstream,chips
IRL,202504,239.76114390964193,104.64521092995203,226.55863870913018,163.61653980060422,248.49122830351314,103.89061195376988,43.64560880197892,41.80856308814064,72.21818630834251,downstream+upstream,chips
IRL,202505,242.72868711205575,107.6739582331941,229.36277342957004,168.35209481820166,251.17658432891204,107.06273298153164,44.35979921214932,42.624487974298816,73.39992113842187,downstream+upstream,chips
IRL,202506,244.82541612902716,110.48358009006161,231.3440455576593,172.74503934269143,253.710246405721,110.08656026001313,45.12749608963592,43.39066388511882,74.67019041976471,downstream+upstream,chips
IRL,202507,261.00487459336097,116.68132129818602,246.63257824046894,182.43542996870607,267.1358473781255,116.29679301504297,44.704652156390786,43.5347012227929,73.97053190224932,downstream+upstream,chips
IRL,202508,273.6102053343342,122.2141570298809,258.54379340479727,191.08621703922984,284.9566820936177,121.98039154512766,44.66725094575438,42.80664367963586,73.90864600646192,downstream+upstream,chips
IRL,202509,286.837006532681,121.83029937228716,271.04225760591527,190.4860418266872,307.1105200789438,121.61754529888576,42.47370339168782,39.60057938348174,70.27909356615764,downstream+upstream,chips
IRL,202510,293.1783078685331,121.58923574784532,277.0343736546962,190.10913020548205,326.220512945645,121.58447171535174,41.4727940248459,37.270639610455824,68.62293934775028,downstream+upstream,chips
IRL,202511,299.40092245292493,109.86048037707074,282.91433846660374,171.77080059746535,323.7342596782831,110.45178826353386,36.69343416747295,34.11804125188893,60.714773782220945,downstream+upstream,chips
IRL,202512,306.22136099417634,111.62655182166357,289.35920791503924,174.53211663130045,336.85976694052346,112.55196169048101,36.452895206022696,33.41211172610986,60.31676610151146,downstream+upstream,chips
IRL,202601,318.83883312215875,93.34633323673714,301.28189589797364,145.95033935659598,350.9025500651621,94.10494401165191,29.276964892470538,26.81797097062326,48.44311634510582,downstream+upstream,chips
IRL,202602,325.7156694450928,87.87126197220886,307.7800575706448,137.38986910188476,359.53471834694983,88.91081770279439,26.977904416422824,24.729410865127008,44.63897699751052,downstream+upstream,chips
IRL,202603,359.9311141723219,84.64618869037164,340.1114205839524,132.34735137662733,373.78669945201534,85.83261798068959,23.517330221650727,22.962994163923778,38.91293951534891,downstream+upstream,chips
IRL,202604,389.0616525368673,82.30268264983185,367.6378788295084,128.68319564558678,400.86885408835815,83.53521458171308,21.154149249400234,20.838539519785325,35.002703218528644,downstream+upstream,chips
IRL,202605,396.45649700423047,80.16057800480674,374.6255244032337,125.33393821856107,409.99516046481904,81.5141196861436,20.219262040231207,19.881727285202476,33.45579253261346,downstream+upstream,chips
IRL,202606,405.11404767895584,78.0155988478454,382.8063449625496,121.9801863890449,419.2532372637468,79.3960366095006,19.257687876987934,18.937489219565304,31.864724290549148,downstream+upstream,chips
ISR,202602,100.0,105.6599453225228,,106.86830497238161,100.0,69.16338576674096,105.6599453225228,69.16338576674096,,downstream,chips+upstream
ISR,202603,100.0000002711849,105.38067103392925,,106.58583681708151,100.0000002711849,69.35467753044034,105.38067074815278,69.35467734236093,,downstream,chips+upstream
ISR,202604,100.00000017880157,105.38066930199625,,106.5858350653416,100.00000015393469,68.65529830989436,105.38066911357394,68.65529820421004,,downstream,chips+upstream
ISR,202605,100.00000017663243,105.38066568663123,,106.58583140863016,100.00000013688384,68.41706790405475,105.38066550049481,68.41706781040284,,downstream,chips+upstream
ISR,202606,100.00000017663243,105.38066933754446,,106.58583510129635,100.00000013688384,69.12555540979172,105.38066915140803,69.12555531517,,downstream,chips+upstream
ITA,201801,93.57934895516468,99.3007481000935,113.38823339322501,75.43567963957521,93.57934895516468,99.3007481000935,106.1139548509469,106.1139548509469,66.528666495727,downstream,chips+upstream
ITA,201802,89.85560300122526,98.45670155951663,108.87624458333644,74.79448382127514,89.86086478083625,98.44734967397298,109.57213381359655,109.55531077302507,68.69678882432952,downstream,chips+upstream
ITA,201803,85.49050118218,97.67623917691273,103.5871376450072,74.20159090363568,85.5150221254312,97.67288551715,114.25390871058875,114.21722533601869,71.63205064891773,downstream,chips+upstream
ITA,201804,83.99757858805742,98.97100867194104,101.77819307090577,75.18518688556723,83.93664435163063,98.96198004378599,117.82602586357471,117.90080579015125,73.87160708697982,downstream,chips+upstream
ITA,201805,82.59936233425776,98.94974479852442,100.0840022831926,75.16903338447442,82.57045701112838,98.92835314396565,119.794804708178,119.81083395315669,75.10594267781173,downstream,chips+upstream
ITA,201806,80.8893050481149,102.30182144727753,98.01195992724661,77.71550141256778,80.91316645157339,102.27507698657891,126.47138133579703,126.40103146598601,79.29185526976023,downstream,chips+upstream
ITA,201807,78.2411580073464,103.8998981186133,94.80325289871085,78.92951039160234,78.26884633968433,103.89694937317431,132.79442784941614,132.7436831281054,83.25612041596479,downstream,chips+upstream
ITA,201808,75.57528869583365,104.1106077565285,91.57307214767282,79.08957992830634,75.54297803572364,102.77729491906022,137.75747278391535,136.0514207825613,86.36772587553324,downstream,chips+upstream
ITA,201809,73.79732737704234,103.34674060773735,89.41875182775026,78.50929389193809,73.70087492090937,102.07822637605848,140.04130539812414,138.50341191417564,87.79958597853462,downstream,chips+upstream
ITA,201810,70.2545625079029,103.80667747405683,85.1260541938763,78.85869357689448,70.32120060825639,102.50345707213997,147.75791602485558,145.7646572946951,92.6375530073228,downstream,chips+upstream
ITA,201811,68.47083923592058,104.88728147279292,82.96475223002783,79.67959471435353,68.68084331972075,103.55070896824961,153.1853306360058,150.77087578293677,96.04029732220994,downstream,chips+upstream
ITA,201812,68.81961640599171,106.09930713501822,83.38735858072174,80.60033278853612,69.20736154943773,104.76989067894439,154.17015187806365,151.3854716222679,96.65773584914831,downstream,chips+upstream
ITA,201901,69.79863082443725,106.93628687174723,84.57361085340234,81.23616017647345,70.22162507829378,105.52963038167252,153.20685464550357,150.2808148686562,96.05379190594813,downstream,chips+upstream
ITA,201902,71.43058176321485,107.87877484249097,86.55101330381973,81.95213887739435,71.91546796975132,106.4279513259264,151.02603419932683,147.9903480162175,94.68651578892327,downstream,chips+upstream
ITA,201903,72.4687950306003,110.49987911108445,87.80899564275059,83.94330999836352,72.99528942239729,108.9681701470819,152.47925547047572,149.28109883436807,95.59762002048794,downstream,chips+upstream
ITA,201904,72.78757262701386,110.16189116525601,88.19525210751814,83.6865511028731,73.61128180974616,108.69176540166205,151.3471148842396,147.65639550005938,94.88781890532097,downstream,chips+upstream
ITA,201905,72.72301253544033,111.82642855314803,88.11702593034379,84.95104821436063,73.57197606899587,110.35198961469099,153.7703467642396,149.99187939603905,96.40707606440796,downstream,chips+upstream
ITA,201906,74.15302891634003,112.54432398815479,89.84974829872955,85.49641097431986,75.02802661211604,111.03315759509218,151.7730639366439,147.98890842367135,95.15486976108619,downstream,chips+upstream
ITA,201907,76.55466627620733,113.56856250388361,92.75976445642897,86.27449301323009,77.64437706972814,111.94434412229157,148.3496278255999,144.17572572159415,93.00852963437059,downstream,chips+upstream
ITA,201908,77.8447112202734,113.74634575691258,94.32288622248866,86.40954940280791,79.15681349278974,113.2259533791048,146.11955516804485,143.04005982936434,91.61037460090567,downstream,chips+upstream
ITA,201909,80.43901286975698,115.00125733188018,97.46634986279473,87.36286656664066,82.07240093300904,114.35040493032626,142.9670171588067,139.32869470172304,89.63387537301136,downstream,chips+upstream
ITA,201910,84.46822340780278,115.70974259216928,102.34846402558153,87.90108071051255,86.55345596006934,115.23852814293538,136.98612084397237,133.14145214039706,85.88412297867222,downstream,chips+upstream
ITA,201911,83.11804316858623,117.96934054790572,100.71247752004861,89.61762676645321,85.60283345444557,117.47055154456505,141.9298819494962,137.227410360287,88.98363834671154,downstream,chips+upstream
ITA,201912,86.72708629629581,119.41205216774964,105.08548319982752,90.71360976405498,89.31359375626415,118.84372457212847,137.6871485798432,133.06342245778592,86.32363576951595,downstream,chips+upstream
ITA,202001,89.94405650048127,119.95543873708657,108.98342192673616,91.12640358433546,92.69187744739705,119.26864781455339,133.36672083101425,128.67216750705987,83.61492231873116,downstream,chips+upstream
ITA,202002,90.3783303557717,117.8720818555542,109.50962290814967,89.54374237284323,93.16642457162936,117.22599830126225,130.420734031658,125.82429651052574,81.76792138892428,downstream,chips+upstream
ITA,202003,91.44644842587924,119.33051047644676,110.80384030095182,90.6516650856907,94.30324058704403,118.48085750006125,130.49223073235981,125.63816127898673,81.8127465974769,downstream,chips+upstream
ITA,202004,93.19030158529885,119.27176927446995,112.91683244346524,90.60704122757535,96.20057727023594,118.3324595750624,127.98731975912561,123.00597660932537,80.24228032870134,downstream,chips+upstream
ITA,202005,95.88285586051865,118.70305176188134,116.17934683356665,90.17500428016176,99.02720581049135,117.68958321197233,123.8000794788167,118.84570734752955,77.61706941711631,downstream,chips+upstream
ITA,202006,95.45346988762726,118.91864238777355,115.6590684019085,90.33878175112004,98.6185657511758,117.93933040424167,124.5828386624087,119.59140706001955,78.10782414155202,downstream,chips+upstream
ITA,202007,93.46324608068228,118.48197780709395,113.24755385253124,90.00706129534974,96.55436518809694,117.47529033541417,126.76852428687766,121.66750835817865,79.47815050606319,downstream,chips+upstream
ITA,202008,93.98540905204185,120.65623537157862,113.88024832547725,91.65877691911385,97.17186546698507,119.2809045670671,128.37762434461348,122.75251071267512,80.48698371042099,downstream,chips+upstream
ITA,202009,93.37272900691677,122.09057876236456,113.13787611699675,92.7484028342319,96.45504637342366,120.66022060333592,130.7561426777196,125.09477226956321,81.97820749111469,downstream,chips+upstream
ITA,202010,91.02322788383567,124.3151147163337,110.29103239906061,94.43831338154402,93.95313225779577,122.4986473457617,136.57515516257598,130.38271785302544,85.62646602113807,downstream,chips+upstream
ITA,202011,95.97312890257037,123.07480297394997,116.28872888073373,93.49608725493567,98.91062487255203,121.07038644612018,128.2388147404182,122.40382325166922,80.39995634557644,downstream,chips+upstream
ITA,202012,84.02773365274786,123.95548828456052,101.81473136221985,94.165116403513,86.28225101512942,121.91289582232537,147.51735277880718,141.29545113623448,92.48673069568657,downstream,chips+upstream
ITA,202101,81.06553223309575,124.6609451125189,98.22549089752953,94.70102994184583,83.29168229854524,122.71672737809915,153.77798884249466,147.33371207252287,96.41186730299931,downstream,chips+upstream
ITA,202102,78.41452776547307,128.3709784101761,95.01332158178334,97.51942646603034,80.63880713140892,126.20660249433493,163.70815723601092,156.50851864496056,102.6376352731652,downstream,chips+upstream
ITA,202103,79.43255673081013,128.59619303817237,96.24684700391477,97.69051499106894,81.82823267426473,126.45225731061896,161.89355892694405,154.5337754195303,101.49996392826817,downstream,chips+upstream
ITA,202104,80.16287915833611,128.9779145815393,97.13176414417289,97.98049693589705,82.56923851983326,126.82228809828256,160.89481308023468,153.59508016756098,100.87379530187918,downstream,chips+upstream
ITA,202105,79.63145922586128,131.74163283559136,96.4878531958061,100.08000745133214,82.12394130105966,129.37559966986544,165.43917958595773,157.53700762556568,103.7229082589664,downstream,chips+upstream
ITA,202106,79.99472713486504,132.2889558108143,96.92801768626565,100.49579163632819,82.36900304786015,129.81706389714503,165.37209457291496,157.60426749576587,103.68084897971465,downstream,chips+upstream
ITA,202107,82.01839731618689,133.34620042040183,99.38005854135399,101.2989473747837,84.57651514299644,131.0396150438399,162.58084135238894,154.9361720830974,101.93085902905885,downstream,chips+upstream
ITA,202108,82.66435531666077,133.696086408997,100.16275298556353,101.5647448420841,85.28368391984102,131.71894305760472,161.7336588386251,154.44799873022447,101.39971378055337,downstream,chips+upstream
ITA,202109,83.21127633930855,131.46267409385294,100.82544629617162,99.86809120017533,86.05123561982523,129.81005341516965,157.98660936023967,150.85205050241356,99.05048265972056,downstream,chips+upstream
ITA,202110,85.48235320339515,133.2526087769446,103.57726490138955,101.227848723788,88.42227208568593,131.72368014858108,155.88317796994403,148.97115516431623,97.73172599234174,downstream,chips+upstream
ITA,202111,83.89863095012302,136.23274432562852,101.65830018867179,103.49176470462658,86.70778696384515,135.013719356106,162.3777918457545,155.71118129494315,101.80355614106472,downstream,chips+upstream
ITA,202112,94.3837272701204,137.0088338943841,114.36288257737723,104.0813357320397,98.3254907351808,135.8330974870988,145.16149961134008,138.14637127307805,91.00971695219286,downstream,chips+upstream
ITA,202201,96.14287267252749,138.53049884407483,116.49440402615673,105.2372971105777,100.32446053229404,137.2495873441023,144.0881627449639,136.805706819547,90.3367831187398,downstream,chips+upstream
ITA,202202,101.9017488117717,140.64738944743897,123.47231954972118,106.84543284412162,106.47660566580946,139.5010015886161,138.02254729429274,131.0156355157094,86.53391564503325,downstream,chips+upstream
ITA,202203,102.51282943794209,141.09325561209744,124.21275377410848,107.18414345610412,107.08894573463968,140.25632754813876,137.63472960963455,130.97180720752073,86.29077143803418,downstream,chips+upstream
ITA,202204,100.58943421544686,143.35036868825208,121.88221408954415,108.89880182656746,104.94646794351414,142.39952057460857,142.51036384320244,135.6877685976559,89.34757432824607,downstream,chips+upstream
ITA,202205,101.75821458154309,143.6460265631388,123.29840198159536,109.12340388807854,106.13908117853587,142.79211020087217,141.16405948536888,134.53301895527292,88.5035021819401,downstream,chips+upstream
ITA,202206,104.07755074199856,144.6762891410895,126.10869541508646,109.90606221907714,108.74786452259254,143.7820685980013,139.00816084703277,132.2159926810612,87.15185091505515,downstream,chips+upstream
ITA,202207,103.37826616207262,147.12601832499462,125.26138621661238,111.76704503598918,107.94253146657904,146.48273918683586,142.31813299551368,135.70437639049587,89.22705425174868,downstream,chips+upstream
ITA,202208,104.27303885348446,147.37553367806643,126.345564466413,111.95659406356054,108.78564998514162,146.90098918531123,141.33618363721604,135.03710204919082,88.61141626647485,downstream,chips+upstream
ITA,202209,105.77198992096757,150.90074696736983,128.1618136216217,114.63458859472978,110.18765092715547,150.28195683554088,142.66607547056861,136.38729528310895,89.44519849974269,downstream,chips+upstream
ITA,202210,106.96447321191505,151.21382533999298,129.60672187564532,114.87242446476243,111.6349662162713,150.85931262988998,141.36827004272,135.13625501317307,88.63153299639805,downstream,chips+upstream
ITA,202211,113.0508269418412,150.02818578660464,136.98143547376233,113.97173109408149,118.12453012451122,149.80183424738334,132.70861420924095,126.81687206669275,83.20231913171318,downstream,chips+upstream
ITA,202212,118.15290401934675,149.69815397305416,143.16352065509437,113.72101622401055,123.79677415486616,149.8176425057293,126.69866662654528,121.01901970265543,79.4343529019408,downstream,chips+upstream
ITA,202301,122.21817094005496,147.57949934662065,148.08932361865067,112.11154041718738,128.2333694103037,147.93847844285858,120.75086561310495,115.36660006921065,75.70534976977086,downstream,chips+upstream
ITA,202302,122.22900860893915,146.84261850529458,148.10245540619354,111.55175503648931,128.3868027370436,147.30247244766795,120.1372899743501,114.73334432150835,75.32066550182549,downstream,chips+upstream
ITA,202303,125.53271737870439,145.95437611442884,152.10549352552115,110.87698500986173,131.94935447530455,146.25260108531086,116.26799703069983,110.83995193980527,72.89479323852174,downstream,chips+upstream
ITA,202304,128.98243329966675,146.36875965910576,156.2854456020612,111.19177925786329,135.6328943281774,146.88456057363902,113.47960797036997,108.29567657697925,71.14659898720397,downstream,chips+upstream
ITA,202305,130.25374103826698,146.23105041551173,157.82586386943,111.08716584273878,136.97052921825565,147.00338613925396,112.26629596193388,107.32482890900674,70.38590704920307,downstream,chips+upstream
ITA,202306,132.61932359739885,149.0173524384604,160.69219314314935,113.20383254267533,139.4856230709871,149.85230928846985,112.3647356933007,107.43208223847338,70.44762432349779,downstream,chips+upstream
ITA,202307,135.71183698006658,149.95192931166542,164.43933001811953,113.91380142966285,142.95082264073744,150.66594499256595,110.49288893915012,105.39704648725112,69.2740607840659,downstream,chips+upstream
ITA,202308,137.18704495428335,149.9514220685913,166.22681014008725,113.91341609292803,144.41147665857557,150.60641248152163,109.30436042161386,104.2897808167923,68.52890697771784,downstream,chips+upstream
ITA,202309,139.077600623286,149.51515111723444,168.51755879172046,113.58199466507095,146.5948424008903,150.34231315641628,107.50483934664663,102.55634556724571,67.40068837897942,downstream,chips+upstream
ITA,202310,139.35738500205622,146.5359199503671,168.85656795126243,111.31876571487706,146.77298231935407,147.47150050756878,105.15116938237966,100.47591741829899,65.92504340548206,downstream,chips+upstream
ITA,202311,138.8046150587474,148.95032708091415,168.18678761997708,113.152915470082,146.32439827968798,149.78878930723005,107.30934776042764,102.3676099599741,67.2781239664047,downstream,chips+upstream
ITA,202312,131.82219216118952,146.7386333581763,159.72632485764456,111.47276076509286,138.48695690309629,147.79090644746267,111.31557665096878,106.7182857883697,69.7898488958802,downstream,chips+upstream
ITA,202401,130.24977324269233,147.97329862028258,157.8210561705552,112.41069743683356,136.45722370256442,149.11343551581,113.60733683932509,109.27485659596323,71.2266792305285,downstream,chips+upstream
ITA,202402,133.22420880405377,138.36427403979624,161.42512050109838,105.11102131383274,139.46584103389057,139.90440614606646,103.8582066141616,100.31446059402411,65.1144140314379,downstream,chips+upstream
ITA,202403,134.1314599885259,139.72205451462668,162.52441869241719,106.14248477085458,140.5302889693633,141.32960386014136,104.1679964764262,100.56878477703287,65.30863831098065,downstream,chips+upstream
ITA,202404,134.36755691914476,137.23879242359803,162.81049264111778,104.2560280507993,140.97894964872253,138.95917693181448,102.13685175967069,98.56732319119932,64.03520212951524,downstream,chips+upstream
ITA,202405,134.21343395024232,136.46450687889373,162.6237449092273,103.66782748416317,140.95668201857748,138.32935826644226,101.67723368845921,98.13607718732415,63.74704231662362,downstream,chips+upstream
ITA,202406,134.96786652103697,136.29698505998994,163.537875829904,103.54056638588092,141.8742624029899,138.29201243609296,100.98476665091671,97.47505297562594,63.312896697749466,downstream,chips+upstream
ITA,202407,132.8450282103681,135.53950900101884,160.96567492752834,102.96513546101424,139.49773955837264,137.70269898698052,102.02828877147279,98.71321171434396,63.967138029503666,downstream,chips+upstream
ITA,202408,134.7175058402512,137.06518042663976,163.23451877920445,104.12414043429384,141.51214811817024,139.2480387391642,101.74266482425266,98.40006005907324,63.78806468939027,downstream,chips+upstream
ITA,202409,135.3498423687881,139.11732305501658,164.0007083571546,105.68308915170843,142.44250418516623,141.15911343469074,102.78351316875805,99.09901138159775,64.4406296840839,downstream,chips+upstream
ITA,202410,137.37369005260734,140.74197501357733,166.45296428848386,106.91728654716272,144.67862242568327,142.69373562669628,102.45191416178754,98.62807181482077,64.23273205388018,downstream,chips+upstream
ITA,202411,137.9842608564151,140.27512927073954,167.19278077126802,106.5626384043077,145.4498711186209,142.2478482836081,101.66023892877776,97.79853855463274,63.73638736835965,downstream,chips+upstream
ITA,202412,143.2271513576714,141.82534142163482,173.5454867737045,107.74028620078188,151.3381209141992,143.84109826145053,99.02126801884376,95.04617699264345,62.081871562163045,downstream,chips+upstream
ITA,202501,144.71218188658648,141.33555456460292,175.34486868957316,107.3682104093539,152.7678346696905,143.47429571888898,97.666659932866,93.91656039971,61.23259335260977,downstream,chips+upstream
ITA,202502,143.75855932598915,148.98562234525207,174.18938322534044,113.17972818100644,151.6015557243668,151.08944808303778,103.6360012536088,99.6622015922712,64.9751012865068,downstream,chips+upstream
ITA,202503,141.6064725871796,146.03093992967726,171.58174258510138,110.93514815112269,149.3008095160973,148.6423607449171,103.1244810082913,99.55897843198954,64.65440114999467,downstream,chips+upstream
ITA,202504,144.28547492239747,149.34691908886552,174.82783635940424,113.45419404282023,152.40692588723127,151.95343011520984,103.50793742002811,99.70244411834868,64.89481103546093,downstream,chips+upstream
ITA,202505,135.86173221687773,147.76325038846667,164.62095509123495,112.25113034970393,143.45866110564774,150.41126278167818,108.7600223973226,104.84641472494317,68.18763157308435,downstream,chips+upstream
ITA,202506,138.01099399344727,146.17511527219287,167.22517278099005,111.04467365982248,145.78810001073774,147.81640853908834,105.9155586395771,101.39127166634397,66.4042810141117,downstream,chips+upstream
ITA,202507,140.93061019956195,147.81965284331176,170.76281359056853,112.2939775346042,149.0247087750356,149.37538288514756,104.88825148347453,100.23531272967715,65.76020573416363,downstream,chips+upstream
ITA,202508,139.9429662486113,148.27656813768314,169.5661050852181,112.64108182564013,148.15534972291476,149.85233391897995,105.95499874875243,101.14540865330812,66.42900818476109,downstream,chips+upstream
ITA,202509,142.48401265003278,147.9238334539808,172.6450404020842,112.37312029356067,151.14550519178363,149.36320586614096,103.81784643959264,98.82080560491616,65.0891100212596,downstream,chips+upstream
ITA,202510,145.19995715795088,149.06145444471207,175.93589627130393,113.23733546061621,154.15894401687353,150.27579617441543,102.65943417776673,97.48107521933137,64.36283774972067,downstream,chips+upstream
ITA,202511,147.466286751083,148.4598253670933,178.68196270285347,112.78029662425863,156.57946327475284,149.70119767024423,100.67373949524296,95.60717257509103,63.11789669101143,downstream,chips+upstream
ITA,202512,152.3255889993051,149.2040289021341,184.5698824586707,113.34564482686623,161.85107505525755,150.0212895523264,97.95073164155943,92.69094412941506,61.410693509135676,downstream,chips+upstream
ITA,202601,155.3892890901411,130.2059610371022,188.2821068417768,98.9134055068474,165.29412842217258,131.8404382522196,83.79339515580763,79.76111402789218,52.53468168909404,downstream,chips+upstream
ITA,202602,159.23434256156688,131.9037914065643,192.94108155463087,100.2031942575221,168.77018816295467,133.24438801292752,82.8362709228787,78.95019224857087,51.93460793840827,downstream,chips+upstream
ITA,202603,161.93459163840126,134.9158158143362,196.21291958259823,102.49133520951409,171.74420792981294,136.07515742363043,83.31500666367951,79.23129348224688,52.23475366838375,downstream,chips+upstream
ITA,202604,162.01864953042147,134.17271671532518,196.31477085625366,101.92682601249426,172.02650192555336,135.36923087756355,82.81313114520944,78.69091643573982,51.920100340858966,downstream,chips+upstream
ITA,202605,175.00378864690452,135.90055543473153,212.04860531035646,103.23941117020736,185.56540033251986,136.99741709850835,77.65577904655,73.82702640310038,48.686673047957626,downstream,chips+upstream
ITA,202606,174.89838732613458,135.87123672270934,211.92089262916284,103.21713865957813,185.38749564131365,138.79625429157693,77.68581448915766,74.86818558686336,48.70550391659412,downstream,chips+upstream
JPN,201801,100.54353068393603,100.22944727754144,101.59738202740539,89.17779271862373,100.54353068393603,100.22944727754144,99.68761450462495,99.68761450462495,87.77567978530044,downstream,chips+upstream
JPN,201802,102.405716796438,100.57668611801827,103.47908672377945,89.48674377224125,102.40633516257935,100.57657938165157,98.21393694059535,98.21323966137166,86.4780958215369,downstream,chips+upstream
JPN,201803,104.96541048096233,101.18279371136435,106.06560994780729,90.026019791343,104.97411772810727,101.18538892864895,96.39632070006144,96.39079719700862,84.87767131650209,downstream,chips+upstream
JPN,201804,105.56471786009777,101.50138191487224,106.67119899302664,90.30947932890139,105.57760947140548,101.50161967502093,96.15085794989707,96.1393425966057,84.66153955465069,downstream,chips+upstream
JPN,201805,105.20008829478297,101.9308180979142,106.30274754723219,90.69156435438445,105.21759425899009,101.92970703895512,96.8923313184796,96.87515453742276,85.31441232418624,downstream,chips+upstream
JPN,201806,104.84577828900501,102.60836930542693,105.94472382588194,91.29440636121015,104.87152660129891,102.5914902113629,97.8659999285706,97.82587660938295,86.17173471635142,downstream,chips+upstream
JPN,201807,104.16074284731106,103.25786588005481,105.2525081557273,91.87228713853536,104.19196936600947,103.23420733104443,99.13318881703852,99.0807717324158,87.28750387839203,downstream,chips+upstream
JPN,201808,103.95072449987677,103.87030009447832,105.04028849194685,92.41719218302212,103.98157305033828,103.86096835773463,99.92263218386847,99.88401339865742,87.98261458517176,downstream,chips+upstream
JPN,201809,102.81953003178879,104.37684631135684,103.89723736036385,92.8678848163568,102.85153957987214,104.37037001080252,101.51461135747904,101.47672114305192,89.38436398866686,downstream,chips+upstream
JPN,201810,102.62915585021022,105.58525987903862,103.70486776360886,93.94305441555349,102.66520056962447,105.58793416892888,102.88037449430345,102.84685909450134,90.58692850338805,downstream,chips+upstream
JPN,201811,100.67128772761916,106.2747690800139,101.72647816203956,94.5565358850451,100.70399734855427,106.28904158918596,105.56611669412214,105.54600054385217,92.95174431815725,downstream,chips+upstream
JPN,201812,98.02262776148042,107.58616518861928,99.05005615248815,95.72333280473063,98.07510626656722,107.63466660499587,109.75645893763419,109.74718325815101,96.6413715680928,downstream,chips+upstream
JPN,201901,95.5826034615991,108.39268605850232,96.58445663290811,96.44092382125606,95.63202040297182,108.46352788175746,113.40210679870185,113.417584847331,99.85139139706756,downstream,chips+upstream
JPN,201902,93.48583979811507,108.63176120384841,94.46571565085699,96.65363769262775,93.55204894082472,108.71847510841664,116.20130004548426,116.2117520025513,102.31610169541008,downstream,chips+upstream
JPN,201903,88.86482015894896,108.98301128176178,89.79626059549048,96.96615769040665,88.99158676084097,109.10043334128676,122.6390950736503,122.59634569106738,107.98462769759952,downstream,chips+upstream
JPN,201904,87.32048203214006,108.99306299931908,88.23573542214923,96.97510106991378,87.3976145834946,109.11485258868139,124.81958466422802,124.84877660412505,109.90456486360374,downstream,chips+upstream
JPN,201905,85.8266258891782,109.42088889366018,86.72622136174105,97.35575336284285,85.89232137923658,109.53897100851103,127.49061000597595,127.53057461896792,112.25642237630218,downstream,chips+upstream
JPN,201906,84.59985150207642,110.06088986017288,85.48658848611011,97.92518555150241,84.64225744022981,110.18561598732926,130.09584284846122,130.17802138032164,114.55034910816838,downstream,chips+upstream
JPN,201907,81.65545961650226,110.64415733536144,82.51133483028374,98.44413988493147,81.71660986977189,110.77829072997167,135.5012363594616,135.56398253245465,119.30983796034769,downstream,chips+upstream
JPN,201908,78.83724493580345,112.02150601052499,79.66358091113533,99.66961720712887,78.9130766479298,112.11432198905669,142.09211154162378,142.07318577788323,125.11315216712423,downstream,chips+upstream
JPN,201909,76.55435065060388,112.94176612899496,77.35675837124755,100.4884061790453,76.62937008720779,113.0012758895665,147.53147949025683,147.46470675795166,129.90255576220665,downstream,chips+upstream
JPN,201910,74.62362448103006,113.23585291563676,75.40579521224403,100.7500659129138,74.6899392236919,113.28478115330185,151.7426333860562,151.67341455991914,133.6105078254708,downstream,chips+upstream
JPN,201911,73.25935700804757,113.59364750470708,74.02722811103608,101.06840880082383,73.2983907626868,113.6150316265941,155.05684480991113,155.0034461117131,136.5286954270768,downstream,chips+upstream
JPN,201912,71.51584931972495,113.43141273658436,72.26544577185139,100.92406261398575,71.50169659591683,113.39603768442508,158.61017357071168,158.59209373068313,139.65742760739653,downstream,chips+upstream
JPN,202001,70.55108440538453,113.10402590033904,71.29056863254539,100.63277461216083,70.53877032526388,113.04811981692049,160.31507786676463,160.26380853485284,141.15860841404512,downstream,chips+upstream
JPN,202002,70.62425916431255,113.67619650401599,71.36451037585799,101.1418556545126,70.55906388612362,113.60665240959955,160.95913479182832,161.00929654190298,141.72570528659864,downstream,chips+upstream
JPN,202003,71.10226352135477,114.29818841036979,71.84752495613812,101.69526452589834,70.99499939851133,114.19740271818766,160.75182807090465,160.85274129966714,141.54317018990125,downstream,chips+upstream
JPN,202004,71.14692314869163,114.4209335609272,71.89265268528071,101.8044753605477,71.04797611579738,114.31911255640603,160.823446042489,160.90410847183497,141.60623034207657,downstream,chips+upstream
JPN,202005,71.30582269122434,114.3844922215376,72.05321774020626,101.77205217256508,71.23483441607323,114.30485791470835,160.4139576607325,160.46202514779333,141.24567280188998,downstream,chips+upstream
JPN,202006,72.30591061508869,114.61074338900087,73.06378812868054,101.97335608336603,72.16093796339642,114.56240686520161,158.5081252888392,158.7595866939996,139.5675733425835,downstream,chips+upstream
JPN,202007,74.52790954244985,114.28080773868973,75.30907703341626,101.67980030875961,74.2849242373947,114.24373511851917,153.3396125562831,153.79127903991233,135.01665976286245,downstream,chips+upstream
JPN,202008,76.52261719092323,112.65831938946032,77.32469229594369,100.2362132829297,76.19996164116361,112.63485124789261,147.22225078682143,147.8148398266997,129.6302776082148,downstream,chips+upstream
JPN,202009,79.13081638079575,112.01797176424604,79.96022943786133,99.66647265938725,78.68807444423311,111.96194783979372,141.56049044810774,142.28578934047,124.64505587348275,downstream,chips+upstream
JPN,202010,81.73839842661276,112.17947197684927,82.59514296710145,99.81016528540427,81.1732497002393,112.10757956743483,137.24207243620933,138.1090198820811,120.84265696490138,downstream,chips+upstream
JPN,202011,83.889292922365,112.14778475575929,84.76858215606858,99.78197200976575,83.27130152977641,112.04169733267138,133.6854571650115,134.5501934932615,117.71103098793823,downstream,chips+upstream
JPN,202012,87.59257516750249,112.06006964051787,88.51068051341872,99.7039286744211,86.90335459163416,111.95934802763459,127.93329734423997,128.83202098899469,112.64621184254192,downstream,chips+upstream
JPN,202101,91.74272294540611,112.55226179281259,92.70432824384628,100.14184997327384,90.97213409270567,112.40958220940173,122.68249532967288,123.5648512926498,108.02284194311204,downstream,chips+upstream
JPN,202102,92.27882051264032,112.3272572050136,93.2460449408009,99.94165518983942,91.46749121314737,112.14983035083557,121.72593513982663,122.61168297432799,107.18058364115,downstream,chips+upstream
JPN,202103,95.34265131508793,111.6791309286529,96.34198941764762,99.36499361683144,94.4432256052123,111.52586499573916,117.13449268321294,118.08773395980248,103.13778469539271,downstream,chips+upstream
JPN,202104,96.88221878017502,111.87343471100395,97.89769392537094,99.53787277458002,95.99156166383355,111.72697320397643,115.47365050014376,116.39249457702225,101.6754009041923,downstream,chips+upstream
JPN,202105,98.97122323261542,111.75646510359181,100.00859436787397,99.43380065119202,97.94672035729627,111.6344400923124,112.9181407012893,113.97465855424785,99.42525567895933,downstream,chips+upstream
JPN,202106,99.6751943877938,110.85071093352674,100.71994422700877,98.62791815032952,98.61401512362991,110.86968042502549,111.21193353509175,112.42791431423916,97.9229276855395,downstream,chips+upstream
JPN,202107,100.52049132191596,110.89575428747898,101.57410117732088,98.66799486422161,99.44635280233113,110.94844135679823,110.32154024430336,111.5661240762944,97.13892982619065,downstream,chips+upstream
JPN,202108,101.93685246953557,111.76111375484241,103.00530797525835,99.43793672565823,100.87659733341712,111.819965710646,109.63759528306299,110.84827270794919,96.53671124360214,downstream,chips+upstream
JPN,202109,102.3218580885676,112.75646550823318,103.39434904725388,100.32353746233804,101.3314068795528,112.8756161958604,110.19782831800573,111.39252840931103,97.030000562688,downstream,chips+upstream
JPN,202110,102.09701036093968,113.20526011900414,103.16714456849316,100.72284638660801,101.18053088982748,113.34880372123786,110.88009307891964,112.02629866081652,97.63073971649729,downstream,chips+upstream
JPN,202111,102.65057992510818,114.0466488927179,103.72651639586978,101.47146064814585,101.79575723057059,114.17234545428312,111.10180670769134,112.1582554719635,97.82596020180843,downstream,chips+upstream
JPN,202112,103.1329928110704,115.00948784098848,104.21398571325548,102.32813355698201,102.26204191663028,115.16460417230402,111.51570870407559,112.6171568783974,98.19040396222596,downstream,chips+upstream
JPN,202201,102.99199887187294,115.01406259004338,104.07151394001704,102.33220387797088,102.10906536037146,115.21866410335686,111.67281327661819,112.83881964516858,98.32873569702403,downstream,chips+upstream
JPN,202202,103.6286227264396,115.57978061935113,104.71481059491066,102.83554382970281,102.72763826145402,115.82367341749793,111.53268042986576,112.74830744449993,98.20534769195373,downstream,chips+upstream
JPN,202203,103.26279688143265,116.66984289425181,104.34515033056698,103.80541196967475,102.4054039654732,116.8374691479364,112.98342328284335,114.09306991975647,99.48273747348838,downstream,chips+upstream
JPN,202204,104.44443900393554,116.76894707769263,105.53917788582552,103.89358857414071,103.43569793816054,116.94279081790864,111.80006153634727,113.0584441822236,98.44077872819413,downstream,chips+upstream
JPN,202205,103.11551904325663,117.02349404753132,104.19632879339244,104.1200682917288,102.25013650675965,117.20288202389897,113.4877612345047,114.62369247414237,99.92681075950877,downstream,chips+upstream
JPN,202206,102.1449186519828,117.80083797254954,103.21555501235045,104.81169951687563,101.28984354314719,117.8762994164299,115.32716411856757,116.37524088603934,101.5464185648512,downstream,chips+upstream
JPN,202207,102.24966320283588,117.21267136597162,103.32139744772067,104.28838624767062,101.30875722048809,117.23319620813079,114.63379701647834,115.71871911624066,100.93590371775531,downstream,chips+upstream
JPN,202208,101.17521470736371,116.84834037144074,102.23568707410736,103.96422768156302,100.25654630544602,116.83581400434522,115.4910723040317,116.53684303904512,101.69074093100456,downstream,chips+upstream
JPN,202209,101.63329221795388,116.62495519743811,102.69856594383685,103.76547374961268,100.61349319341268,116.62467630752877,114.75074028629754,115.91355454018206,101.03887312930864,downstream,chips+upstream
JPN,202210,103.49748889532538,116.16444284980724,104.58230227890263,103.35573912773381,102.36593863888865,116.172542441819,112.23889979330116,113.48749787918737,98.82717904995265,downstream,chips+upstream
JPN,202211,104.5599814028315,115.66093117249628,105.65593134734753,102.90774643486475,103.30323720457217,115.77808116762304,110.61682454484844,112.07594679569125,97.3989298305951,downstream,chips+upstream
JPN,202212,106.38225590601597,115.58402004001012,107.49730609915355,102.83931579679474,105.01013066907959,115.75791986975096,108.64971705631388,110.2350022156825,95.66687717917102,downstream,chips+upstream
JPN,202301,105.69317710447007,116.31353684043555,106.80100468849669,103.48839348583904,104.36979259017862,116.51219972009808,110.04829263999514,111.63402439401042,96.89833329534733,downstream,chips+upstream
JPN,202302,105.21540023322906,116.51254877211326,106.31821997842,103.66546165566086,103.9404950657773,116.7360955464312,110.73716253879377,112.31050561434827,97.50488832177815,downstream,chips+upstream
JPN,202303,104.35688340051483,116.58141554420884,105.45070456457985,103.72673493306539,103.01938948728171,116.83392149698706,111.71415985735895,113.40964266868502,98.36514166630468,downstream,chips+upstream
JPN,202304,102.50690948799645,117.3947959396345,103.58134007088903,104.45042911950353,101.27600874240585,117.60981649988702,114.52378822656968,116.12801290286428,100.83904016690624,downstream,chips+upstream
JPN,202305,102.22640252969074,117.5849240106838,103.29789296682901,104.61959299469757,100.94487571569553,117.7846588808599,115.02402618201528,116.68215750999832,101.27950337602044,downstream,chips+upstream
JPN,202306,103.74068660932944,118.22462420255792,104.82804908021136,105.18875757319759,102.26599419693716,118.42810272762195,113.96167508296203,115.80399101148018,100.34409539827479,downstream,chips+upstream
JPN,202307,102.86143042873341,115.73358335835348,103.93957693812213,102.97238773287557,101.51386871336454,116.0884435993468,112.51407148040627,114.35722534340127,99.06946974988907,downstream,chips+upstream
JPN,202308,103.51879921248705,116.35046980085642,104.60383596107067,103.52125408697331,102.11872753168834,116.81191257219965,112.39549790568043,114.38833541668632,98.96506484284166,downstream,chips+upstream
JPN,202309,103.12072597298622,113.91063720075287,104.20159029978007,101.35044608802582,101.76611694351875,114.57783776045632,110.46337787671628,112.58937768456686,97.26381890760811,downstream,chips+upstream
JPN,202310,100.67229982951149,113.61144846869304,101.72750087232141,101.08424696734724,99.38466755430223,114.50553688164757,112.85273969214371,115.21448901469991,99.3676696080625,downstream,chips+upstream
JPN,202311,99.36390962658302,113.92963483033591,100.4053967211781,101.36734897155075,98.17724208102958,114.61308252482002,114.65896949756905,116.74098813065588,100.95806827300721,downstream,chips+upstream
JPN,202312,98.55188999589696,114.33787920476597,99.58486587179004,101.73057887244661,97.42013039366667,114.83853894155665,116.01794669744663,117.87968100381681,102.15465772019924,downstream,chips+upstream
JPN,202401,99.0328119542604,114.16742724099136,100.07082863435518,101.57892154711104,97.89490721506876,114.69388638013136,115.282425075157,117.16021766909317,101.50702550716974,downstream,chips+upstream
JPN,202402,101.62844058365232,113.8156461397776,102.69366345692158,101.26592907854537,100.30069393087172,114.24971911778485,111.99192419576069,113.90720705933195,98.60971521482908,downstream,chips+upstream
JPN,202403,103.09418408880988,114.07669481846811,104.17477021570258,101.49819360349352,101.6871986452945,114.46342802977694,110.65289068120217,112.56424560287918,97.43068632964875,downstream,chips+upstream
JPN,202404,106.39217845095419,113.95215847230662,107.50733264767354,101.3873890768241,104.68408394894149,114.23563449035991,107.10576673156243,109.12416690399382,94.3074175313177,downstream,chips+upstream
JPN,202405,109.5929088590802,114.17329804630987,110.74161164930666,101.58414501660035,107.65747684724371,114.36418211070757,104.17945762633178,106.22966974507499,91.73078078210933,downstream,chips+upstream
JPN,202406,119.64359131104064,114.17326840980333,120.89764076188995,101.5841186479202,116.91288359479775,114.18116862238541,95.42781787031454,97.66346112727828,84.02489743202841,downstream,chips+upstream
JPN,202407,121.49534164267828,117.84987627707363,122.76880029431348,104.85533068391194,118.63257581641979,117.66383985638006,96.9995019427773,99.18341488130646,85.40877684928289,downstream,chips+upstream
JPN,202408,123.38462888642489,119.11650647777236,124.67789018360553,105.98229774356537,120.4849311729539,118.80876759824577,96.54079892513894,98.6088189133776,85.00488545923555,downstream,chips+upstream
JPN,202409,129.596611855191,123.27758239644675,130.9549843191738,109.68455866429528,126.24767902630477,122.63785241374478,95.12407819287358,97.1406788303745,83.75745240590723,downstream,chips+upstream
JPN,202410,130.37676044606093,124.35705349575967,131.74331007107045,110.64500344928656,127.16030848321893,123.39893585655506,95.38283745530576,97.04202304042047,83.98529184487458,downstream,chips+upstream
JPN,202411,132.55450095690227,124.03674811747953,133.94387666278905,110.36001607874036,129.24833348325248,123.08231192668163,93.5741504227064,95.22932219673856,82.39272957328065,downstream,chips+upstream
JPN,202412,131.58013546170585,124.0562050760527,132.95929831372567,110.37732764401088,128.38218639557954,123.19551973485972,94.28186453885901,95.95997949066054,83.01587707207115,downstream,chips+upstream
JPN,202501,133.2496491075773,124.1763425855992,134.64631103871912,110.48421836540139,129.77575416916886,123.30531695064091,93.19074640515345,95.0141401527951,82.05513950815211,downstream,chips+upstream
JPN,202502,132.4358424206998,124.80939159427665,133.82397440203323,111.04746514376826,129.07872289694114,123.95264709026668,94.24139969435409,96.0287213170158,82.98024747804911,downstream,chips+upstream
JPN,202503,131.80275599641712,125.4270974814979,133.18425225515136,111.59706058770156,128.38660758877504,124.48661405407076,95.16272746596245,96.96230501923064,83.79148337590728,downstream,chips+upstream
JPN,202504,132.4288770776135,126.77075713826314,133.81693605140364,112.79256356222747,128.81360191371337,125.898256595905,95.72742738274957,97.73677214634428,84.28870581740118,downstream,chips+upstream
JPN,202505,132.8580009812405,127.00358137901114,134.25055783569266,112.99971577592574,129.08110745928715,126.23780298287974,95.59347607295702,97.79727294538111,84.17076070121398,downstream,chips+upstream
JPN,202506,129.6648638118568,127.10679141882473,131.02395166166048,113.09154551046962,126.21351752410106,126.45277115262006,98.02716609740644,100.18956260249486,86.31364271664069,downstream,chips+upstream
JPN,202507,132.54606504900187,127.75457430108617,133.93535233355698,113.66790155323038,128.81580179698994,127.15439861312252,96.38503734822734,98.71024892855479,84.86773624199542,downstream,chips+upstream
JPN,202508,134.62290969109705,127.57303503874459,136.0339655121394,113.50637945421533,130.49991308107363,127.1028060297166,94.76324299591433,97.3968511003938,83.43973435376054,downstream,chips+upstream
JPN,202509,131.06275884884403,127.90867735365714,132.4364987956323,113.80501265633194,127.31504399521907,127.52693570751951,97.59345711711707,100.16643100897676,85.93175876081465,downstream,chips+upstream
JPN,202510,130.28757701029164,128.14890257957072,131.6531918552814,114.01874979630622,126.60462338376306,127.83072404125402,98.35849704185381,100.96844856429486,86.60538205685155,downstream,chips+upstream
JPN,202511,130.58735607158496,129.57426859140037,131.9561130637058,115.28694989322122,126.88444535165793,129.17607707846764,99.22420706670158,101.80607774298772,87.36764611849621,downstream,chips+upstream
JPN,202512,133.19588291399444,130.66318732452558,134.59198129246454,116.25580058239217,129.38815063829955,130.247772712825,98.0985181117766,100.66437465122172,86.37646869152749,downstream,chips+upstream
JPN,202601,132.35235913906556,130.87901432799953,133.73961608679008,116.44782973451932,129.1270682626478,130.53809066982052,98.88680124732952,101.09273944352447,87.07055780611087,downstream,chips+upstream
JPN,202602,134.37767827008008,130.46592168331762,135.78616368743022,116.0802861508555,131.06373118310233,130.48608271785648,97.08898335116314,99.55926139136169,85.48756588930799,downstream,chips+upstream
JPN,202603,141.64431003518,130.42370426493775,143.1289609660749,116.04272377485069,138.11189039771332,130.2581252926136,92.07832226550052,94.31347649903014,81.07564184886081,downstream,chips+upstream
JPN,202604,146.6177335470721,131.11774913291958,148.1545136305241,116.66024079260816,143.4153334998278,130.9881945010323,89.42830172096733,91.33486030012934,78.74227921502407,downstream,chips+upstream
JPN,202605,153.8220091592696,132.8255062192267,155.43430116756642,118.17969452195725,150.93966080975966,132.67515417869083,86.35013087216744,87.89946490333715,76.03192708059547,downstream,chips+upstream
JPN,202606,152.03416710767937,133.78094534796537,153.6277197725777,119.02978354162413,149.71286713996957,133.61798756555888,87.99400022576108,89.24950147447028,77.47936617026502,downstream,chips+upstream
KOR,201801,100.88692960169068,103.04457255499348,81.63864069356012,110.85857134575754,100.88692960169068,103.04457255499348,102.13867441681627,102.13867441681627,135.7917897749887,upstream,chips+downstream
KOR,201802,101.65453263497064,106.50143287736536,82.25979219927686,114.57756970906738,101.66762088137608,106.50294839593373,104.76801192899029,104.75601521176483,139.28745337880227,upstream,chips+downstream
KOR,201803,101.73679258931223,110.46432629255104,82.3263577185416,118.84097428739715,101.73178359692132,110.47185955694047,108.57854221773025,108.59129335100309,144.3534945317175,upstream,chips+downstream
KOR,201804,102.96947877463359,112.55190517406668,83.3238588316063,121.08685688594827,102.94291264986413,112.56119934883482,109.30608420423869,109.34332092553569,145.32075036354144,upstream,chips+downstream
KOR,201805,103.1184801345722,114.23126023863671,83.44443211632124,122.89355954504407,103.05909696521634,114.28375008850536,110.77671052711605,110.8914724209911,147.27592534122695,upstream,chips+downstream
KOR,201806,102.86399405416631,117.36464190382743,83.2384996158299,126.26454946009905,102.80614290500883,117.43860281739487,114.09691309674923,114.23305991151344,151.69008336628724,upstream,chips+downstream
KOR,201807,102.33572806101216,119.02587233227513,82.81102186647222,128.05175306925105,102.3632019527386,119.111617527718,116.30920558000267,116.36175427837064,154.63129204676014,upstream,chips+downstream
KOR,201808,102.67803686128592,121.080601985353,83.08802132777134,130.2622954412951,102.73622361665416,121.17132587996,117.9225915167508,117.94411125339182,156.77626372570293,upstream,chips+downstream
KOR,201809,102.54141853793406,123.4378873796643,82.97746851130333,132.79833673476648,102.47534915678263,123.65790774401412,120.37856423255917,120.67088208191723,160.0414415109283,upstream,chips+downstream
KOR,201810,102.46687203235409,124.53934734919561,82.91714478643598,133.98332179112757,102.65147246155296,124.89025953473785,121.54108433198986,121.66436246836518,161.58699402423858,upstream,chips+downstream
KOR,201811,103.2391675636011,125.80847271981803,83.5420935051019,135.34868652560465,103.48475806714549,126.35237416767234,121.86118475075166,122.09756927265494,162.01256258599614,upstream,chips+downstream
KOR,201812,103.8654951220102,124.91877336599696,84.04892358407558,134.39152015724295,103.93121204231024,125.62663683657208,120.26975197033008,120.87479244005127,159.89677728925204,upstream,chips+downstream
KOR,201901,103.46063966216124,123.50773940649233,83.72131078477713,132.8734857281366,103.51186872410334,124.35312455304029,119.3765472645371,120.13417020272956,158.7092754313358,upstream,chips+downstream
KOR,201902,103.43472147579948,122.32193751223987,83.70033754758802,131.59776299343588,103.4743804123635,123.29735207585706,118.26003470300775,119.15737169383915,157.22488922893012,upstream,chips+downstream
KOR,201903,103.6134077103936,120.15946878235523,83.84493210865266,129.27131155566659,103.66724009532133,121.30635075118845,115.96903473941228,117.01512516359851,154.17904016923404,upstream,chips+downstream
KOR,201904,103.93695982705376,118.72929210439726,84.10675348731831,127.7326827918292,103.68382751226923,119.95078846706981,114.23202323981504,115.68900506964373,151.86971021428005,upstream,chips+downstream
KOR,201905,104.5144011889195,116.61910432654518,84.57402440188649,125.46247683606076,104.29088612226872,117.97780761739523,111.5818518787141,113.12379442157604,148.34634833016437,upstream,chips+downstream
KOR,201906,106.48149222156749,114.4695287311652,86.16581274017668,123.14989623530805,106.48378901892066,115.93208881744562,107.50180744365991,108.872993612996,142.921992283242,upstream,chips+downstream
KOR,201907,107.20352706069363,111.99794591336958,86.75009003984646,120.4908902018043,107.10454498922633,113.65679266821897,104.47225850130992,106.11761870577176,138.89425376556943,upstream,chips+downstream
KOR,201908,108.52734714999866,109.06907433357071,87.82133755466702,117.33991862764971,108.77379690970001,110.94256388659156,100.49916191429918,101.99383218983519,133.61208323046546,upstream,chips+downstream
KOR,201909,107.09364193565318,105.36012903000062,86.6611699758088,113.34971936379327,106.83356322355193,107.2727226576362,98.3813110896965,100.41106878852791,130.79643327621181,upstream,chips+downstream
KOR,201910,106.25055024967264,101.24391785792794,85.97893235102197,108.92137075135282,105.69792976429333,103.27343669571265,95.28789979912585,97.70620571851566,126.68379075314041,upstream,chips+downstream
KOR,201911,105.33599185663091,98.30075477638476,85.23886320294116,105.75502393300559,104.78108126455095,100.41118683871196,93.321146024028,95.82950054236804,124.06902199202081,upstream,chips+downstream
KOR,201912,104.3794996124344,96.95577078113583,84.46486079293196,104.30804811953777,104.10223891987766,99.2700187046362,92.88775204052214,95.35819760902493,123.49283138612158,upstream,chips+downstream
KOR,202001,104.50045326550996,96.22490696146438,84.56273761268449,103.52176198249897,104.47188920848139,98.70398477128379,92.0808512829897,94.47898905543164,122.4200692941741,upstream,chips+downstream
KOR,202002,105.47446053430127,95.68789719155123,85.35091334331388,102.9440300902199,105.41538639340627,98.48304710377772,90.72139047388885,93.42378800020965,120.61268714974355,upstream,chips+downstream
KOR,202003,107.8217676365821,95.66502321950675,87.25037605743472,102.9194215562721,108.56829524689154,98.83699721363922,88.72514828540915,91.03670366093279,117.95871399857674,upstream,chips+downstream
KOR,202004,106.27550040182132,95.62341490647583,85.99912224593263,102.87465803283419,107.32639070038776,99.28004241804008,89.97691334778891,92.5029172882466,119.62291631145074,upstream,chips+downstream
KOR,202005,108.49978057068381,96.6835382340446,87.7990304225864,104.01517183798259,110.4887365677828,100.71671501499331,89.10943204263779,91.15564006219356,118.46961331730672,upstream,chips+downstream
KOR,202006,108.57230868926426,96.10676460923344,87.85772084994251,103.39466074796515,110.73589756931416,100.48096392345087,88.51867089267907,90.7392870144532,117.68420549465324,upstream,chips+downstream
KOR,202007,109.73334838337534,95.8940792322341,88.79724495670952,103.16584717287175,110.74987649555494,100.4180188733178,87.38827407071277,90.67099851560394,116.18136038248396,upstream,chips+downstream
KOR,202008,110.16344326035379,95.12109052238691,89.1452817268284,102.33424176255936,109.76999025159759,99.87569665484854,86.34542249880782,90.98634009707854,114.79490532785172,upstream,chips+downstream
KOR,202009,111.55833132497956,93.96216522958031,90.27403810751431,101.08743371560048,110.63483888738996,98.7368302983494,84.2269368083859,89.24569447680852,111.97841132929898,upstream,chips+downstream
KOR,202010,113.95077551325188,93.68444805315929,92.21002617095209,100.78865689841506,113.15375627425344,98.18843299215084,82.21484025114358,86.77434689323897,109.30336003978425,upstream,chips+downstream
KOR,202011,116.53936040205994,92.57980472879768,94.30473311144995,99.60024708944621,116.0376352373168,96.73680620119829,79.44080387038167,83.36675079887226,105.61532152552513,upstream,chips+downstream
KOR,202012,117.684605389004,92.67447222792086,95.23147599444142,99.70209334340656,117.19450318707652,96.66093693452791,78.74816924574571,82.47907052451849,104.69447449205353,upstream,chips+downstream
KOR,202101,120.41259754386392,92.53007326344554,97.43899258974999,99.54674442488883,120.09624070514721,96.41713587922321,76.8441800532861,80.28322561398116,102.16315027394953,upstream,chips+downstream
KOR,202102,120.89541479044172,91.5188732941432,97.8296927911501,98.45886389744132,120.61781622932315,95.11053112402169,75.70086380263523,78.85280474917067,100.64312898092648,upstream,chips+downstream
KOR,202103,120.86651956500734,89.94592100737164,97.80631050628612,96.76663267183768,120.6004502230848,93.29512215127376,74.41756520422908,77.35885063339143,98.93700331904289,upstream,chips+downstream
KOR,202104,122.39643644214266,89.02058489085924,99.0443334564996,95.77112716050715,122.2344340435266,92.05341405812925,72.73135352510012,75.30890520207248,96.69521094063393,upstream,chips+downstream
KOR,202105,122.48956922335141,88.19918543411212,99.11969736827601,94.88743995582134,122.3101364623847,90.97991372795651,72.00546625589556,74.3846065088289,95.73015502990303,upstream,chips+downstream
KOR,202106,122.17385382238182,89.2904839931735,98.86421753275181,96.06149304925002,121.94295242399595,91.98711107934304,73.08477321423071,75.43454480214946,97.16507695762292,upstream,chips+downstream
KOR,202107,124.94435720087576,90.9070746069998,101.10613460516286,97.80067175081726,124.85254318654455,93.65325547188661,72.75804737691877,75.01109154977925,96.73070000425393,upstream,chips+downstream
KOR,202108,125.61981273628334,92.70418383583787,101.65271949953248,99.73405801970533,125.86177175975675,95.5326777948938,73.79742241015275,75.90285474230038,98.11253305442953,upstream,chips+downstream
KOR,202109,125.97634192125923,95.07952340289893,101.94122622824283,102.28952255642224,127.40987560504114,98.24113233300649,75.47411041854812,77.10637175217481,100.34166385972206,upstream,chips+downstream
KOR,202110,126.1010760767061,96.51963357679703,102.04216226563582,103.83883808561845,127.84673292071372,99.99544122019039,76.54148289589936,78.21509313202726,101.76071907934048,upstream,chips+downstream
KOR,202111,124.6755165632055,99.20657535172548,100.88858626357649,106.72953401527384,126.0882246312685,103.18783605471309,79.57181817765456,81.83780551790213,105.7895030231047,upstream,chips+downstream
KOR,202112,126.37759864041071,100.4944542793363,102.26592689313584,108.1150744124165,127.83402066582477,104.6459972379914,79.51919909894697,81.86083539651001,105.71954677083484,upstream,chips+downstream
KOR,202201,125.26329245433307,101.7052460800954,101.36421997523318,109.41768206948332,126.6225622667049,106.0018600013504,81.1931764584376,83.71482783461516,107.94507381028323,upstream,chips+downstream
KOR,202202,125.94637048935581,103.61665957277648,101.91697306710596,111.47404043747541,127.21083309408803,108.23411521345179,82.27046096698237,85.08246709885105,109.37730692225006,upstream,chips+downstream
KOR,202203,125.71395102268819,106.22480862500086,101.72889707545491,114.27996869373635,127.15800593269083,111.0618671851016,84.49723181942629,87.34162380927121,112.3377643708965,upstream,chips+downstream
KOR,202204,125.65343643481148,108.27040661133715,101.67992810875238,116.48068693333092,126.71913878849894,113.47109812192964,86.16589381342341,89.54535140214219,114.5562247140343,upstream,chips+downstream
KOR,202205,125.56569485947942,110.228695061755,101.6089268108568,118.58747484572059,126.27670861416456,115.78773808359453,87.7856768005879,91.6936617641668,116.70970117268244,upstream,chips+downstream
KOR,202206,126.66631137924456,111.23345691263886,102.49955592359963,119.66842904417928,127.42370433819308,116.75338857334711,87.81613335182782,91.62611397913369,116.750192687056,upstream,chips+downstream
KOR,202207,125.4016562546127,111.33677385289353,101.476185247847,119.77958063720799,125.69582438037526,116.50461262166007,88.78413346219116,92.68773501106836,118.03713387989161,upstream,chips+downstream
KOR,202208,125.50545620175532,111.9110508176895,101.5601811293972,120.39740574235928,126.04987331531292,116.91246652666835,89.16827539177879,92.75095916535561,118.54784464096386,upstream,chips+downstream
KOR,202209,125.782226164499,111.26727293593008,101.78414595449802,119.70480937880254,126.34339016328158,116.08101694109105,88.4602509661531,91.87739603240992,117.60653710482164,upstream,chips+downstream
KOR,202210,126.25750563847866,110.27271573999569,102.16874652028429,118.6348336670387,126.86527403787642,114.64977842331687,87.33953295081461,90.3712850445485,116.1165598165436,upstream,chips+downstream
KOR,202211,125.86988450448358,108.20001889418282,101.85507989757716,116.40496162756719,126.56717982904726,112.07178376724339,85.96180041011212,88.54727103710249,114.28488568721464,upstream,chips+downstream
KOR,202212,126.21187330034928,105.98684663761233,102.1318204083364,114.02396175128034,126.79026530554975,109.66196353462891,83.97533755433057,86.49083844911623,111.64391400779658,upstream,chips+downstream
KOR,202301,125.47545380518766,104.24380748051138,101.53590291136635,112.14874575528212,125.79204360974248,107.55847556613303,83.07904400358625,85.50499099913083,110.45230557823476,upstream,chips+downstream
KOR,202302,124.27863835149327,101.32700126353275,100.5674287275805,109.01075447549776,124.59799536772798,104.13070990469579,81.53211413288328,83.5733428915716,108.39568621247018,upstream,chips+downstream
KOR,202303,124.57319047264559,97.57572300385199,100.80578304046543,104.97501209453279,124.78421856087225,99.86846759430595,78.32802759055784,80.03293104375062,104.13590265192796,upstream,chips+downstream
KOR,202304,125.4642085242258,94.22815010451112,101.52680312554108,101.3735885562028,125.52061613070158,95.88103239300185,75.10361019518699,76.38668080880295,99.8490895363377,upstream,chips+downstream
KOR,202305,125.46554699015333,90.93793483201274,101.52788622460426,97.83387214528265,125.45104409548253,92.11860220727593,72.4804035956976,73.42992070848226,96.36157688622656,upstream,chips+downstream
KOR,202306,125.64846531025738,87.12266166375476,101.67590542858045,93.72928204179945,125.40072521732245,87.85239092071087,69.33842084630894,70.05732284917858,92.18435935899986,upstream,chips+downstream
KOR,202307,125.11223849948749,84.37796169396722,101.2419857116505,90.77644804114404,124.93474997006851,85.22626403045072,67.44181281219173,68.2166203165004,89.66284827688624,upstream,chips+downstream
KOR,202308,125.21632235850566,82.13551318075558,101.326211337328,88.36395185306593,124.7026182912762,82.57608014449983,65.59489340822051,66.21840124609203,87.2073974609501,upstream,chips+downstream
KOR,202309,126.39914287502944,80.35703721285431,102.2833606879396,86.45061182859178,125.99526454730321,80.34323777962895,63.57403648876254,63.76687097590495,84.5206994052018,upstream,chips+downstream
KOR,202310,125.59544794634563,80.49639272086252,101.6330032851611,86.60053483903182,124.86010973472975,80.52445154656971,64.09180749548389,64.49173536499936,85.20906795999004,upstream,chips+downstream
KOR,202311,126.21265835018409,81.18600500957814,102.13245567795599,87.3424412899387,125.10448550065325,81.04780012968953,64.32477223031229,64.78408812069839,85.5187909760506,upstream,chips+downstream
KOR,202312,124.37865213490933,82.61004296527899,100.64836081026895,88.87446582453394,125.35938128416734,82.04046065705126,66.4181847506071,65.44421312281382,88.30195058225554,upstream,chips+downstream
KOR,202401,123.93953818407242,84.39823433356126,100.29302572179479,90.79825798034878,127.24913333558531,83.70014944340143,68.09629563748638,65.77659686110775,90.53297308251146,upstream,chips+downstream
KOR,202402,124.54455506975764,87.34473286945882,100.78261100641986,93.96819318472495,128.89768819717042,86.42214004955453,70.13131390652677,67.04708304570794,93.23849843376172,upstream,chips+downstream
KOR,202403,123.09833517749867,91.06722860250616,99.61231643393015,97.9729704240703,127.80941188632382,90.23115945268934,73.9792528235203,70.59821191646097,98.35427378004287,upstream,chips+downstream
KOR,202404,120.83512419538106,94.12627048579616,97.78090508151524,101.2639832786035,125.4935840389354,93.34485074132549,77.89644866305699,74.38216977878685,103.56212513494796,upstream,chips+downstream
KOR,202405,117.89774288111616,97.88222701268829,95.40394883314875,105.30475868563254,122.00896090690681,97.13443342268936,83.02298637844933,79.61254050577746,110.37777783160656,upstream,chips+downstream
KOR,202406,115.47285810177705,102.977048228916,93.44170954204012,110.78592656559663,119.7030918665059,102.27533662362853,89.178574014469,85.44084787524706,118.56153650073495,upstream,chips+downstream
KOR,202407,113.80474577139046,106.64084087276197,92.09185754719216,114.7275491870801,118.21842122866117,105.83013719221324,93.7050912507469,89.52085139718946,124.5794712396678,upstream,chips+downstream
KOR,202408,112.8555407945776,110.61309721239229,91.32375206165,119.0010266921232,117.06594138968704,110.27056688921932,98.01299646752209,94.19525916778186,130.3067646758415,upstream,chips+downstream
KOR,202409,114.86504037092263,115.63027820041654,92.94985778748372,124.39866678829256,119.07360899122774,115.56040095561453,100.66620603363982,97.04954937926503,133.83416580659213,upstream,chips+downstream
KOR,202410,115.77818890207698,120.10754631921996,93.68878606222738,129.21545174722442,119.98617134877674,120.08822026927129,103.73935493221843,100.08505056820083,137.91986979252832,upstream,chips+downstream
KOR,202411,118.42862798101837,124.04897702505804,95.833545988019,133.4557660721183,122.62912896861447,124.41700421656827,104.7457689410541,101.45795314946044,139.25788166995596,upstream,chips+downstream
KOR,202412,120.60966854565731,128.85180180931465,97.59846427523046,138.62279506554282,124.60542544014896,129.79857984726226,106.83372515905492,104.16767920720089,142.0337872065513,upstream,chips+downstream
KOR,202501,120.76770350123792,130.55547179142528,97.72634762946281,140.45565647278133,124.700984389658,131.79101527385052,108.1046240066054,105.68562543342723,143.72342759122654,upstream,chips+downstream
KOR,202502,121.23242615590253,130.64453826215922,98.10240551898436,140.5514769653658,124.87901526370425,132.09337109070538,107.76369194670154,105.77707616589282,143.27016368438274,upstream,chips+downstream
KOR,202503,125.22308613991594,130.47843314710917,101.33168465208209,140.3727758917324,128.8650555734741,131.89023360052542,104.1967876445093,102.3475549780262,138.52801951699135,upstream,chips+downstream
KOR,202504,125.76906219067199,131.21179862164632,101.77349354458124,141.16175338725358,129.3852044298608,132.35093725821798,104.3275638190916,102.29217308225137,138.70188442083747,upstream,chips+downstream
KOR,202505,128.03699776275613,131.30484486259883,103.60872807908945,141.26185544100886,131.60725483965865,132.18204707404894,102.55226782644326,100.43674813754802,136.3416558237999,upstream,chips+downstream
KOR,202506,130.22012135869798,131.27958032639623,105.37533197458298,141.2346750634335,133.5261107279196,132.14461687127505,100.81359083115882,98.96537549913398,134.03011161805875,upstream,chips+downstream
KOR,202507,133.68307388183504,132.24513156587832,108.1775853278311,142.27344526079628,136.83951307175008,132.83561402437053,98.92436471259799,97.07401834638205,131.51841467863977,upstream,chips+downstream
KOR,202508,135.36865967195297,132.52201568711433,109.54157700862562,142.5713258511803,138.52066278525137,132.86418873080348,97.89711740388279,95.91651242441921,130.15270525085998,upstream,chips+downstream
KOR,202509,135.60075477939722,132.51522761280484,109.72939052577973,142.56402302870762,138.95777372741915,132.674873559948,97.72455015341758,95.47855438458897,129.9232797572258,upstream,chips+downstream
KOR,202510,137.17288097098293,132.6734337821597,111.00156964537949,142.73422616971638,140.55069991538429,132.6674488687745,96.71987118957206,94.39116912875159,128.58757459530915,upstream,chips+downstream
KOR,202511,136.81957460702137,135.2514902955807,110.7156708533746,145.50777993232674,139.8578811013437,134.9822377816997,98.85390353248461,96.5138587248358,131.42473762817983,upstream,chips+downstream
KOR,202512,135.88463847633514,138.54823365785072,109.95911185067857,149.0545194662291,138.55849595515377,138.0530122433772,101.96018859186903,99.63518389233946,135.55449562801218,upstream,chips+downstream
KOR,202601,138.3760185180263,140.9526088956335,111.97515972583686,151.6412214848867,141.3757608971581,141.49343001501776,101.86202089437306,100.08323146564372,135.42398319070887,upstream,chips+downstream
KOR,202602,140.2381970018968,146.223211939021,113.48205185499758,157.31150094777365,143.4495850216246,148.48053205225332,104.26774948985067,103.50711856703546,138.62236219413748,upstream,chips+downstream
KOR,202603,138.53757090598342,153.72702969784916,112.10588941902591,165.38434259053614,141.59213409906988,158.7950801918852,110.9641440170579,112.14964814413962,147.52511527058823,upstream,chips+downstream
KOR,202604,142.0033910278493,161.2264130552844,114.91046325980595,173.45241356570304,144.99253080051454,169.89585543024873,113.53701618552557,117.17559138546041,150.945709072234,upstream,chips+downstream
KOR,202605,143.6514135551833,171.19425034710676,116.24405839938547,184.17612442382375,146.5295682163995,185.0278586626169,119.17338375604842,126.2733937694827,158.43917268531757,upstream,chips+downstream
KOR,202606,144.65262360700822,184.4072130825094,117.054246874765,198.39104264583628,147.62363386594743,208.34791561054212,127.48279877972094,141.13452578991286,169.4864115935004,upstream,chips+downstream
MEX,201801,101.38052570695501,104.60715961958876,77.7172917551227,109.58743271572239,101.38052570695501,104.60715961958876,103.1826959765039,103.1826959765039,141.00778635083998,chips+upstream,downstream
MEX,201802,101.15587211976928,109.24406365991759,77.54507457379128,114.44509648727212,101.14965040020077,109.2423075016179,107.99577065637062,108.0006772830142,147.58525556431965,chips+upstream,downstream
MEX,201803,101.88472486793604,114.6825378038604,78.10380576285152,120.14249254976805,101.84222816532571,114.67434729326325,112.56107130142718,112.59999840842691,153.82412083037235,chips+upstream,downstream
MEX,201804,103.73482032232369,119.90646753746496,79.52207033783594,125.61512989385525,103.44235830858007,119.93014170498424,115.58941073488431,115.93910238126945,157.96260001808406,chips+upstream,downstream
MEX,201805,105.87023603805908,124.43079718300325,81.15905855663837,130.35485968307066,105.58975327851986,124.44604773214407,117.5314251101432,117.85807227324977,160.61652513144924,chips+upstream,downstream
MEX,201806,104.83434816488833,128.12508686618605,80.36495732759649,134.2250318927018,104.60007990620998,128.1179125591013,122.21670579251847,122.48357044657965,167.0193531560681,chips+upstream,downstream
MEX,201807,106.65428364502239,129.703968799786,81.76010156953815,135.8790832816667,106.32173176971078,129.67823757542385,121.61158873982025,121.96776276773073,166.19241007926047,chips+upstream,downstream
MEX,201808,108.78213614327146,133.53382643750183,83.39129190185406,139.891277740538,108.40315360867041,133.49452554415518,122.75345122992545,123.14634869946984,167.75286070058803,chips+upstream,downstream
MEX,201809,107.63799501850374,135.2069159406673,82.51420481848628,141.64402185501632,107.31291616675153,135.18574055190723,125.61262955281195,125.97341063944684,171.66016707862977,chips+upstream,downstream
MEX,201810,111.71357126196537,140.4512947315256,85.63850059200509,147.13808182155157,111.2726984733327,140.47799267743832,125.72446941309487,126.24659472161977,171.81300560426658,chips+upstream,downstream
MEX,201811,112.27643227996442,146.04958987971983,86.06998418955381,153.00290785359886,111.80493675799947,145.991853287589,130.0803622932559,130.57728712247004,177.7656976404657,chips+upstream,downstream
MEX,201812,114.21975723978473,151.30604693248048,87.55971756609917,158.50962111956753,132.28614821399066,150.99575575362846,132.4692422650133,114.14328544011462,181.03030197637173,chips+upstream,downstream
MEX,201901,113.32637362561826,141.21935653321302,86.87485866931148,147.94271050394792,124.0298520212735,140.84987407363835,124.612966968961,113.56126914468938,170.29404452569042,chips+upstream,downstream
MEX,201902,114.88270933089844,137.32067176690927,88.06792997400956,143.85841210543643,125.47428387770394,136.81517062117433,119.53119191451381,109.03841519790942,163.34937377078313,chips+upstream,downstream
MEX,201903,116.71724164676247,129.39728183204815,89.47426400346927,135.55779516368338,127.33704116050843,128.7746790765883,110.86389637587654,101.12900213714542,151.504789308384,chips+upstream,downstream
MEX,201904,118.11990005226312,115.25756402645455,90.54952783518553,120.7448953652873,128.9001649676184,114.50587368301308,97.57675376922762,88.83299234859679,133.34679732959196,chips+upstream,downstream
MEX,201905,118.45145423771855,109.80768859969618,90.80369394040139,115.03555521294163,129.13249720629275,108.9655201138942,92.70269352651819,84.38272508570694,126.68598624241513,chips+upstream,downstream
MEX,201906,120.49197175623267,105.3129306400763,92.36793415529426,110.32680499675602,131.26141841790832,104.42691235124222,87.4024460759385,79.55644058238747,119.44275468071882,chips+upstream,downstream
MEX,201907,121.68265865493515,95.32769309798178,93.28070276100209,99.86617733729055,133.25989207783203,94.41001678650088,78.34123132393896,70.84653552875427,107.05984665784665,chips+upstream,downstream
MEX,201908,125.47606072776247,91.46554752764762,96.18868665221387,95.82015774009977,137.27724627760264,90.56948235469918,72.89481913693056,65.97559669251318,99.61686875562967,chips+upstream,downstream
MEX,201909,125.74156415322284,87.61827840454531,96.39221890887363,91.78972284730207,137.67832248233913,86.73865695443502,69.68123785845206,63.00095424649115,95.22524108930139,chips+upstream,downstream
MEX,201910,129.7217288808775,81.60930841029908,99.44337317361585,85.49467002940736,141.98441486513647,80.76808390779676,62.91105515964893,56.885175731797126,85.97322003563195,chips+upstream,downstream
MEX,201911,131.78500125536664,77.08808150737426,101.02505703232815,80.75819070219306,144.57297051437618,76.26432692271635,58.495337688692416,52.75144216195842,79.93877269116545,chips+upstream,downstream
MEX,201912,135.65951127995822,71.98315183543708,103.99521746392546,75.41021892878541,149.1378049163332,71.1931608122125,53.06163287503423,47.736495016908755,72.51316047773467,chips+upstream,downstream
MEX,202001,138.63567343401493,71.06092622995287,106.27671344971232,74.44408681261626,162.2096257516165,70.28556100972061,51.25731672791638,43.33008024896462,70.04741151300419,chips+upstream,downstream
MEX,202002,139.50085566033763,70.29354194236778,106.93995344610795,73.64016790029082,163.4985473424951,69.48145197032268,50.389326724648456,42.49667847187268,68.86123055720381,chips+upstream,downstream
MEX,202003,140.48126966869827,68.36832307341683,107.69152896810533,71.62329071873418,165.5004710509145,67.57589833618415,48.66721608841674,40.831242296219884,66.50782230043983,chips+upstream,downstream
MEX,202004,141.744615459136,69.61229157314405,108.65999714972496,72.92648368143468,167.03051376840014,68.8228102264324,49.111065946073126,41.20373497854421,67.11438026355522,chips+upstream,downstream
MEX,202005,141.33006851038044,70.01106122210459,108.34220962654956,73.34423847215315,167.25485707535722,69.2275541985074,49.53727254222792,41.39045969069628,67.6968272337875,chips+upstream,downstream
MEX,202006,144.0221522200875,72.07396600860659,110.40593393294425,75.50535670069355,169.87733016195602,71.28200831840489,50.04366682318893,41.96087155975828,68.38885738383611,chips+upstream,downstream
MEX,202007,139.24255403800402,76.33704001139643,106.74194201932023,79.97139265025768,165.46866165801143,75.5307681015228,54.82306794700236,45.64656977623282,74.92030886582793,chips+upstream,downstream
MEX,202008,135.46202528244297,77.96886609723417,103.84382668369999,81.68090882520998,161.8392996089279,77.15225428729472,57.55772950734083,47.672138024402706,78.65745267073363,chips+upstream,downstream
MEX,202009,139.95373946552178,80.23981917387948,107.28712961799332,84.05998037626306,167.0993476950867,79.41315317866568,57.33310126639875,47.524514173193694,78.35047938701233,chips+upstream,downstream
MEX,202010,130.044452339925,83.82238993108444,99.69076973274906,87.81311480063943,156.6162302678507,82.97564571016474,64.45672108486407,52.98023427601137,88.08550183336808,chips+upstream,downstream
MEX,202011,127.06831543820188,86.35833121975061,97.40929310514726,90.46979046560688,153.16011023420623,85.50645011730299,67.96212802691159,55.828146105764745,92.87593368319631,chips+upstream,downstream
MEX,202012,118.80322797819424,88.58501800691042,91.07336015321394,92.80248824035047,143.88627982356715,87.72581718918447,74.5644874423528,60.968854915669205,101.8986101799995,chips+upstream,downstream
MEX,202101,116.17418140247618,89.30746023506464,89.05795947997724,93.55932543349057,139.64377232638674,88.43081686976817,76.87375900301468,63.32600115032735,105.05442296207715,chips+upstream,downstream
MEX,202102,114.92984064692182,90.03427329965048,88.10406036702784,94.32074155550231,137.22047910117587,89.14095014815543,78.33846526964787,64.96184150649242,107.05606661324886,chips+upstream,downstream
MEX,202103,116.29358751085626,95.13503557790189,89.14949500218535,99.66434752854983,136.9796798585725,94.22987723004543,81.80591691611615,68.7911355372819,111.79462937631529,chips+upstream,downstream
MEX,202104,116.70920735367429,97.38120101663974,89.46810499516243,102.01745131973594,135.37929388840078,96.4528339869856,83.43917607249,71.24637100448757,114.0266146525089,chips+upstream,downstream
MEX,202105,118.21739716711907,97.54107610669836,90.62426814322502,102.18493795008162,135.44033079326258,96.60404929788025,82.50991685158533,71.32591062948421,112.75670418500462,chips+upstream,downstream
MEX,202106,117.2111137386928,95.70691256130495,89.85286138388935,100.26345117182107,132.96590241950437,94.68431631061918,81.65344523103097,71.20947144170265,111.58626406281408,chips+upstream,downstream
MEX,202107,124.95461002731875,96.84045226958699,95.78894778777517,101.4509579061947,139.39282300411534,95.7929541449514,77.50050378166505,68.7215827045294,105.91092213578123,chips+upstream,downstream
MEX,202108,128.12241184014897,96.36023003268596,98.21735280928554,100.94787262726767,141.65160413424664,95.20746613732737,75.20950366818658,67.21241649130705,102.78007881487515,chips+upstream,downstream
MEX,202109,130.76096282644178,95.26428208281598,100.24003946811413,99.79974736841284,143.04058535958308,94.04761376525869,72.8537630984407,65.74890163434158,99.56076224427132,chips+upstream,downstream
MEX,202110,144.6781578708271,95.68611034986517,110.90882126950146,100.24165858176525,155.8109786675809,94.46477877707888,66.13721916151057,60.6278065800596,90.38204304613818,chips+upstream,downstream
MEX,202111,157.93548231244623,97.32681649976665,121.07175290096517,101.96047759436877,166.50328406551623,96.16044835419262,61.62441465004266,57.75288391089939,84.21491813847848,chips+upstream,downstream
MEX,202112,179.38708570460238,98.88135918718774,137.51633639289125,103.58903096280929,183.89340159017044,97.70895712104384,55.12178248439588,53.13347639237243,75.32852727173453,chips+upstream,downstream
MEX,202201,178.48808259752147,99.86164453334571,136.82716964933215,104.61598700295951,176.87610701207743,99.42785355892792,55.948634261776995,56.21327563034775,76.45848940022282,chips+upstream,downstream
MEX,202202,182.07752276862956,97.84948098633147,139.5787983972627,102.50802576853403,181.37457994541114,97.68815871911606,53.74056033850551,53.85989522264782,73.44097165586743,chips+upstream,downstream
MEX,202203,182.19038655685645,98.08388472976569,139.66531864261603,102.7535893088818,180.60159047374026,98.25578941590095,53.835927670726186,54.40471989098428,73.57129909380998,chips+upstream,downstream
MEX,202204,182.9728886821794,92.45253411533032,140.26517690482817,96.85413406315774,181.68821752080973,92.68187839466025,50.52799613166665,51.0114963200874,69.05073390302327,chips+upstream,downstream
MEX,202205,180.3373151820394,89.25634079757643,138.2447727569495,93.50577223563512,179.28896194422015,89.78641875217627,49.494105369971635,50.07916704883949,67.6378356815192,chips+upstream,downstream
MEX,202206,179.76710300704536,90.28095659635659,137.80765383635494,94.57916926999319,178.83581989063921,91.39936898755656,50.2210666391049,51.1079766030366,68.63128907361335,chips+upstream,downstream
MEX,202207,162.2932479408679,88.33131907433275,124.41237221994014,92.53671088051192,163.1226616549619,89.4833321007513,54.42698337426617,54.85646886391974,74.37902616061575,chips+upstream,downstream
MEX,202208,164.0859666661726,88.95811358800339,125.78665237125936,93.19334663893663,165.22086722498287,90.53056572051705,54.21433373945115,54.79366331931952,74.08842264430126,chips+upstream,downstream
MEX,202209,163.42832371687055,87.4635535854824,125.28250989808514,91.627631688722,164.6073867203158,88.99502892767156,53.51798978065001,54.065027518408336,73.1368103682304,chips+upstream,downstream
MEX,202210,165.6332952525934,87.21915462732632,126.97281890919494,91.3715970685285,166.549139551402,88.74959111544831,52.65798431065187,53.28733090695888,71.9615409451319,chips+upstream,downstream
MEX,202211,166.50927715445883,86.03245688668761,127.64433782828466,90.128401485367,168.41133632966233,87.45777328188427,51.66826639147644,51.93104881650435,70.60900860844568,chips+upstream,downstream
MEX,202212,165.85605292287465,86.70898738896071,127.14358269968841,90.83714112773563,168.574314990228,88.21565851025024,52.279664118910134,52.33042680040786,71.44453475272272,chips+upstream,downstream
MEX,202301,167.89770742963455,84.52141966319041,128.7086945183395,88.54542484530589,171.1626286176854,85.90967557729424,50.34102070667826,50.191841683610136,68.79521634234989,chips+upstream,downstream
MEX,202302,166.33826365159027,84.33395120102662,127.5132405963082,88.34903114186912,169.03379075738874,85.89700416556767,50.700271452677484,50.816469169087114,69.2861625417957,chips+upstream,downstream
MEX,202303,165.03055571516418,83.45776335652884,126.51076483957868,87.4311286120192,165.50593175071745,85.01537427887835,50.57109757333269,51.366965147162965,69.10963562894098,chips+upstream,downstream
MEX,202304,168.36336481016065,82.93123000737208,129.06566278466002,86.87952738144249,168.51056786414975,84.4601960553575,49.25728949458916,50.12160194216889,67.31420697571352,chips+upstream,downstream
MEX,202305,167.99443499257472,82.69311635380507,128.78284489561725,86.63007730475687,166.96613795427317,84.21137882460266,49.22372360576115,50.43620212840135,67.26833638049649,chips+upstream,downstream
MEX,202306,169.2397146392657,78.61398476869562,129.73746375307263,82.35674114165498,167.40030452643845,79.73408157600602,46.451262894327876,47.630786456193796,63.479536873330076,chips+upstream,downstream
MEX,202307,180.7866125791128,77.16421794671412,138.58919962443395,80.8379519437153,177.0508790486805,78.4074141071598,42.682484530178805,44.28524417865302,58.32918594145858,chips+upstream,downstream
MEX,202308,173.93455824282614,74.13210550629042,133.33648365890002,77.66148276837585,169.58997804593415,75.24972633383497,42.620688065218324,44.371564405446925,58.2447359021771,chips+upstream,downstream
MEX,202309,168.8595550793617,72.61803914724852,129.4460372564695,76.07533277776305,164.32773065003101,73.5968828314637,43.00499258873389,44.786648327909475,58.76992018460644,chips+upstream,downstream
MEX,202310,163.08147659128605,67.48548964929469,125.01662037871735,70.69842621790075,155.63813588687995,67.86077543024646,41.38145610394888,43.60163724883512,56.55122175254095,chips+upstream,downstream
MEX,202311,159.1007207757639,64.23874939909717,121.96501299195855,67.29711095412868,152.2211729708957,64.26634672431769,40.376152342914324,42.219058932495045,55.177390059037464,chips+upstream,downstream
MEX,202312,158.20626550376443,61.19222893689743,121.27933257305021,64.10554780125756,152.21388800507273,61.03982287539588,38.6787645495882,40.10134927593574,52.85776763542531,chips+upstream,downstream
MEX,202401,157.8796408532589,60.511521654559296,121.02894539976678,63.39243252527063,151.76974462232525,60.25964036997866,38.327628139717945,39.70464635091341,52.3779103551478,chips+upstream,downstream
MEX,202402,150.41206450509347,59.88252699087433,115.30437644821505,62.733491869241035,145.4653127512023,59.50873638313291,39.81231637761777,40.909227951074584,54.40686104175378,chips+upstream,downstream
MEX,202403,149.31005968963592,60.16369055940116,114.45959063593762,63.028041436977084,144.94371592899037,59.938512538522616,40.29446554670241,41.35295701118026,55.065758218069114,chips+upstream,downstream
MEX,202404,144.988123704682,59.74437404456749,111.14643796142367,62.58876155859178,140.68909061931146,59.70183686240381,41.206391611948426,42.435299424850314,56.31198147826822,chips+upstream,downstream
MEX,202405,147.44874602012445,62.31766157670518,113.03272629002412,65.28456149534428,143.56169939498812,62.22341283001834,42.26394815741586,43.342627659219964,57.757220973184715,chips+upstream,downstream
MEX,202406,151.70971420333572,62.534433880376575,116.29914166067559,65.51165417551655,149.14366872900266,62.14037369025368,41.219795455261355,41.664774790517,56.33029895152537,chips+upstream,downstream
MEX,202407,155.5845566824316,66.37547603493434,119.2695569485535,69.53556563818883,153.48844211389482,64.88114380906543,42.66199515573731,42.27102895534044,58.30118549713633,chips+upstream,downstream
MEX,202408,162.17770045760383,68.84473798232281,124.32379468095242,72.12238740546542,160.57992536974683,67.04643291946142,42.45018753384043,41.7526865609647,58.01173266191757,chips+upstream,downstream
MEX,202409,166.3166730518443,72.81519943142543,127.49668945960886,76.28187972402391,166.22163738436717,70.60851730543756,43.7810582037842,42.478535536359814,59.83047877348229,chips+upstream,downstream
MEX,202410,165.26692619949725,77.31451233213063,126.69196407646479,80.99540173882758,171.48925417316323,75.18397671109295,46.7815999910367,43.841800510237846,63.93097015209497,chips+upstream,downstream
MEX,202411,172.0335701390026,81.89998307079942,131.87920529051868,85.79918350549818,181.3627711254432,79.66963799339372,47.606977524575285,43.92833076987372,65.05891760303672,chips+upstream,downstream
MEX,202412,174.02658520308668,84.29047910664107,133.4070306014221,88.3034893717282,185.53360550465953,82.48287904036083,48.43540371045908,44.45710997530813,66.19103129245941,chips+upstream,downstream
MEX,202501,177.50589215849763,87.06403897028522,136.07423233344812,91.20909646444974,190.81517447836882,84.90125832494525,49.048534621343414,44.49397620343335,67.02892597692048,chips+upstream,downstream
MEX,202502,190.9528390063159,90.13000499023472,146.38252659509277,94.42103096436125,204.44421121410477,88.24122667501769,47.2001387668573,43.16151880798758,64.50293840434816,chips+upstream,downstream
MEX,202503,194.06544950178736,94.98237867839298,148.7686225075942,99.50442274171535,208.56672345741404,93.69736833319271,48.94347701882822,44.92440921541552,66.88535597392922,chips+upstream,downstream
MEX,202504,202.61829210322216,102.94137340223473,155.3251456579348,107.84233959134241,217.3148109538278,103.23819676511809,50.80556761863935,47.506286530582024,69.43005856169513,chips+upstream,downstream
MEX,202505,207.26741863659143,107.874634693757,158.88911931738045,113.01046997381135,222.47713362845752,110.25068779826238,52.046112892879236,49.55596379733291,71.12536746337761,chips+upstream,downstream
MEX,202506,195.63002131532494,119.02499272282647,149.96800753007884,124.69168868494481,210.35437983733715,123.79350956257662,60.841885065777724,58.849979571760606,83.145525994893,chips+upstream,downstream
MEX,202507,188.60395713981353,128.7347909227045,144.58189737124215,134.86376352936222,210.0500047061741,136.7193255568416,68.2566754563227,65.08894191556423,93.27845738742332,chips+upstream,downstream
MEX,202508,182.42890856660367,136.14451197362854,139.84816721725377,142.6262561738748,203.34876950314543,144.64925361513167,74.62880364924347,71.13357704035393,101.98650365743103,chips+upstream,downstream
MEX,202509,183.77768464580816,150.06591666746587,140.88212539934943,157.21044912722743,202.89672798208014,159.1475157278243,81.65622336394406,78.43769454078146,111.5900606138594,chips+upstream,downstream
MEX,202510,191.29275810684362,172.63608469808776,146.64310516010445,180.8551669403584,209.83947422406354,183.59428565384334,90.24705713201361,87.49273049445597,123.33015366996037,chips+upstream,downstream
MEX,202511,191.24642401845145,184.9291898505512,146.60758591377316,193.73353815951742,209.62080181710263,198.21673376403345,96.69680926044883,94.55966776473863,132.14427954189304,chips+upstream,downstream
MEX,202512,197.9471396652396,209.6675758337442,151.74428716145493,219.6497012528232,206.42800107125922,224.6263579238534,105.92099294201762,108.81583736612946,144.7498982410569,chips+upstream,downstream
MEX,202601,202.21609976244483,228.0816876563092,155.0168290530257,238.94049595285682,210.35455149751198,248.24696898234984,112.79106259306268,118.01359524435392,154.13842317154084,chips+upstream,downstream
MEX,202602,208.75208763834303,252.27349827307899,160.0272516476708,264.28406161201184,216.5204624638441,277.12767616375584,120.84837144725256,127.99144848031732,165.14940979795205,chips+upstream,downstream
MEX,202603,213.780686621048,282.30745728362746,163.8821250716659,295.7479162298453,221.69133141531762,312.5336903595911,132.0547060380863,140.97695582606653,180.46380354203626,chips+upstream,downstream
MEX,202604,209.04154517167478,317.8786670151658,160.24914688259673,333.0126461703936,216.20532645247658,355.07857388286294,152.06482843116606,164.23211199697784,207.8093098457295,chips+upstream,downstream
MEX,202605,212.7837598378871,334.27321492171365,163.11789102252152,350.18772694064967,219.67105980383857,371.90511399873134,157.09526665774933,169.30091489103498,214.6838245305045,chips+upstream,downstream
MEX,202606,220.62305138553694,345.7210083717579,169.12741310887597,362.18054176338654,228.08132529029245,384.13269218377025,156.70212437031944,168.41917754330044,214.14656270431595,chips+upstream,downstream
NLD,201801,100.71133500834652,101.87723487416393,93.17778369100685,71.01576460962829,100.71133500834652,101.87723487416393,101.15766498946795,101.15766498946795,76.21533996250487,chips+downstream,upstream
NLD,201802,101.99942556596785,104.02280949012126,94.36952068210643,72.51138452969602,102.00621791552882,104.11983954577376,101.98372090129546,102.07205175668332,76.83771625158316,chips+downstream,upstream
NLD,201803,104.7253964743205,101.65596118662428,96.89157967005858,70.86152092478515,104.74067071607196,101.75038228163078,97.06906310118494,97.14505510228479,73.13485977428313,chips+downstream,upstream
NLD,201804,105.6006185136507,102.46746430285485,97.70133211605238,71.42719699906606,105.63164658601984,102.42171117416288,97.03301528447881,96.961199114469,73.10770022482684,chips+downstream,upstream
NLD,201805,106.21532609946598,101.74975554713306,98.27005747809402,70.92690234425369,106.23296385067422,101.85772684909165,95.79573803864133,95.88146951474252,72.17549695650116,chips+downstream,upstream
NLD,201806,107.42978289451897,102.35508521332792,99.39366876318066,71.34886068596582,107.4787709170975,102.61227471669756,95.27626553413621,95.47213262779711,71.78411016899324,chips+downstream,upstream
NLD,201807,108.22380293348235,104.59197267843462,100.12829339536059,72.90813223349514,108.28587576974009,104.85230077106232,96.64414836976302,96.82915710449721,72.8147157623215,chips+downstream,upstream
NLD,201808,108.15997293448282,105.28397042356401,100.06923809796749,73.39050446355421,108.24887658385674,105.53987009852356,97.34097334449137,97.49742762158405,73.3397254326101,chips+downstream,upstream
NLD,201809,107.76112724350067,113.10069229434679,99.70022742486553,78.83932216144423,107.87027744317655,112.82085397051185,104.95500110979785,104.58937961844323,79.0763714364221,chips+downstream,upstream
NLD,201810,108.46474379475144,113.66086482159992,100.35121105851933,79.22980272744434,108.59552577123499,113.3759648128767,104.79060830741567,104.40205893170229,78.95251277161155,chips+downstream,upstream
NLD,201811,108.66539796992738,112.26944492138485,100.53685561709548,78.2598829192666,108.80402228589968,111.25105960947226,103.31664634629587,102.24903204142822,77.84198385647456,chips+downstream,upstream
NLD,201812,107.94492985078637,116.0812835254726,99.87028097029902,80.91700875677243,108.12724038306409,115.0974661025443,107.53750424955876,106.4463179627878,81.02210985151508,chips+downstream,upstream
NLD,201901,107.61090556926428,113.67131318347228,99.56124284416724,79.23708598761723,107.89496721592585,112.55040366113175,105.63177828692018,104.31478554128402,79.58627647069325,chips+downstream,upstream
NLD,201902,107.09591870088396,110.39759140465846,99.08477874981607,76.95506630452692,107.4459980986278,108.63936339366693,103.08291178956686,101.11066518637921,77.66588095113427,chips+downstream,upstream
NLD,201903,105.57492088677232,109.82176440818546,97.67755675930186,76.5536734468595,105.98072474432956,107.71975762996809,104.02258745329094,101.64089544568958,78.37386190514974,chips+downstream,upstream
NLD,201904,103.91375353692212,108.09641161221172,96.14065039234647,75.35097837785044,104.37739332551521,106.16737130916974,104.02512461818006,101.71490964338632,78.37577348431269,chips+downstream,upstream
NLD,201905,103.17973609933111,107.32373576567898,95.4615399623277,74.81236770487044,103.73243970310601,105.46819579922764,104.01629217422929,101.67330114001905,78.36911884555171,chips+downstream,upstream
NLD,201906,102.18387721582596,105.4925443461043,94.54017471951447,73.53589549821591,102.7846269963129,103.51496126976221,103.23795418653961,100.71054815763014,77.78269472886538,chips+downstream,upstream
NLD,201907,101.32240827962278,104.3047620269177,93.74314659763117,72.70792573940746,101.97231004842277,102.48946506114139,102.94342959068287,100.50715239506984,77.56079071197375,chips+downstream,upstream
NLD,201908,100.80639551161077,103.11618946454158,93.26573334443941,71.87940512422368,101.50692089500318,101.03813429130433,102.29131687648209,99.53817276736848,77.06946865336495,chips+downstream,upstream
NLD,201909,100.38272718009694,99.90705622190077,92.8737568489709,69.64240829915468,101.20898967242229,97.74522819251555,99.52614262278134,96.57761480366743,74.98610012342401,chips+downstream,upstream
NLD,201910,99.62707589837633,101.14024343135218,92.17463086014195,70.50202853417751,100.60088942513754,98.6104166828755,101.51883162215795,98.02141635761257,76.48745416854598,chips+downstream,upstream
NLD,201911,99.62318878939541,104.23420450837075,92.17103452016912,72.6587420710957,100.78780181808173,101.4256994939835,104.62845626104489,100.63291158691322,78.83034236227036,chips+downstream,upstream
NLD,201912,99.77980544689832,108.9429478750148,92.3159357175766,75.94107507655839,101.1327411314231,105.00072844512252,109.18336369476386,103.82466377399275,82.26215169273262,chips+downstream,upstream
NLD,202001,99.3719756346279,112.4708635918938,91.93861296609755,78.40028622831319,100.75429566830185,108.35490487169763,113.1816720696266,107.54370734565812,85.27460193164255,chips+downstream,upstream
NLD,202002,99.85751175855751,114.02124353730372,92.38782933211964,79.4810126280306,101.34273369243367,109.59848113381679,114.18394222859496,108.1463634743055,86.02974353072949,chips+downstream,upstream
NLD,202003,100.7811026489691,117.14093772125449,93.2423324741803,81.65566399244113,102.14583076971108,112.22046205897101,116.23303837949499,109.86298825252427,87.57359648317718,chips+downstream,upstream
NLD,202004,101.77746697318646,119.17251466992805,94.16416534901674,83.07181933422629,103.13315253249256,113.92122230995372,117.09125626139266,110.46033163202524,88.22020460365471,chips+downstream,upstream
NLD,202005,103.30089793548527,122.32745729377126,95.5736384799359,85.27104139800211,104.64170123705665,116.52883267234286,118.41858080475612,111.3598415304401,89.2202523145578,chips+downstream,upstream
NLD,202006,104.41986421635544,126.94537615548684,96.6089022669546,88.49006318707035,105.7755428244362,120.43264303911161,121.57205634021808,113.85679508069548,91.59617914149375,chips+downstream,upstream
NLD,202007,104.38636438478608,132.31976315299184,96.57790833703206,92.23639770829372,105.65370184565658,124.8218552517092,126.75962414519817,118.14243426515644,95.50465452866551,chips+downstream,upstream
NLD,202008,105.02468520207722,134.9726993978127,97.16848058030628,94.0856851974885,106.26159225008134,126.77413402245081,128.51521443564695,119.30381555368966,96.82737101125097,chips+downstream,upstream
NLD,202009,104.80637691240634,139.63505364697494,96.96650249520572,97.33568164953368,106.02136825042112,130.76771151010004,133.2314480861,123.34090162016054,100.38072854524812,chips+downstream,upstream
NLD,202010,105.16205778339112,139.84955036862254,97.2955772240523,97.48520130142528,106.33084097229086,131.17137278585568,132.98479824033058,123.36154927998557,100.19489485831028,chips+downstream,upstream
NLD,202011,105.6560828036764,142.9871796364665,97.75264748803274,99.67235471006175,106.7011118886571,133.97250165202564,135.33265273723657,125.5586743949082,101.96384166706486,chips+downstream,upstream
NLD,202012,106.66110103834632,147.1416058226047,98.68248693130721,102.56828874760487,107.51153089178732,137.6209227353669,137.95245350946172,128.00573258870747,103.9376812817887,chips+downstream,upstream
NLD,202101,108.41363618835587,146.8484024056125,100.30392647537585,102.36390486469348,109.31214319061773,137.36631994570635,135.45196671614332,125.66428206074777,102.0537365402374,chips+downstream,upstream
NLD,202102,108.40923950483806,146.1709231671535,100.2998586787793,101.89165307865177,109.11466313461212,136.98373502332092,134.8325325726782,125.54108777692637,101.58703553608223,chips+downstream,upstream
NLD,202103,107.27811206771834,145.72110256467928,99.25334343147205,101.57809574603151,108.03438833234826,137.07624463989924,135.83488724400198,126.88204816619036,102.34224080941368,chips+downstream,upstream
NLD,202104,106.92903904328308,144.92539591640255,98.93038225971816,101.02343094675489,107.62832137234216,137.06059115181773,135.53417968877395,127.34621278506621,102.11567835808208,chips+downstream,upstream
NLD,202105,107.30861723123614,145.0559174095087,99.2815667047261,101.1144138208226,107.93069487455193,137.22892485438362,135.17639230867363,127.14541031528157,101.84611018634264,chips+downstream,upstream
NLD,202106,106.41819453457626,146.27661250812844,98.45775066241008,101.96532615556335,107.06225172582431,138.4314279462248,137.45451437874357,129.29994065577267,103.56251840972882,chips+downstream,upstream
NLD,202107,106.71480470722695,144.02571484209764,98.73217338260842,100.3962884897036,107.39319040802002,136.51394794496989,134.96319956470288,127.11601864728208,101.68548412344411,chips+downstream,upstream
NLD,202108,107.2608509183733,140.91455596134995,99.23737347496419,98.22758684589441,107.95290962464385,134.360310204593,131.37557156672895,124.46196278707875,98.9824532898137,chips+downstream,upstream
NLD,202109,108.7738659860962,144.39202166146183,100.63720985574332,100.65163070517498,109.49757227942827,137.65492642079022,132.7451408961767,125.71504879533478,100.01432954018928,chips+downstream,upstream
NLD,202110,109.24755006181452,142.52004946697846,101.07546074717972,99.3467313634977,109.83035867208419,136.0931940690569,130.4560600089775,123.91218212751589,98.2896646021668,chips+downstream,upstream
NLD,202111,109.70057762069392,137.80264027878252,101.49460029968222,96.05835765675137,110.37427984885697,132.2514814136746,125.61705988026397,119.82092349302354,94.64381097429883,chips+downstream,upstream
NLD,202112,110.56715423436572,136.8331889720319,102.29635402734063,95.3825803264603,111.63334552547633,131.2092062173311,123.75573009864296,117.53585418380861,93.24142706099526,chips+downstream,upstream
NLD,202201,107.25350197072447,135.74058500559266,99.23057425366181,94.62095672931383,108.02310711999024,130.26525813511233,126.56051551831278,120.59017890534835,95.35463987886992,chips+downstream,upstream
NLD,202202,108.2747781311327,135.29762129913826,100.17545547438453,94.3121791466966,109.07857955654485,129.9148047698068,124.95765277420186,119.10203203779413,94.1469930933459,chips+downstream,upstream
NLD,202203,109.12271210547185,133.8241864017152,100.9599610957099,93.28508898300836,109.78059029178317,127.67829020039517,122.63641896323865,116.30315510332213,92.3981031396934,chips+downstream,upstream
NLD,202204,110.58609351349007,131.1546876339348,102.31387658379732,91.42425622333889,111.17853282134907,125.40770010365225,118.5996208627585,112.79848449265631,89.35665354098904,chips+downstream,upstream
NLD,202205,110.36430745515815,131.12243846215043,102.1086808789919,91.40177622969631,110.60600445256333,124.94015088457076,118.8087358002282,112.95964581936875,89.51420725728084,chips+downstream,upstream
NLD,202206,112.65040652187739,131.8782248643064,104.22377193917221,91.92861374444593,112.64336346448079,125.32853004933524,117.06857430531763,111.26135281716299,88.20311531048591,chips+downstream,upstream
NLD,202207,114.80176229976367,130.9316435923385,106.21419896804312,91.26877847430941,114.66483118126483,124.01295544473116,114.05020355912083,108.15256444993896,85.92898064577001,chips+downstream,upstream
NLD,202208,117.50326339534807,133.97824437708746,108.71361856867219,93.39247847908948,116.90683566125746,126.55050933307636,114.02087100024461,108.24902463339428,85.9068805810151,chips+downstream,upstream
NLD,202209,117.08694301375498,133.05841839192814,108.32844037141142,92.7512935693834,115.87622576144409,125.23937128661022,113.64069721787585,108.08029901184577,85.6204457955633,chips+downstream,upstream
NLD,202210,120.83249310925169,136.4287959155837,111.79381054620951,95.10068926275046,119.21138478160893,125.69630693650109,112.90737483354786,105.43985137558155,85.06793783850938,chips+downstream,upstream
NLD,202211,124.0574486224814,139.51171557557797,114.77752838889262,97.24970613737385,122.19594190963782,127.8224943276315,112.45734707967868,104.60453295753015,84.72887289214795,chips+downstream,upstream
NLD,202212,126.67147228871318,137.72836264406703,117.19601417021137,96.00658079974076,123.93821424003274,126.00475384335806,108.72879280202308,101.66739501290783,81.9196638038425,chips+downstream,upstream
NLD,202301,150.69386938425927,138.1102712777346,139.4214540387501,96.27279860261321,142.84915520634416,126.2199731542015,91.64956201739213,88.35892166941976,69.05163862073596,chips+downstream,upstream
NLD,202302,150.43582013517263,123.16984470438932,139.1827077535278,85.85824604815244,142.67996299662803,107.19366255520248,81.87534364735491,75.128742889943,61.687437637867205,chips+downstream,upstream
NLD,202303,150.17602031242689,127.8517535182002,138.94234184352612,89.12187343906092,143.4364235944799,110.95817885338548,85.13459955338864,77.3570450746066,64.14306269533593,chips+downstream,upstream
NLD,202304,152.31306829840113,131.6857655837198,140.9195313521143,91.79445577496475,145.39425201385757,113.69367120058496,86.45729946542096,78.19681289033956,65.13962606474955,chips+downstream,upstream
NLD,202305,152.02063264921662,134.26948272630602,140.64897088679035,93.59549256834059,146.51878357936266,115.5708907206489,88.32319691507212,78.8778666443469,66.54545140161493,chips+downstream,upstream
NLD,202306,153.79549404953133,135.74319239624344,142.29106660150146,94.62277426824616,148.0800788982825,116.84757626130084,88.26213878055884,78.90836980277709,66.4994482986381,chips+downstream,upstream
NLD,202307,149.50035635022257,133.77576170011326,138.31721984993064,93.25133348096219,144.95645486308362,115.64661690483766,89.48190155930294,79.78024642922585,67.4184556211704,chips+downstream,upstream
NLD,202308,129.16068086958947,141.91099363940842,119.49902146021967,98.92217561914262,129.863656694197,117.7643012504096,109.87166735571226,90.68303191840735,82.78074113943525,chips+downstream,upstream
NLD,202309,133.0788709162637,146.94379252460888,123.12411752908828,102.43039864267145,133.97478295419847,121.40948882656906,110.41857472405918,90.62114985330854,83.19279820906907,chips+downstream,upstream
NLD,202310,131.88011696571456,148.08869844889657,122.01503446218474,103.22848046850633,132.49607124192605,123.18643615903753,112.29039058813984,92.97365197652545,84.603082663964,chips+downstream,upstream
NLD,202311,131.50122158337433,153.39098529862136,121.66448174660121,106.92455599782242,131.8332350662362,127.94445813015017,116.64605351317478,97.05023021385145,87.88477496704535,chips+downstream,upstream
NLD,202312,132.62835830976007,160.53309921536092,122.70730480194703,111.90312340154917,132.48203021403853,134.10296941636756,121.03979967875946,101.22351627591321,91.19516037139263,chips+downstream,upstream
NLD,202401,134.026623707373,161.5163995159995,124.00097517927445,112.58855447726474,133.3976993493629,135.1172700156824,120.51068291375174,101.2890557143838,90.79650729721261,chips+downstream,upstream
NLD,202402,134.18786744772788,183.36464678896712,124.1501573379567,127.81835520150386,133.99813933456286,158.87278749177554,136.6477091234763,118.56342803022537,102.95464616574084,chips+downstream,upstream
NLD,202403,135.72030787026478,187.22410165123227,125.5679659907629,130.5086729978069,135.60802093952637,162.563511986102,137.94847992107418,119.8775049291489,103.93468745635927,chips+downstream,upstream
NLD,202404,138.39912654216212,191.93626588953487,128.0463998903512,133.79339059700894,137.93580474992424,165.49173105531713,138.68314828638975,119.97735566581238,104.488209517471,chips+downstream,upstream
NLD,202405,140.74912169529782,195.30926740388173,130.2206073917774,136.14461540073125,140.25194381460784,166.82656110054964,138.7641109595689,118.94777110616695,104.54920932071148,chips+downstream,upstream
NLD,202406,142.52646021203134,207.0156557438977,131.8649949261514,144.3048105592504,141.61762373967684,174.19236409857865,145.24717405871735,123.00189729124467,109.4337512696722,chips+downstream,upstream
NLD,202407,144.72037454907036,227.04858414802067,133.89479698881178,158.26920338700978,143.6427291670792,187.42196764912728,156.88778090540063,130.47786597755734,118.20414754445964,chips+downstream,upstream
NLD,202408,164.20482196511782,226.81406263810064,151.92174128977655,158.10572501654804,156.4542852578997,191.28327743646201,138.12874672236055,122.2614498037878,104.07050608706237,chips+downstream,upstream
NLD,202409,165.15972991441143,243.1894846865833,152.80521886791342,169.52057269095502,156.58057700417785,204.14093065099533,147.2450244454918,130.37436351096628,110.93899406504599,chips+downstream,upstream
NLD,202410,167.52650509558754,249.94603923115523,154.99495119405717,174.23037746433835,158.72694490803306,209.65978452409817,149.1979069751026,132.08833865326127,112.41035667426225,chips+downstream,upstream
NLD,202411,169.54032327464085,255.64031218643808,156.8581289055362,178.1996955196902,160.89366122915024,213.85812675067473,150.7843722654242,132.91892615091322,113.60564910665639,chips+downstream,upstream
NLD,202412,167.91572456741198,271.62410733471404,155.355055722023,189.34155106004258,158.70810186187313,226.80048777888834,161.76216255772218,142.9041650162746,121.87665871578179,chips+downstream,upstream
NLD,202501,169.62557473945813,284.13789830052247,156.93700327004967,198.0645639559031,160.47012025395594,235.07785621066515,167.50887873892438,146.49322617733253,126.20641392972382,chips+downstream,upstream
NLD,202502,171.05562919416494,290.34665911351595,158.26008477458922,202.39251707474898,161.54743290838056,240.8708254444408,169.73814920989474,149.10223029111668,127.88601583464197,chips+downstream,upstream
NLD,202503,172.4769054789565,306.96988837532274,159.57504474625966,213.980104211036,162.554419295912,252.84328934739034,177.97738631899063,155.5437806259316,134.09371405866492,chips+downstream,upstream
NLD,202504,172.37091083066662,305.49667586537015,159.4769788591384,212.9531690674195,162.6267959947173,253.7861974896068,177.23215268351362,156.05435496487962,133.5322317934773,chips+downstream,upstream
NLD,202505,181.80111832340947,311.03070375558264,168.20177467132063,216.8107847798981,167.52966322142422,261.1237033866297,171.08294306654605,155.8671451762558,128.89922547105303,chips+downstream,upstream
NLD,202506,190.34221349932196,321.20385236068387,176.10396680013633,223.90220149896194,174.31464922636118,269.69258032143,168.7507182224862,154.71595847989408,127.14205453024958,chips+downstream,upstream
NLD,202507,198.46859032443928,328.98720910797306,183.62246292512208,229.3277613045552,182.32111688584004,279.04199626512474,165.76285878293044,153.0497404970628,124.8909080356203,chips+downstream,upstream
NLD,202508,205.35777875690377,336.8357013187514,189.99631656844397,234.79872521587043,189.4110148894603,285.4590676208116,164.0238336028591,150.70880000690806,123.58067222386751,chips+downstream,upstream
NLD,202509,211.94047969411676,341.19378990616985,196.08660902638218,237.8366266042846,197.50063784362703,289.6963839009151,160.98566465386793,146.68123964758277,121.2916209756502,chips+downstream,upstream
NLD,202510,219.91854114115736,357.3987349470413,203.46788426937545,249.13263953549475,206.34755723745064,300.4240346779965,162.5141441428718,145.5912726566901,122.44322509672473,chips+downstream,upstream
NLD,202511,219.92980640977802,369.83971868543796,203.47830685748502,257.80490055405767,205.1027090237695,308.31654034272947,168.1626173017879,150.32299758995305,126.6989609534262,chips+downstream,upstream
NLD,202512,227.0931776120961,389.28230909104997,210.10583346442223,271.3577853114012,215.21035537505514,322.52875534807004,171.4196406886311,149.86674539242645,129.15290396130334,chips+downstream,upstream
NLD,202601,226.64054901948236,388.11093404874765,209.68706303414805,270.5412526053802,216.31749074204873,321.7623379518726,171.24514378730396,148.74540974384882,129.02143255319564,chips+downstream,upstream
NLD,202602,226.06530139280116,391.1810042744488,209.15484589172587,272.681312499553,216.3265220727927,324.2752167659564,173.03894134321385,149.90081366760916,130.3729355812837,chips+downstream,upstream
NLD,202603,213.80066812176528,393.7929212815011,197.80764901578934,274.50200662795,211.52730007755446,324.6595776947072,184.18694606568084,153.4835350215664,138.7721900511738,chips+downstream,upstream
NLD,202604,220.23363059310864,402.85366562467146,203.7594039557623,280.81799751892174,217.80822038569704,330.1791280633545,182.9210482249014,151.59167430809998,137.8184231339278,chips+downstream,upstream
NLD,202605,221.43049674279024,409.04376584746166,204.8667404357412,285.1329428634303,219.82333627114025,333.97038483918845,184.7278364382661,151.9267201127609,139.1797137285276,chips+downstream,upstream
NLD,202606,217.18805613348943,405.33371696737754,200.94164885213135,282.5467717891593,216.01621551210206,330.041584253244,186.6279961169913,152.78555985754403,140.61135329743385,chips+downstream,upstream
PHL,201803,103.23870364525148,101.15030606945865,55.01051339993835,,102.45134978780177,101.15030606945865,97.97711759054147,98.73008630824498,,downstream+upstream,chips
PHL,201804,104.37811528281577,99.20536722893812,55.61764635437427,,100.62772257511159,149.6905937274638,95.04422163605663,148.75681362631474,,downstream+upstream,chips
PHL,201805,105.99057667405216,102.14363340037713,56.47684281691696,,101.77244218863007,151.98199846837966,96.37048557108491,149.33511980255787,,downstream+upstream,chips
PHL,201806,108.48806849961706,128.73690646298027,57.80762577607312,,103.40912677482692,200.86870461674204,118.66457596987699,194.24659203837305,,downstream+upstream,chips
PHL,201807,112.85445067267507,133.5119556369344,60.13424279623276,,107.61017590582978,222.46078872593654,118.30455497424262,206.7283942743604,,downstream+upstream,chips
PHL,201808,116.96073596027506,134.9802481262456,62.322267770022506,,111.28887807983156,228.6705452783369,115.40646270564744,205.47475113757838,,downstream+upstream,chips
PHL,201809,127.60774451691287,131.9398901711736,67.99550257629008,,121.89151882047187,225.41338684145907,103.3948924265224,184.92950865060558,,downstream+upstream,chips
PHL,201810,129.58242299723634,125.4675935906338,69.04770560835905,,123.19140900314342,217.77238776977788,96.82454663879044,176.77562870006713,,downstream+upstream,chips
PHL,201811,136.8706426893657,122.01805751269912,72.93121724575084,,129.590117124914,211.5385272798713,89.14845076721441,163.23662017834732,,downstream+upstream,chips
PHL,201812,143.765556257261,119.40252537685927,76.60515659045093,,137.10008995143255,206.7289584556686,83.05363849682787,150.78688754245306,,downstream+upstream,chips
PHL,201901,140.30398766855583,121.68630525930959,74.76066747435256,,129.80904547258228,212.51423521146276,86.73046809387391,163.71296348246327,,downstream+upstream,chips
PHL,201902,142.5105654934255,125.15401907767179,75.93643755589197,,136.1914477769645,221.1439537482325,87.82087043465249,162.37726917360584,,downstream+upstream,chips
PHL,201903,140.7463308349522,127.94897912216913,74.99636904579066,,134.24597276183283,225.79183555934742,90.90750598124647,168.19263245976626,,downstream+upstream,chips
PHL,201904,144.0914932991926,135.87101084668163,76.77883141761967,,141.958924349264,213.6817801840824,94.29495644448497,150.5236681410444,,downstream+upstream,chips
PHL,201905,144.60095683596464,135.32813358712949,77.05029792898425,,140.42495079490376,220.1174437361436,93.58730159762757,156.75094952152335,,downstream+upstream,chips
PHL,202304,110.33797603407953,145.8414454799489,58.79334488741412,,21.37041629099756,584.8966962483033,132.17701712681733,2736.9457304146913,,downstream+upstream,chips
PHL,202305,111.20606458426711,157.76442294388892,59.25590393878036,,21.892153028422968,633.9962134431885,141.8667439888963,2895.997541311081,,downstream+upstream,chips
PHL,202306,105.720089646245,166.19886873239344,56.3327144063276,,21.14188441693279,668.6156130589005,157.20651513682907,3162.5166417209157,,downstream+upstream,chips
PHL,202307,102.1988989549488,164.11339864993943,54.456455785598614,,20.13506868771074,660.0512947947971,160.58235492564717,3278.1179196952703,,downstream+upstream,chips
PHL,202308,73.7161026804747,161.48924015047675,39.279461201196554,,7.069956395926204,649.2858488369483,219.06915080746754,9183.732012987728,,downstream+upstream,chips
PHL,202309,76.7276006345623,158.5551538804661,40.88413118161859,,7.440715766740781,637.2669991414632,206.6468292624339,8564.592696713127,,downstream+upstream,chips
PHL,202310,72.55629569164269,155.35517810757557,38.66146062924322,,6.744330023393181,624.1748408242228,214.11674428339094,9254.80868609971,,downstream+upstream,chips
PHL,202311,72.50039563794297,155.34932780365492,38.631674410078055,,6.459956222605837,624.1352906251774,214.27376559356745,9661.602480231852,,downstream+upstream,chips
PHL,202312,71.87235532069862,156.56385708497007,38.297024525222966,,6.104432725790742,629.0538526769187,217.8359904672291,10304.869935239294,,downstream+upstream,chips
PHL,202401,77.76020900736306,156.56385708497007,41.43435425419838,,28.093443939016076,287.71383734294335,201.34186762556817,1024.131601549098,,downstream+upstream,chips
PHL,202402,80.97319224184632,156.84150002220468,43.14638521771822,,36.28658116625043,289.0462059158136,193.69558699595174,796.5650017881841,,downstream+upstream,chips
PHL,202403,78.58612411125682,151.29866253511125,41.874441278596514,,42.00543883611781,255.44672386031868,192.5259252141167,608.1277352128892,,downstream+upstream,chips
PHL,202404,75.40470287240922,155.25353763317443,40.17922805418555,,48.78611885677048,235.46566122571414,205.89370651837967,482.64889018331183,,downstream+upstream,chips
PHL,202405,72.76232822996268,148.44445653365744,38.77124460860256,,52.503274023111736,199.96407411827678,204.01279088335954,380.86019936633545,,downstream+upstream,chips
PHL,202406,73.57800155438566,153.21988554901665,39.20587432361068,,57.10332929169083,141.19385480225273,208.2414340049222,247.2602850895386,,downstream+upstream,chips
PHL,202407,72.61677628447731,148.5224094696784,38.6936875784889,,61.8494834024083,140.53642669561566,204.52905935653163,227.22328298403127,,downstream+upstream,chips
PHL,202408,74.9941454634531,148.7980478657735,39.96046345283575,,101.01115738998563,133.8141887079522,198.41288536088095,132.47466137955442,,downstream+upstream,chips
PHL,202409,73.47548999474095,146.90665035958716,39.151251267272606,,102.3982164559728,124.04716554186341,199.9396674593148,121.14192007943694,,downstream+upstream,chips
PHL,202410,74.1400665815698,142.2179738679021,39.50536942203612,,105.68702084139888,123.2159289846113,191.82336950214653,116.58567722286115,,downstream+upstream,chips
PHL,202411,71.88930827676893,142.5290568735175,38.30605787012314,,106.31962690166803,115.59451541633696,198.26182820509328,108.72359016388104,,downstream+upstream,chips
PHL,202412,73.92392244364558,140.23737948404425,39.39019749933884,,113.69554623513577,101.92239788181814,189.7050032632554,89.64502239254881,,downstream+upstream,chips
PHL,202501,76.57010994170275,141.86191411646874,40.80021261654551,,119.14913747292238,100.85821282314458,185.27061568081385,84.64871417643745,,downstream+upstream,chips
PHL,202502,74.70590529610165,94.0559506541096,39.806875321363535,,114.97171918022313,99.99289126128126,125.90162756386233,86.97172832958867,,downstream+upstream,chips
PHL,202503,73.41747953090474,73.20060662163195,39.12034052076455,,113.18689529335842,100.70871299279449,99.70460316717697,88.97559450833693,,downstream+upstream,chips
PHL,202504,74.48950800374287,59.636467032547046,39.691568505889386,,112.72293066968608,96.25893749706911,80.06022409162709,85.39428217949578,,downstream+upstream,chips
PHL,202505,76.39036530273343,61.94676142552669,40.70443608583115,,112.40546142942299,94.41018223545552,81.09237490884219,83.99074300738819,,downstream+upstream,chips
PHL,202506,75.93426450949889,63.849037770921605,40.46140379356055,,110.23236371397667,99.09218355932471,84.08462001094973,89.89391157069105,,downstream+upstream,chips
PHL,202507,76.53618156199411,67.32288311599773,40.782133954951554,,110.1351568886783,102.01956185214367,87.96216605275292,92.63124031798706,,downstream+upstream,chips
PHL,202508,77.31876273643194,70.50282397669444,41.1991305915122,,109.27884537081789,103.50752346474555,91.1846251562871,94.71871990732662,,downstream+upstream,chips
PHL,202509,79.14265812224339,74.07605790334841,42.170989187354635,,111.0860189743144,104.02885159150482,93.59814246942638,93.64711468826572,,downstream+upstream,chips
PHL,202510,80.63485688264825,74.05173277785467,42.96610397479606,,112.0160212514753,103.69619362780944,91.83588294281428,92.57264493889862,,downstream+upstream,chips
PHL,202511,82.98761500584158,79.58658157581081,44.219765902860125,,113.9732969464298,101.481194761066,95.90175783483915,89.03944825669527,,downstream+upstream,chips
PHL,202512,80.7735536466449,85.1560641638848,43.040008236714954,,108.49086546986948,100.10081514718404,105.42567501290311,92.26658365536262,,downstream+upstream,chips
PHL,202601,80.2138479655349,88.84674285620657,42.74177031059257,,106.60406978044578,95.1825927057747,110.76234978077719,89.28607782217513,,downstream+upstream,chips
PHL,202602,78.56743609265132,115.15629261848848,41.86448340948719,,105.00581462062395,98.72900646718185,146.57000195690418,94.0224184954713,,downstream+upstream,chips
PHL,202603,80.82293318100689,108.85135258499201,43.06632001166747,,104.96470916992186,98.62336205191411,134.67879511526033,93.9585912559029,,downstream+upstream,chips
PHL,202604,81.45030284020359,146.2855547758273,43.400612537874935,,104.32957373445184,100.78209729074175,179.60099554549632,96.59974030686695,,downstream+upstream,chips
PHL,202605,80.42295984556007,139.37948391673564,42.853195110324066,,103.31140722762233,101.60414215596506,173.3080754356623,98.34745734525161,,downstream+upstream,chips
PHL,202606,80.36173761049075,131.18788916092953,42.82057297866472,,104.44124814047888,101.52947296944845,163.24670553639663,97.21204483585457,,downstream+upstream,chips
SWE,201801,100.41381240386077,100.24347929899243,75.02965734055667,85.98763388282404,100.41381240386077,100.24347929899243,99.83036884987169,99.83036884987169,114.60486017219772,chips+downstream,upstream
SWE,201802,102.12490616887466,102.37310307694668,76.30819438434705,87.81439918474156,102.15644142836109,102.40870795735724,100.24303269141966,100.2469413827155,115.07859659532811,chips+downstream,upstream
SWE,201803,104.32984456219276,104.61009043146862,77.9557343805611,89.73325965313586,104.40583961626064,104.6890924272834,100.26861524662657,100.27129977792798,115.10796526536423,chips+downstream,upstream
SWE,201804,106.95879225775529,105.69453741402258,79.92009605593474,90.66348504787753,107.1220254872955,105.80581196058657,98.81799820562105,98.77129514614617,113.44266276209638,chips+downstream,upstream
SWE,201805,109.74699179982434,106.72058873340393,82.00345143534362,91.54361935499588,109.96134420874948,106.70582060688743,97.24238175754239,97.03939268359451,111.63386144444699,chips+downstream,upstream
SWE,201806,112.89064736747922,106.89384506637619,84.35240517379177,91.69223652422905,113.04728711525345,106.91255694086902,94.6879547234924,94.57330615273413,108.70138952803418,chips+downstream,upstream
SWE,201807,114.76431143781821,107.24747076163001,85.75241548913999,91.99557233247998,114.94799569890988,107.26138179428024,93.45019319855285,93.31296395566248,107.28044429737452,chips+downstream,upstream
SWE,201808,117.49224769766052,107.9366442742839,87.79074186997342,92.58673696585298,117.80548463545331,107.91562352813418,91.86703496560405,91.6049230322993,105.46298504115946,chips+downstream,upstream
SWE,201809,119.27317653588534,108.86659166697636,89.12145999809806,93.38443449682774,119.57742318584685,109.51730720750803,91.27499981877486,91.58694366351796,104.78333108414142,chips+downstream,upstream
SWE,201810,121.52756464351096,107.87583886465517,90.80594904575494,92.53457882711103,121.94745005683191,108.79397394967279,88.76656022944114,89.21381619621474,101.90365256849535,chips+downstream,upstream
SWE,201811,123.85625835390816,109.14602377342737,92.5459595777671,93.6241279495355,124.67622947720061,110.2420609732726,88.12313985907146,88.42267803216846,101.16500858242483,chips+downstream,upstream
SWE,201812,124.56952952641399,107.67084779270637,93.0789190420365,92.3587399858493,125.79611978333133,108.39989618794456,86.43433767635416,86.17109683084846,99.22627049862713,chips+downstream,upstream
SWE,201901,129.65471258232074,108.13980501182279,96.87859095036072,92.76100576858231,131.32893192382028,108.89934765553653,83.4059964794279,82.92106397294509,95.74974703762135,chips+downstream,upstream
SWE,201902,133.1824549113778,107.64796991409729,99.51453606387133,92.33911562061766,135.28928882141417,108.34935087360866,80.82744081097495,80.08716123612193,92.78957554638222,chips+downstream,upstream
SWE,201903,136.57097684894245,105.34977748214531,102.04645506764237,90.36775418331617,139.91295681734283,105.9766583255622,77.1392135524299,75.74470637763402,88.55550555226552,chips+downstream,upstream
SWE,201904,136.487066112087,105.87581893069577,101.98375658341259,90.81898612180697,140.34937790995602,106.21310396476619,77.57205275681402,75.67764499313232,89.05240321043289,chips+downstream,upstream
SWE,201905,133.32428130842706,106.21613298546566,99.62050939281589,91.11090336721156,137.61631540532812,106.49814339555539,79.6675083811249,77.38773057677147,91.45797780249255,chips+downstream,upstream
SWE,201906,131.05376547470024,106.58395026218845,97.92396963486243,91.42641254095324,136.2586769363749,106.7545354765791,81.32841500289767,78.34696320031598,93.36469189501081,chips+downstream,upstream
SWE,201907,131.02721101468651,107.02036617601675,97.90412802156246,91.80076478891321,136.5837445307534,107.22987651789215,81.67797005464851,78.50852009240977,93.76597968238374,chips+downstream,upstream
SWE,201908,129.80182613518193,107.6207951848729,96.98851486617554,92.31580546933647,135.5383825082173,107.77159739457029,82.9116187262199,79.51371072916295,95.18220337399076,chips+downstream,upstream
SWE,201909,129.80916021935062,106.33325337959715,96.99399492722402,91.21136781279164,135.98494850043926,106.62009270448758,81.91506146401068,78.4058043777861,94.0381596625944,chips+downstream,upstream
SWE,201910,130.94820084258146,107.6096980655768,97.8450912616034,92.30628649575475,137.49442384727476,108.05537108389152,82.17730169117719,78.58891150663435,94.3392103840551,chips+downstream,upstream
SWE,201911,132.1124504762778,106.514461218438,98.71502388326078,91.36680568677514,138.85697492007475,106.77772123393116,80.62409018562852,76.89762886984379,92.5561298499248,chips+downstream,upstream
SWE,201912,133.79047674770032,108.08117496462582,99.96885274543875,92.71071362920166,140.84401049315173,108.98970342799367,80.7839074887545,77.38327178158073,92.73959946832714,chips+downstream,upstream
SWE,202001,133.22034912448768,107.7038751773739,99.54285079226139,92.38707047358534,140.4205687493701,108.62276660633898,80.84641414408101,77.35531024675917,92.81135685614466,chips+downstream,upstream
SWE,202002,133.48281542139236,108.59410957548062,99.73896680308467,93.15070268217994,140.72009878633483,109.48172507039348,81.35437451829249,77.80105757076481,93.3944933138199,chips+downstream,upstream
SWE,202003,133.66902481072134,108.51260925070258,99.87810330572792,93.0807926976368,140.4345928336157,110.29806384361609,81.18007100325535,78.54052311334372,93.19439358266096,chips+downstream,upstream
SWE,202004,135.20309803950255,107.91263883515516,101.0243697997023,92.56614539296032,141.90131379489094,109.3917474763519,79.81521163340955,77.09001738663993,91.62754053946406,chips+downstream,upstream
SWE,202005,137.4563078800007,108.4230484423167,102.70797844080244,93.00396852856774,143.87702045333074,109.74363396682396,78.87819054253222,76.27599850277787,90.55184411225875,chips+downstream,upstream
SWE,202006,136.4119843167081,108.38101495069452,101.92765512441073,92.96791271213259,142.282439248882,114.22784714978714,79.45124139464609,80.28246335444005,91.20970417563116,chips+downstream,upstream
SWE,202007,134.1013056698748,107.9474000340153,100.20110552983147,92.59596312536362,139.59511918769655,113.6380416494734,80.49690455643726,81.40545479722552,92.41012126138303,chips+downstream,upstream
SWE,202008,133.79116937828175,107.70272736951263,99.9693702821595,92.38608589800165,139.24118848634194,113.83687353630035,80.50062486933906,81.75517228328349,92.41439216556599,chips+downstream,upstream
SWE,202009,133.1886463848102,108.8565983192973,99.51916236098073,93.37586232507651,138.49914413568854,115.77324107146138,81.73113945822945,83.59130433184306,93.8270179429154,chips+downstream,upstream
SWE,202010,131.35082193704162,111.15544186448112,98.14593157462654,95.34778227936673,136.95227804227306,120.69350177443015,84.62485443582497,88.12814470831634,97.14899104795576,chips+downstream,upstream
SWE,202011,132.36311472158673,110.60359278420253,98.90232134745243,94.87441286915266,138.46154815208774,120.49458471066627,83.56073594735717,87.02386064491613,95.92738732172991,chips+downstream,upstream
SWE,202012,131.3633632167477,111.0666264505559,98.15530247586446,95.27159750057453,137.74289324976704,118.42155970907106,84.54916479817705,85.97289988263793,97.06209964968627,chips+downstream,upstream
SWE,202101,134.51611687193724,112.11308672926579,100.51105434669937,96.16923836407884,141.03867319216644,119.48862925630672,83.34546769291616,84.72047173437487,95.68026023521351,chips+downstream,upstream
SWE,202102,135.1577078927935,112.52528190303946,100.99045407563318,96.52281435663791,142.12319388697563,120.00567820177773,83.25480185879891,84.43778592339615,95.576176223894,chips+downstream,upstream
SWE,202103,134.95721264093117,114.86137194724849,100.8406431115286,98.52668390350006,142.23878500960788,132.34633715005597,85.10947262437175,93.04518253661706,97.70533077077926,chips+downstream,upstream
SWE,202104,120.74514870851736,115.93551077936957,90.22132430046338,99.4480670925279,126.82726543436542,133.29169364610502,96.0167029643912,105.09703350427043,110.22678714107184,chips+downstream,upstream
SWE,202105,123.14046396816781,115.82473263118504,92.01111475709253,99.35304294816537,129.75835503000755,134.643903457681,94.05903542894404,103.76511279488989,107.97939271842905,chips+downstream,upstream
SWE,202106,126.2016104407875,117.57313930058095,94.29841732445405,100.85280486402911,133.26745339174954,132.3288956917908,93.16294688311054,99.29573374738408,106.95068668758594,chips+downstream,upstream
SWE,202107,130.88345073347233,118.43969874927298,97.79670968557397,101.59612898977682,138.31559005740587,132.42571778622153,90.49249395972949,95.74171482134454,103.88501751891074,chips+downstream,upstream
SWE,202108,134.04826268353773,119.48637147351573,100.16147156918487,102.49395208646804,141.7454748655054,132.73314887218905,89.13682958771362,93.64189509268803,102.32872029607915,chips+downstream,upstream
SWE,202109,136.37918296579977,118.87896129176225,101.90314580582158,101.97292304108211,144.92258035648973,133.61493434004905,87.16796706545301,92.19745743649787,100.06847407379698,chips+downstream,upstream
SWE,202110,139.9082947265943,117.48313796353847,104.54011416495501,100.77560281485152,148.96634868621618,128.67149011068818,83.9715316330039,86.37621264499323,96.39897910943216,chips+downstream,upstream
SWE,202111,142.6192028487076,118.40211545716113,106.56571704382822,101.56389050020299,151.65735584924906,130.060810531538,83.01975687156498,85.75964535529782,95.30634552801996,chips+downstream,upstream
SWE,202112,147.42928702057483,117.42397207660358,110.15983381476516,100.72485103867926,157.4937199724595,128.577619923677,79.64765647968996,81.6398393194097,91.4351878998375,chips+downstream,upstream
SWE,202201,147.82204492876622,115.47168612893725,110.45330431014754,99.05020396461067,158.71631162078327,126.47298453665177,78.11533535784989,79.68493171567039,89.67608944181741,chips+downstream,upstream
SWE,202202,149.64199145325375,114.70916509940534,111.81317663091191,98.39612272587216,161.8557514658123,125.75872075150104,76.65573278289271,77.69802408168623,88.00047158187037,chips+downstream,upstream
SWE,202203,154.36778567266094,114.32818713296662,115.34431156599453,98.06932447301178,167.64422897831054,123.25374446455828,74.06220581242329,73.52101841841784,85.0231130963933,chips+downstream,upstream
SWE,202204,175.67531413640813,114.47671301331181,131.26539374719096,98.19672816161633,190.25903415043717,123.97790863165082,65.16380151420881,65.16269210828744,74.80778090738613,chips+downstream,upstream
SWE,202205,178.04530756564296,113.96948359488523,133.0362636169622,97.76163295311733,192.6487649176308,122.94608056192094,64.0115064829025,63.81877434536782,73.48495086617321,chips+downstream,upstream
SWE,202206,177.69669401325885,112.69894727108125,132.77577798502094,96.67178239116477,192.2697787196369,122.24358225382868,63.42208441011976,63.579197452596695,72.80829670760488,chips+downstream,upstream
SWE,202207,176.6579541245853,112.17311652544461,131.99962681570085,96.22073119106352,192.0249338506381,122.61467143174669,63.49734835394746,63.853515776820686,72.89469941108835,chips+downstream,upstream
SWE,202208,178.08657485432352,112.13060465509402,133.06709872276045,96.18426502718987,193.97170468857692,123.18822442678197,62.96409751651291,63.50834758325273,72.28252960379457,chips+downstream,upstream
SWE,202209,178.53525698643756,112.53428967851029,133.4023560526181,96.53054111656985,194.04726486988238,122.51828000970204,63.03197003102808,63.1383699697371,72.36044697628516,chips+downstream,upstream
SWE,202210,178.22317965658428,112.43003682841682,133.16917045232964,96.44111429332142,193.33822867158884,122.51507452007353,63.0838463577278,63.36826160137319,72.42000078978062,chips+downstream,upstream
SWE,202211,180.31747086255388,112.79724027732738,134.73403436690003,96.75609693305258,196.49442778154224,122.36636938054286,62.55480388991621,62.27472746279952,71.81266217381415,chips+downstream,upstream
SWE,202212,181.63996830028418,112.92839708394095,135.72221046749044,96.86860164205902,197.62308409356152,122.82757100641433,62.17155736189603,62.15244113297187,71.37269670778164,chips+downstream,upstream
SWE,202301,180.15068209155518,114.73513264831136,134.60940903860399,98.4183973726001,196.71497887064498,124.76733390816719,63.688425331635045,63.42543644844207,73.11405500961315,chips+downstream,upstream
SWE,202302,181.46939865471265,114.70883353492273,135.59476005251707,98.39583831390303,198.60520370423313,125.60102885475044,63.21111679726383,63.241559894773964,72.56610674025562,chips+downstream,upstream
SWE,202303,181.07028683361432,114.72881136539624,135.2965418845111,98.41297505321556,199.6312518960687,124.75373005215087,63.3614787780287,62.49208421389839,72.73872168678244,chips+downstream,upstream
SWE,202304,183.8694424029469,115.6347864977467,137.38808365732265,99.19010947165627,204.20391952443802,125.99524963273339,62.889616124649436,61.70070091022664,72.19702526680489,chips+downstream,upstream
SWE,202305,186.77096678324676,117.23411170132414,139.55611587129323,100.56199112447288,209.31040616320428,127.01985287150936,62.76891624027294,60.68492016229187,72.05846228711108,chips+downstream,upstream
SWE,202306,191.09743012093037,119.75297229506256,142.78886895527435,102.72263901948692,215.74907594433492,130.12879865673537,62.66592503064035,60.314881112311085,71.94022879448863,chips+downstream,upstream
SWE,202307,194.25080088631995,121.44589049595645,145.1450819336575,104.17480360385701,219.11190323355268,132.37058717724187,62.5201491792198,60.41232138636817,71.77287870592332,chips+downstream,upstream
SWE,202308,197.8449366611946,123.21839792269877,147.8306365318605,105.69523885541793,223.28194299605303,134.38986150885876,62.280288796931785,60.1884145693028,71.49751995597912,chips+downstream,upstream
SWE,202309,206.1390951866637,123.798262553629,154.0280695064328,106.19263966327804,231.43938384732968,135.7349556306085,60.055693191787235,58.648166692384066,68.94369318758685,chips+downstream,upstream
SWE,202310,210.98036152482882,124.13994851268353,157.6454857338535,106.48573371144501,237.0480067399758,135.6185067439927,58.8395752170869,57.211409878150214,67.54759466517207,chips+downstream,upstream
SWE,202311,212.96852148129992,126.0815703615614,159.13104789608153,108.15123325164184,236.73057864676755,137.21004912401474,59.20197477289254,57.96042484598062,67.96362789131422,chips+downstream,upstream
SWE,202312,215.23762995373693,129.74222517497083,160.82653606727817,111.29129830193794,237.07375399605488,144.93294110173446,60.27859775396038,61.134114873022284,69.19958672453265,chips+downstream,upstream
SWE,202401,215.4128940062334,131.25746486794992,160.95749416445744,112.591052429346,237.5810397778769,150.3351741597722,60.93296572309722,63.277429167043806,69.95079850976477,chips+downstream,upstream
SWE,202402,213.56203660702639,132.71096354158496,159.57452509751067,113.83784586340985,234.1182186480753,151.2639078878897,62.14164542070987,64.61005416894464,71.33835792013001,chips+downstream,upstream
SWE,202403,217.68406011994009,132.16167719058674,162.65451981456954,113.36667473111515,234.80448201422973,151.4249478460114,60.71261125769521,64.48980298290672,69.69783247361104,chips+downstream,upstream
SWE,202404,219.1834261043798,132.03279218336047,163.77485289771292,113.2561187439142,235.15480970630276,151.64906517556042,60.23849272274978,64.48903399635455,69.15354631070824,chips+downstream,upstream
SWE,202405,214.62661705249678,131.57806721943575,160.3699844484,112.86606121609522,229.26979270262967,153.42007974445625,61.305568259156,66.91683101203265,70.3785447160223,chips+downstream,upstream
SWE,202406,219.64757914645165,132.78912841890963,164.12167016185742,113.90489474180963,231.2656890239112,152.64584661438417,60.455539248339036,66.0045367121457,69.40271484531944,chips+downstream,upstream
SWE,202407,215.38479025310474,132.04689651360837,160.93649491229533,113.26821726637172,226.32588172513258,151.22610563427315,61.30743789217258,66.81785771984032,70.3806910471729,chips+downstream,upstream
SWE,202408,212.13540035210073,132.03054101712064,158.508535999057,113.25418772097092,222.270198473224,150.50006649651863,62.23880634631341,67.71041171074887,71.4498982702387,chips+downstream,upstream
SWE,202409,211.26537166732285,133.63306730591523,157.85844660863737,114.62881522564349,222.04372190872118,156.0512697297857,63.25365404243611,70.27952350480597,72.61493932588303,chips+downstream,upstream
SWE,202410,207.4230000036633,134.7819116773829,154.98740902528235,115.61427991514672,216.653894016708,157.0528455990587,64.97925093890385,72.49020208561174,74.59591759243303,chips+downstream,upstream
SWE,202411,210.9609373875055,133.8912409406255,157.63097193009864,114.85027342057955,217.06068718435304,156.7835728237482,63.46731418560497,72.23029414377069,72.86022030715502,chips+downstream,upstream
SWE,202412,191.33890701529933,129.96504491982216,142.96930158905678,111.48243036136091,169.19540912239333,149.53691046563497,67.92400298880679,88.38118672443547,77.97648105031664,chips+downstream,upstream
SWE,202501,194.18280519712113,128.4426065964954,145.09427524542318,110.17650133664164,171.15821781001688,144.1108923398794,66.14520089258636,84.19747189693246,75.93442342937442,chips+downstream,upstream
SWE,202502,195.71518224909616,130.68180742037055,146.23927434837327,112.09726049204964,171.10578325115299,149.3449389319943,66.77142055032067,87.28222745854382,76.65332106682229,chips+downstream,upstream
SWE,202503,197.36218188046624,131.15240339151072,147.4699199639855,112.50093197628094,172.13047605380407,154.65747861327603,66.45265174000968,89.8489809352143,76.28737576026043,chips+downstream,upstream
SWE,202504,195.61455779675464,131.75716249109342,146.16408729991323,113.01968695571576,169.90468181659202,153.51281893259997,67.35549949610107,90.35231830651573,77.32384133717561,chips+downstream,upstream
SWE,202505,204.67379632168084,132.41855608846663,152.93319152989517,113.58702231658988,176.87831082988313,153.35735521130647,64.69736647692194,86.7021821340218,74.27231536875763,chips+downstream,upstream
SWE,202506,202.8344108152974,133.76814099122248,151.55879431344377,114.7446797854196,176.2331588763565,159.42298814286434,65.94943158487679,90.46140304090787,75.70968105493921,chips+downstream,upstream
SWE,202507,218.24403124897424,135.03114012884694,163.07293278910194,115.82806504099769,187.16801299838926,160.42724227626294,61.871630282893065,85.71295901807942,71.0283816326497,chips+downstream,upstream
SWE,202508,221.53139025854492,135.45501180374322,165.5292623929563,116.19165699380261,189.7372979885935,161.79943697600538,61.14483895291604,85.27550391580486,70.19402812172916,chips+downstream,upstream
SWE,202509,220.1790593784406,134.3088064353201,164.51879460853246,115.20845600892332,187.50397117622086,158.38463861787915,60.99980934357252,84.47001822112097,70.0275347160538,chips+downstream,upstream
SWE,202510,221.9496622933966,135.00355534574504,165.8417971598252,115.80440315050176,189.27697906287693,159.2060488725939,60.82620444237622,84.1127376719735,69.82823699076212,chips+downstream,upstream
SWE,202511,221.39763062908432,135.64560342548174,165.42931658944406,116.35514416230265,190.02629816663205,161.59948508652886,61.26786589362099,85.04058998445782,70.33526255268784,chips+downstream,upstream
SWE,202512,250.30963745796635,139.51085500806025,187.03249959253705,119.67070982574533,244.41691664154916,164.31037949778928,55.7353110431027,67.2254530314526,63.983911933196666,chips+downstream,upstream
SWE,202601,255.45805687757306,143.6572634582208,190.879421999436,123.22744842095727,249.57431622525132,172.80810881680173,56.23516643558743,69.2411428509475,64.55774390458987,chips+downstream,upstream
SWE,202602,280.1567531020154,142.48519628682723,209.33440015548058,122.2220634969238,270.07421080017167,168.3844667525637,50.8590975263563,62.34748081043237,58.386038513567215,chips+downstream,upstream
SWE,202603,279.59064255825336,144.5004595897152,208.9113997823396,123.95073177817294,270.5134140649657,167.75299400168703,51.68286687549216,62.012819061682464,59.33172239873679,chips+downstream,upstream
SWE,202604,283.6826821760386,144.74064072012303,211.96899039658268,124.15675622237114,273.90799789344,169.86711279488443,51.02202207405264,62.01612004807864,58.573075236184536,chips+downstream,upstream
SWE,202605,283.3761904757446,145.383300204484,211.739978404106,124.7080216896015,274.3298946541043,172.02830254602293,51.30399274561777,62.708551236433465,58.896776428113206,chips+downstream,upstream
SWE,202606,285.4319051578363,145.5560376028588,213.27601776457715,124.85619372306635,275.5681077647104,167.85399606734273,50.99501316167517,60.91198195208507,58.54206911387841,chips+downstream,upstream
TWN,201801,99.58687312494617,100.14769444539651,73.39829117667648,70.76151898365289,99.58687312494617,100.14769444539651,100.5631478355051,100.5631478355051,96.40758367701419,upstream,chips+downstream
TWN,201802,99.75149187613181,100.80668354673416,73.5196197680211,71.2271419823905,99.75605901485409,100.80656819724834,101.05782044033252,101.05307807141602,96.88181495923928,upstream,chips+downstream
TWN,201803,99.71739904275427,102.28707409237889,73.49449240301041,72.2731439325999,99.69853129687715,102.28499646696267,102.57695755634667,102.59428613083946,98.33817687492392,upstream,chips+downstream
TWN,201804,98.08302983443615,103.0513770015686,72.28991690748481,72.81317867945447,98.06601392675016,103.04752973220215,105.06545033888024,105.07975761018787,100.72383783846276,upstream,chips+downstream
TWN,201805,97.60868481363991,103.43589282295893,71.94031145385313,73.08486664736533,97.580824519138,103.43598470990693,105.96996877936084,106.00031842282762,101.59097892458583,upstream,chips+downstream
TWN,201806,97.97873698549537,103.05791167201494,72.21305018143956,72.81779589215618,97.9573004147234,103.08261501134544,105.1839560733177,105.23219257260348,100.83744656844873,upstream,chips+downstream
TWN,201807,98.23859378396563,103.30478776282317,72.4045718585428,72.9922315322683,98.15319667223844,103.35256999838818,105.15703022988959,105.29720223327206,100.81163337982804,upstream,chips+downstream
TWN,201808,100.61891893628999,103.66074623566936,74.15893760116703,73.24374168807556,100.49566646979744,103.7212446537338,103.02311665791738,103.20966893125265,98.76589937410718,upstream,chips+downstream
TWN,201809,102.3635788434352,103.9211044794422,75.44480040467381,73.42770343488668,102.21241569938454,103.99325985491636,101.5215623111314,101.74229729661164,97.32639365606676,upstream,chips+downstream
TWN,201810,102.3361782634382,104.28750263167981,75.42460541625896,73.686589971903,102.15333504301394,104.36641959016669,101.90677862057584,102.16643396539219,97.69569169800218,upstream,chips+downstream
TWN,201811,102.75770589539965,104.55540714705323,75.73528298749771,73.87588370008501,102.50312816559817,104.66631346782633,101.74945638965852,102.1103602796721,97.54487048299582,upstream,chips+downstream
TWN,201812,103.56185753884692,104.86915356503042,76.32796508127018,74.09756801578187,103.30211246453626,104.998032259583,101.26233350506784,101.64170872655575,97.07787694442857,upstream,chips+downstream
TWN,201901,104.76512943950964,105.72025910990332,77.21480988880568,74.69893504179417,104.43036961750349,105.86646547032086,100.91168662273755,101.3751707075991,96.74171981950805,upstream,chips+downstream
TWN,201902,106.27321024290922,106.18788422241667,78.32630732267933,75.02934567640331,105.82843425833084,106.36193130839058,99.91971069632929,100.50411503656706,95.79073524723489,upstream,chips+downstream
TWN,201903,108.9595025026338,106.08616137584048,80.30617932064376,74.95747119962245,108.3347488498782,106.29111632862393,97.36292745396496,98.11359462873156,93.33960578591945,upstream,chips+downstream
TWN,201904,110.84650567977357,106.89884817617201,81.69695306723229,75.53169263095833,110.19628111391341,107.14444706012165,96.4386270190546,97.23054714465638,92.4535001553849,upstream,chips+downstream
TWN,201905,112.93040788745363,108.39712274439883,83.23284686752378,76.5903309240257,112.26421426171012,108.69507226310576,95.9857710355809,96.82076606327642,92.0193575090967,upstream,chips+downstream
TWN,201906,116.07941259830812,110.42206028645364,85.55375079222112,78.02109432917774,115.25468364517741,110.73484042464187,95.1263086319779,96.07838651099829,91.19541061228577,upstream,chips+downstream
TWN,201907,117.50737712072865,111.65862937618742,86.6062003020585,78.89481895761145,116.61071930455536,111.96246450030382,95.02265484274051,96.0138700524507,91.09604010157254,upstream,chips+downstream
TWN,201908,119.1834968849915,113.15808634434583,87.84154711679375,79.95429270091726,118.2614066775901,113.51949975556937,94.94442544636863,95.99031750489122,91.02104337325751,upstream,chips+downstream
TWN,201909,121.664857545872,114.74707461884506,89.67037883513832,81.07702672463545,120.56288348761387,115.15237012584151,94.31406647197306,95.5122893503719,90.41673268013955,upstream,chips+downstream
TWN,201910,121.54767818180304,115.61076256335035,89.58401438956486,81.68728411717467,120.43664514842327,116.02450181314275,95.11556641207687,96.33654413916703,91.18511229241136,upstream,chips+downstream
TWN,201911,124.54943981654051,116.28546575050598,91.7963960779929,82.16401024302948,123.26369735329101,116.71129220317214,93.36490466901557,94.6842377027368,89.50679302618867,upstream,chips+downstream
TWN,201912,128.78667147554546,116.92921666563387,94.91935348524551,82.6188663718084,127.11945861084284,117.39440632560978,90.79294877796175,92.34967455690253,87.04111789451966,upstream,chips+downstream
TWN,202001,129.73944915761467,118.07666202380369,95.62157709706044,83.42961870060122,127.9943985810657,118.58205916962402,91.01060840820868,92.6462880283934,87.24978319058282,upstream,chips+downstream
TWN,202002,130.46854772819597,119.01464247708884,96.15894299178919,84.09236907163069,128.8478112590445,119.41038130176844,91.2209452388717,92.67552171429406,87.45142828661413,upstream,chips+downstream
TWN,202003,129.4211668063068,120.13510258017868,95.38699416494666,84.88405438495008,127.99780267018583,120.55114075408271,92.82492620389851,94.18219550589392,88.98912805467533,upstream,chips+downstream
TWN,202004,130.22625524734826,121.30278575865194,95.98036670456239,85.70910618327657,128.87637367861734,121.72286965141474,93.14771858274867,94.4493285906372,89.29858170587968,upstream,chips+downstream
TWN,202005,130.4515277854559,121.79526527922368,96.14639882131927,86.05707823732119,129.26701233052785,122.32465903904775,93.36438395687588,94.62944709070175,89.5062938314015,upstream,chips+downstream
TWN,202006,128.9123760435531,123.92081395935297,95.01200124288006,87.55893061757398,127.96402586297148,124.56078954911145,96.12794191109026,97.34047417552779,92.15565346713018,upstream,chips+downstream
TWN,202007,129.44544177558024,125.01668848015586,95.40488549145515,88.33324445611946,128.68753685557377,125.51592077317846,96.57867188316874,97.5354131721747,92.58775795504827,upstream,chips+downstream
TWN,202008,129.50556604759862,126.26531070757908,95.44919874967798,89.21548548961017,128.77531936847726,126.72833038460098,97.49797986379318,98.41041824325123,93.46907743414785,upstream,chips+downstream
TWN,202009,128.6138818021378,127.4694491731316,94.79200269730394,90.0662955592878,128.02190164071928,127.98180034495148,99.11017954440811,99.9686762223855,95.0146562963686,upstream,chips+downstream
TWN,202010,131.71569201362036,129.1202296592975,97.07812296529893,91.23269020627953,130.9658658978726,129.71112233666358,98.02949647483577,99.04193084770083,93.9786302202105,upstream,chips+downstream
TWN,202011,131.4765500873619,130.84354781479243,96.90186872430024,92.45033791200295,130.74233425476615,131.3017105848817,99.51854359416274,100.4278463691994,95.4061455461065,upstream,chips+downstream
TWN,202012,130.5008169496457,131.8512898806236,96.1827263041645,93.16237985881797,129.88536927553145,132.38574274970466,101.03483867959154,101.92506168178886,96.8597828722435,upstream,chips+downstream
TWN,202101,130.27246987514516,133.00799503691246,96.01442816870136,93.97967489819456,129.8823953093783,133.51898988160514,102.09984900446662,102.79991338592464,97.88078384747378,upstream,chips+downstream
TWN,202102,132.10220696039804,134.41075211581247,97.3629952152001,94.97082324382279,131.42315436908757,135.0029126320804,101.74754472959448,102.72384138105488,97.54303781833137,upstream,chips+downstream
TWN,202103,134.1826574989268,135.311979875491,98.89634503946883,95.60760520448846,133.42468896837448,135.86877769149416,100.84163065303221,101.83181144510593,96.67455876790204,upstream,chips+downstream
TWN,202104,134.64494849343419,137.22835068035252,99.23706634096644,96.9616584339601,133.69172129531472,137.76496514987008,101.91867739252343,103.046743519412,97.70709877780111,upstream,chips+downstream
TWN,202105,135.01428110757573,138.9528213784856,99.50927473453446,98.1801204936057,133.96568856541066,139.38143616305015,102.9171286463924,104.0426378243823,98.66429109801614,upstream,chips+downstream
TWN,202106,136.63176299670366,140.1397294196237,100.70140380682956,99.01875603434335,135.57833626327053,140.34498932880987,102.56746041036203,103.51579256459034,98.32907217886064,upstream,chips+downstream
TWN,202107,137.08945389924338,141.89636600083037,101.03873471279523,100.25994559419097,135.95489468055618,142.15205794881734,103.50640546363248,104.55824947150465,99.22921726918098,upstream,chips+downstream
TWN,202108,136.98135020501255,143.7217453544849,100.95905928793805,101.54970684632262,135.8775199657982,144.0292561198674,104.92066630923433,105.99932656713273,100.58503670948441,upstream,chips+downstream
TWN,202109,138.17921433718863,146.4186451421136,101.84191841991668,103.45525970578808,136.99404978812888,146.73566666648114,105.96285833903998,107.1109780997192,101.58416230850959,upstream,chips+downstream
TWN,202110,138.07511521932875,147.0262132954344,101.76519447905825,103.88455012183967,136.98268103266463,146.93461542403077,106.48277429418549,107.26510411122193,102.08259381179442,upstream,chips+downstream
TWN,202111,138.17759950367775,149.07355993412844,101.84072824277271,105.33114715876953,137.0838776390452,149.24471851078692,107.88547526486786,108.8710948954642,103.42733106510805,upstream,chips+downstream
TWN,202112,136.81011142543275,151.15346954058478,100.83285155181837,106.80075226467426,135.9339238163481,151.26628279168938,110.48413597921069,111.27927344763171,105.91860749845895,upstream,chips+downstream
TWN,202201,137.64323412522162,153.58307000931597,101.44688611868625,108.5174390106138,136.69679761200646,153.71421678398752,111.58054443096927,112.44902548506109,106.96970913789849,upstream,chips+downstream
TWN,202202,136.12512914871454,156.4553801670645,100.32800059084536,110.54693185995022,135.6245408314602,156.94844512249156,114.93497280442577,115.722747638667,110.18552269448625,upstream,chips+downstream
TWN,202203,136.08085877922883,159.79317521480593,100.29537209907684,112.90532312339636,135.73469877585106,160.615685027587,117.42516666068873,118.33060114777562,112.57281443839977,upstream,chips+downstream
TWN,202204,135.96095180507416,162.555409459184,100.20699732912018,114.85703945599178,135.6583649734672,163.80702128430931,119.56036442892666,120.74966502533596,114.61977957363092,upstream,chips+downstream
TWN,202205,135.08399327858166,165.31741053310148,99.5606545405821,116.80859103695644,135.03636189070633,166.77891998784858,122.38119892722588,123.5066745376579,117.32404891868592,upstream,chips+downstream
TWN,202206,134.15577443022968,167.27546164400673,98.8765314712541,118.19209438790806,134.24535526098148,169.15961085476218,124.68748539109777,126.00779410647405,119.53503286294936,upstream,chips+downstream
TWN,202207,134.26783550769633,169.80456235020696,98.95912359745881,119.9790851781048,134.38663248541152,171.9179206798317,126.46704380698358,127.9278433429712,121.24105470673929,upstream,chips+downstream
TWN,202208,133.32898937919921,171.58715718535353,98.2671679275276,121.23861610356369,133.6746005458459,173.88131363038227,128.69456071353304,130.07804992149337,123.3765240827716,upstream,chips+downstream
TWN,202209,132.16030379772917,172.42792411868655,97.40581419775341,121.83267816004276,132.79898360103647,175.13567373435436,130.46877100296834,131.8802817501289,125.07741880037868,upstream,chips+downstream
TWN,202210,131.35297799335862,175.82545726141737,96.81079265922907,124.23327866620836,132.02438445819112,178.54743784143855,133.85722954093004,135.23822782751176,128.32585629528475,upstream,chips+downstream
TWN,202211,130.48034649110923,176.88474612228518,96.16763900772641,124.98174211564243,131.3415300974819,179.33938885070035,135.56428295838245,136.54431215899066,129.96236925978914,upstream,chips+downstream
TWN,202212,131.5319588396476,179.6628804945241,96.94270651352274,126.94469302738317,132.26016188860567,182.42261527693168,136.59256813285475,137.9271072044919,130.9481626755236,upstream,chips+downstream
TWN,202301,132.05452280706206,181.44663109344143,97.3278506699278,128.20504058272513,132.71295796992132,183.9706947150314,137.40281456209084,138.623008279815,131.72492734634866,upstream,chips+downstream
TWN,202302,133.47795084213348,180.98630898553984,98.37695666260352,127.87979004393581,133.88654049141758,183.23122188595042,135.5926636898968,136.85559520278736,129.98957721625408,upstream,chips+downstream
TWN,202303,134.0570086336446,181.86546631481036,98.8037383362899,128.50097766477228,134.4176883543093,183.8696349707455,135.66278120662702,136.78976124487923,130.05679727158136,upstream,chips+downstream
TWN,202304,134.49596403201588,183.8774402781818,99.12726065536907,129.9225813730968,135.0951957322155,185.13150895832072,136.71595397049313,137.03781837311726,131.0664498485359,upstream,chips+downstream
TWN,202305,135.07609982988882,185.66156762296035,99.55483684968205,131.1831951263733,135.6911586415571,185.9159229762163,137.4496064490887,137.014028649673,131.76978565536393,upstream,chips+downstream
TWN,202306,135.26631509208568,185.5797902509418,99.69503078049716,131.12541355591807,136.0804150794362,184.95790683770724,137.19586441354897,135.91809426047024,131.5265289848022,upstream,chips+downstream
TWN,202307,136.4903103012943,189.5492074521849,100.59714924194975,133.9300911093584,137.47188527500847,186.25570626832467,138.87374644673764,135.48639847029494,133.13507601218242,upstream,chips+downstream
TWN,202308,137.3458132995894,191.506780125238,101.22767871035269,135.31325640970041,138.55650082414758,186.61057894889592,139.43401369469376,134.68193685530306,133.67219137453336,upstream,chips+downstream
TWN,202309,137.73279888976975,195.0781881079697,101.51289783751214,137.83671194372897,139.23183680830954,188.05845910222382,141.6352456934347,135.06857584672778,135.78246201222527,upstream,chips+downstream
TWN,202310,138.48825013117735,198.52047732305803,102.06968638249485,140.26893582057025,140.55719586133023,189.61472341102566,143.34824588729919,134.90218145650417,137.42467601490213,upstream,chips+downstream
TWN,202311,140.02408054609074,202.71820914922358,103.2016360507044,143.23493400905028,142.5258913973058,190.887827096751,144.77381915926685,133.93203524307825,138.7913404189416,upstream,chips+downstream
TWN,202312,139.1191203296503,206.81059471162513,102.53465523902385,146.12649751698697,142.12509571822642,191.98895876979455,148.6572041438849,135.08448863276544,142.51425254841294,upstream,chips+downstream
TWN,202401,138.63146966436432,209.67434087070464,102.17524315588462,148.1499392878862,142.19372066919325,191.8809169786138,151.2458472656603,134.94331259888432,144.99592534549672,upstream,chips+downstream
TWN,202402,137.16342464764713,212.99135949430777,101.09325320865244,150.49365051961303,141.42536219384664,192.76203579447602,155.28291163730532,136.29948179327556,148.86616637907588,upstream,chips+downstream
TWN,202403,135.90442674647096,217.52019004788355,100.16533679114013,153.6935936732253,140.81221616102414,193.47548345471498,160.05379313630922,137.3996438160368,153.43990106447671,upstream,chips+downstream
TWN,202404,134.4500660390183,218.62037515413934,99.09343255987065,154.47095324912945,139.08076334360956,192.14491126298714,162.60339737631236,138.15347762240748,155.8841481808601,upstream,chips+downstream
TWN,202405,136.60164884681672,217.98223851211014,100.67920884204574,154.02006400640468,141.4225651148393,191.78029372824733,159.5751151997825,135.60798700866164,152.98100350395552,upstream,chips+downstream
TWN,202406,136.3584236131113,220.09652888591503,100.4999450900588,155.51396158688792,141.33833739958283,194.2446665065976,161.41029138793303,137.43239808845448,154.74034483056744,upstream,chips+downstream
TWN,202407,133.9861189744875,220.78945002866064,98.75149068877413,156.00356000318797,138.84199096842102,194.20185308573926,164.78531635855614,139.87256429498308,157.97590387252976,upstream,chips+downstream
TWN,202408,134.56632266215365,222.93557877450488,99.17911691975009,157.51995367387022,139.29849792493658,195.46852339410395,165.66966709361137,140.32349688324388,158.8237106419551,upstream,chips+downstream
TWN,202409,134.46505512708143,224.8325911586251,99.10447993404365,158.86032879258389,139.0015100638298,198.47576529302196,167.20521993326693,142.7867691522786,160.29580993544303,upstream,chips+downstream
TWN,202410,134.64085821177784,225.2853660872328,99.23405168979217,159.180246708652,139.1179438214162,200.24309257093043,167.32318040700497,143.93764533206425,160.40889593650067,upstream,chips+downstream
TWN,202411,134.30517165056233,224.63710363386053,98.98664137163428,158.72220285497443,138.88147182068988,202.99439243388795,167.2587145179528,146.1637681201812,160.34709396702294,upstream,chips+downstream
TWN,202412,134.10439314086483,224.70949013732798,98.83866203405324,158.773349104198,138.45100406722764,204.33271577581073,167.5631087650428,147.5848565725048,160.63890975122186,upstream,chips+downstream
TWN,202501,134.5100892549516,228.02356719706304,99.1376713369523,161.11498191036904,138.68455234179137,206.4826558740185,169.5215343771464,148.88655757790318,162.51640747417426,upstream,chips+downstream
TWN,202502,135.2244362475654,230.8322561323596,99.66416490904454,163.09952180931325,139.12341305498254,207.695594110981,170.70306413388028,149.28874267115503,163.64911295665905,upstream,chips+downstream
TWN,202503,136.62801028765128,234.3619081073406,100.69863795603935,165.59347373318388,140.14410522342087,209.76822541735052,171.53284133606587,149.68037726805085,164.44460133162357,upstream,chips+downstream
TWN,202504,138.84399921416534,239.37839399437064,102.33188333636676,169.1379803071205,142.45179833292235,211.1508537704235,172.40816697099893,148.22617632172353,165.2837559445289,upstream,chips+downstream
TWN,202505,140.30303177921473,247.37469382897507,103.40723085642983,174.7879388576276,143.86699610540137,214.09116606215298,176.31457474008948,148.81186919709037,169.02873948950673,upstream,chips+downstream
TWN,202506,142.94695647607742,253.18523401713674,105.3558767839514,178.89350166770367,146.07589063572217,217.45433791463617,177.1183103569666,148.86394802610823,169.79926239383173,upstream,chips+downstream
TWN,202507,145.13538548013918,260.64779880610166,106.96880973604921,184.1663381808697,148.19307312991452,219.31539843005012,179.58942124542716,147.9930160013523,172.16825973413108,upstream,chips+downstream
TWN,202508,146.13496942598536,267.5456162404108,107.7055308641511,189.04014023918631,148.499762534536,222.69520015940145,183.0811730356694,149.96333755591706,175.51572210123777,upstream,chips+downstream
TWN,202509,148.42383033836654,273.6227797445887,109.39248492183185,193.33409151833544,150.31172429959057,224.26601644406628,184.35232342461592,149.20061458218342,176.73434482860995,upstream,chips+downstream
TWN,202510,149.3076392797411,283.6956697672193,110.04387665638477,200.45130976788033,151.33071520734148,225.93340328284262,190.00747124243944,149.29778331734335,182.1558053555269,upstream,chips+downstream
TWN,202511,150.06879039569276,294.56947486734515,110.60486616720091,208.1344318834536,151.8900845959605,228.26940316542567,196.2896309689985,150.2859148262641,188.17836782046973,upstream,chips+downstream
TWN,202512,151.13890069162298,302.8622453995446,111.39356717394205,213.99386821587214,153.49978384905953,230.69913908235557,200.3866933090185,150.29281038545844,192.10612753043344,upstream,chips+downstream
TWN,202601,152.00267905718417,309.2713664035605,112.03019581784001,218.5223712443814,154.23536927432338,233.91305811312955,203.46441807595446,151.65980359348785,195.05667168492377,upstream,chips+downstream
TWN,202602,153.73391665740942,314.3983376893529,113.30616600838829,222.1449436658169,155.85083670780386,237.70551055682296,204.50811670269118,152.52116419656053,196.0572416238769,upstream,chips+downstream
TWN,202603,154.38226390801321,326.68084062886146,113.78401593770285,230.8234116997933,156.30352446612747,242.66293166018858,211.60516263934971,155.251093978227,202.8610168111573,upstream,chips+downstream
TWN,202604,155.66219979416275,334.6430230020398,114.72736423162121,236.44926382021484,157.46363989608392,247.95613346811206,214.98027359535536,157.46881859948587,206.09665828533397,upstream,chips+downstream
TWN,202605,155.2059758170414,345.2805927884171,114.3911144904277,243.96546876679088,156.89302797620707,255.74588767388823,222.46604292829412,163.00653443483307,213.27309367827343,upstream,chips+downstream
TWN,202606,156.44072918394355,355.98708484970325,115.30116201287132,251.53037223699602,157.31680897285244,261.69202801999603,227.55396673658583,166.34714988730494,218.15076955505197,upstream,chips+downstream
USA,201803,105.82892215971856,99.5334701246622,85.13869317652643,134.92201813078313,105.83110359644373,99.5334701246622,94.05129343984514,94.04935481368905,158.473207770568,downstream,chips+upstream
USA,201804,108.10331887556197,97.51945923197573,86.96843083424959,132.19193734651728,108.11670736635968,97.52729994498456,90.20949610643375,90.2055772143594,151.99991086243438,downstream,chips+upstream
USA,201805,109.44986371693895,81.20633174729781,88.05171757438485,110.07877200122374,109.4632948315201,79.7515695276742,74.19500489951726,72.85690573303448,125.0160417464097,downstream,chips+upstream
USA,201806,111.04632279353439,80.04850306341883,89.3360587234519,108.50928404422793,111.07347806305825,79.1692540268247,72.0856855496701,71.27646978145314,121.4619108954969,downstream,chips+upstream
USA,201807,111.75731839052143,80.21401623905476,89.90805014835163,108.7336444694805,111.79502092256013,79.85674766206881,71.77517982201157,71.43139918314,120.93871938059598,downstream,chips+upstream
USA,201808,112.04447420690411,79.91963108891811,90.13906517190033,108.33459238665425,112.08193203341172,79.98534674532821,71.328489561508,71.36328335372066,120.1860615927778,downstream,chips+upstream
USA,201809,112.96233725984766,79.75281819682193,90.87748014625575,108.10847013829238,113.00524262580507,80.19966283079057,70.60124651401843,70.96986030670824,118.96068196907038,downstream,chips+upstream
USA,201810,113.76993199764757,79.74843831434049,91.52718496408197,108.10253301399808,113.81492268946371,80.47385086145319,70.09623449189498,70.70588720691804,118.10975401070272,downstream,chips+upstream
USA,201811,114.96539668441876,79.2966806237556,92.48892868303221,107.49015549673203,114.99948368326226,80.0804856845407,68.9743896082278,69.63551758641167,116.21948380990588,downstream,chips+upstream
USA,201812,115.7725380794177,79.41126790920741,93.13826878946527,107.64548362691701,115.79632054173715,79.95493703709154,68.59249112663733,69.04790813994208,115.57599795014939,downstream,chips+upstream
USA,201901,116.25862075761435,79.19714289203266,93.52931920510639,107.35522770181642,116.29396962624617,79.45232396370395,68.12152283928214,68.32024413566197,114.78243251871675,downstream,chips+upstream
USA,201902,116.43969825082921,78.40034567151885,93.67499489395756,106.27513385099343,116.47715779535017,78.26538848813911,67.3312855059383,67.19376568721829,113.45090968117964,downstream,chips+upstream
USA,201903,114.14053969536533,77.81876444970163,91.82533649412619,105.48677479894523,114.20063643552578,77.36146159998847,68.17802391454914,67.74170794018684,114.87763489512822,downstream,chips+upstream
USA,201904,112.28687661562591,78.80182913198779,90.33407636430641,106.81936242721764,112.36445202010994,77.9281394503391,70.17901958546568,69.35301872552385,118.24924405761128,downstream,chips+upstream
USA,201905,111.51729763872295,88.68438727437558,89.71495498375639,120.21560679803842,111.61071240791767,91.53177800579199,79.52522985418996,82.00985015780502,133.99728821109528,downstream,chips+upstream
USA,201906,110.84721160403946,90.00426248713237,89.1758750409153,122.00475598738048,110.93662008505095,92.8605848159248,81.19668612742304,83.70597981508006,136.81363477667338,downstream,chips+upstream
USA,201907,109.76565139728018,90.39167723437136,88.30576674994882,122.52991380098474,109.85910639423535,93.0044062463734,82.34969326352591,84.65789436937713,138.7564123053784,downstream,chips+upstream
USA,201908,108.57887259095784,91.63081642705137,87.35101076644375,124.20962174658276,108.6902360686557,94.01009996014153,84.39101847395877,86.49360178108248,142.1959753604802,downstream,chips+upstream
USA,202005,103.63784850656556,92.5893702797548,83.37598839152042,125.50898386197773,103.99411057241164,124.12556911541175,89.3393404185626,119.35826791747256,150.53372833507825,downstream,chips+upstream
USA,202006,106.73171850830808,93.46605559390757,85.86498708328519,126.69736955478,107.08432249749018,123.660816646798,87.57102096752251,115.47985154381149,147.55417063289048,downstream,chips+upstream
USA,202007,110.15938960064868,92.40565216775038,88.622526624323,125.25994584081992,110.55519832241447,123.0502233714133,83.88359131503961,111.30206922749967,141.34097797934092,downstream,chips+upstream
USA,202008,113.03824034278493,91.23701911658583,90.93854369256681,123.67581208641577,113.44416555076522,122.61096981358317,80.71341064750514,108.08045457279677,135.99933214734872,downstream,chips+upstream
USA,202009,115.81033837643304,89.41131816122676,93.16867888742236,121.20099374549156,116.15521432652214,120.97046113683867,77.20495373271582,104.14552789406461,130.0877024261997,downstream,chips+upstream
USA,202010,119.66479462749453,86.89268857383358,96.26956436772802,117.78688001641754,120.03328351658993,118.14096860192026,72.61341052255386,98.42350816437666,122.35110939787597,downstream,chips+upstream
USA,202011,121.88145038677143,85.51097111680936,98.05284979401473,115.91390093154537,122.23622995946127,116.79007545801907,70.15913483590315,95.54456603966895,118.21573893573964,downstream,chips+upstream
USA,202012,122.68266739910064,83.06721310872896,98.69742377236027,112.60127893755167,123.07696889706625,112.54279378686445,67.70900475981819,91.44098590938496,114.08735368540097,downstream,chips+upstream
USA,202101,123.63593036246805,81.91200429628812,99.46431774896334,111.03534233208849,124.06232740170636,110.66629940228354,66.25258859309236,89.20217903373094,111.63334233320647,downstream,chips+upstream
USA,202102,124.74551948706909,80.55240783566926,100.35697512563816,109.19234923559127,125.14660047130693,108.11991730684937,64.57338761895907,86.39460992121687,108.80394621190206,downstream,chips+upstream
USA,202103,127.69683424433455,78.35604323006734,102.73128903206685,106.21507993343914,128.04266198947843,104.14340692257905,61.360991205264526,81.33492798762397,103.39116829370732,downstream,chips+upstream
USA,202104,128.8522159344628,76.85308765542209,103.66078623576271,104.17775722140999,129.17828974486957,101.45515232004982,59.644366298295814,78.53885704821325,100.49871412751153,downstream,chips+upstream
USA,202105,127.83104600537601,75.89630973996991,102.83926153817198,102.88080246745547,128.14835292664048,99.84449849626911,59.37236071492214,77.91321247291089,100.04039403692924,downstream,chips+upstream
USA,202106,125.47764589266657,74.40520775327964,100.94596615134779,100.85954781782759,125.84628221396319,97.16276559055044,59.2975802374598,77.20749781495715,99.91439149396952,downstream,chips+upstream
USA,202107,124.0988695075362,69.95742202546137,99.83674933975169,94.83037767175585,124.41723847923211,88.26236544217903,56.372328211429064,70.94062408153505,94.98544203301452,downstream,chips+upstream
USA,202108,122.50218490379933,69.19461165058802,98.55222675553719,93.7963544924162,122.84874424753154,86.8366260008823,56.48438981306854,70.68580678847854,95.17426199316822,downstream,chips+upstream
USA,202109,121.84895379349152,68.6944377225275,98.02670649189959,93.1183466252555,122.27485037846819,85.77846486220952,56.37671525596371,70.1521732365289,94.99283405277959,downstream,chips+upstream
USA,202110,121.4990738012649,69.52392451476796,97.74523026877571,94.2427526354322,121.87103083049655,86.64796626866529,57.22177325276381,71.0980826847842,96.4167278303887,downstream,chips+upstream
USA,202111,121.85554805917091,69.82432330831442,98.03201153659762,94.64995647770331,122.259361679431,86.96583397907668,57.30089800622697,71.13224932999782,96.550050329599,downstream,chips+upstream
USA,202112,121.57769407217455,70.08353773446768,97.80847977548741,95.00133308962499,121.95159745671991,87.36814485720997,57.64506250041444,71.64165675502245,97.12995571313854,downstream,chips+upstream
USA,202201,121.97827842206088,70.52994647183596,98.13074733108832,95.60645986438233,122.3831978749847,88.2343137640855,57.82172644525533,72.09675453506082,97.42762840866872,downstream,chips+upstream
USA,202202,121.90474021073203,70.07106314515747,98.07158630890926,94.98442323243847,122.31306942259972,87.4478066826185,57.48017921536793,71.49506352463493,96.85213302582184,downstream,chips+upstream
USA,202203,121.42433107169562,69.64582169866809,97.68510021935151,94.40798965606119,121.81446815043368,86.92796842340286,57.357385528889886,71.36095551150126,96.64522987033683,downstream,chips+upstream
USA,202204,120.77309365578948,69.85641386433298,97.16118387014947,94.69345664478823,121.10495246591996,87.44453205050561,57.841040375622015,72.20557893791612,97.46017171974846,downstream,chips+upstream
USA,202205,121.05192816066548,69.47949576362466,97.38550445164267,94.1825274995078,121.41398192167881,86.76187694728283,57.39643871794292,71.45954327010772,96.7110331561456,downstream,chips+upstream
USA,202206,122.26865523782652,69.51080226812913,98.36435362810546,94.2249648501103,122.78996700353224,87.19718613365058,56.850876565970786,71.01328248678674,95.79177961800542,downstream,chips+upstream
USA,202308,122.91351032515578,67.68904571057566,98.88313543465726,91.75549331475386,165.83056650683886,83.18278370631859,55.07046827603479,50.16130949711742,92.79185263637457,downstream,chips+upstream
USA,202309,122.3549908127262,69.55894447252192,98.43381004768902,94.29022373604892,165.07411524229894,86.90161637042009,56.85010804257856,52.64399948039354,95.79048468241488,downstream,chips+upstream
USA,202310,124.46046023645631,69.87237868593718,100.12764677588493,94.71509766611743,167.84554687854938,87.59505487309309,56.14022200559928,52.18789327576001,94.59435102686237,downstream,chips+upstream
USA,202311,126.24227243433425,68.93118473090561,101.56110332932475,93.43926765932368,170.21110171563373,85.35712996015924,54.602300324370844,50.147804167769664,92.00300567465774,downstream,chips+upstream
USA,202312,126.96708991666159,69.67292401503836,102.14421437286082,94.44472804382278,171.1532975267583,86.2611212254862,54.874790042656045,50.39991777663532,92.46214151598218,downstream,chips+upstream
USA,202401,129.21189052739192,71.26199128593952,103.95014215270731,96.59877896626153,174.27396212954184,88.6197097877919,55.15126432643018,50.85080335863302,92.92799121366635,downstream,chips+upstream
USA,202402,131.22726642708486,72.46152076281444,105.57149921519692,98.22479419133734,176.89357426054602,89.83578688295509,55.21834199226955,50.78521775507584,93.04101478289698,downstream,chips+upstream
USA,202403,135.28043703988922,74.36991793436609,108.83224913264257,100.81171090848119,182.25918735583627,92.25670961880816,54.974628676308264,50.61841378601644,92.63036619376842,downstream,chips+upstream
USA,202404,142.55022229040117,74.56707532565974,114.6807450189416,101.07896646673133,192.04196402525434,91.93506908803583,52.30933640619151,47.87238536882802,88.13944001674938,downstream,chips+upstream
USA,202405,149.39647472610008,76.8788665623236,120.18851145591168,104.212701669142,201.32230584332572,95.77969919561232,51.45962560580594,47.57530408485913,86.707706424478,downstream,chips+upstream
USA,202406,160.65775039126072,79.30104868818154,129.24813593347562,107.49607660112973,216.66570050386346,98.74497571653397,49.36023845413888,45.57480740463265,83.17031098727665,downstream,chips+upstream
USA,202407,168.13586545981295,83.13772100902288,135.2642318302036,112.69685551284745,226.7810630579457,103.13466959620341,49.446749973100815,45.47763742065671,83.31607993332275,downstream,chips+upstream
USA,202408,180.56612783838128,87.31555542584238,145.26429866595436,118.36009472501938,243.57199873117517,108.31848819356517,48.35655306514388,44.47082947047366,81.4791354875136,downstream,chips+upstream
USA,202409,196.16601463854616,88.79794314395076,157.81430814127822,120.36953679841406,264.55019013194925,108.51473195075417,45.266731501666634,41.018580215962224,76.27289199320069,downstream,chips+upstream
USA,202410,204.33023769494105,92.3987221133143,164.3823735400176,125.2505518457236,276.50586529988306,112.28512824734513,45.22028807662958,40.6085882212903,76.19463641290734,downstream,chips+upstream
USA,202411,210.79635739395508,96.93383833482507,169.58432561382025,131.39810233600107,285.62165096547017,118.00040346051821,45.984588886261655,41.31353595277121,77.48245709643156,downstream,chips+upstream
USA,202412,220.0472334941289,99.02484078125237,177.02659645843954,134.2325485743873,298.4668139802891,119.08886895171385,45.00162951782553,39.9002044359875,75.82620423135177,downstream,chips+upstream
USA,202501,224.75114639669965,101.99536663606823,180.81086439926446,138.25922766775608,304.99742723448776,122.02777907018576,45.38146668940238,40.00944538340925,76.46621685434435,downstream,chips+upstream
USA,202502,232.05093248745175,103.70498444123817,186.68349577026953,140.5766901677267,314.7228573338518,124.66936324634959,44.69061310358926,39.61242735989232,75.30215222706066,downstream,chips+upstream
USA,202503,242.97709369461532,104.72647878550956,195.4735228028612,141.96137090141013,330.6836791969858,125.46165479388125,43.10137930826293,37.94008071355245,72.62434772026947,downstream,chips+upstream
USA,202504,248.89025913865845,105.17405628933227,200.23062670384041,142.5680819907559,339.9448095662866,127.9707209822093,42.25720068487658,37.64455799324566,71.20193565674009,downstream,chips+upstream
USA,202505,233.72517170074852,104.56509541091417,188.03041054343385,141.74260860400508,316.2856278366143,128.61013287769654,44.738482658938736,40.66265475209436,75.38281078807911,downstream,chips+upstream
USA,202506,247.59833253520225,103.98969581979907,199.19127998789972,140.96262902560156,333.85585447520236,129.53560988951983,41.99935223918132,38.79986172270083,70.76746985820094,downstream,chips+upstream
USA,202507,271.2375979718702,101.29107635464423,218.2089183220922,137.30453106167366,364.5835191585822,125.392693855815,37.344039731965566,34.39340707040385,62.92342774872392,downstream,chips+upstream
USA,202508,288.6273585763278,100.19790225887704,232.19886986182075,135.82268525659447,386.2597101349718,125.88953316299943,34.71531692390816,32.59194004961312,58.494119862607945,downstream,chips+upstream
USA,202509,299.5986388265732,100.15484725504369,241.0251948769201,135.76432229586834,399.7874003363497,126.73920792719835,33.42967366184187,31.701651382852468,56.3278550050324,downstream,chips+upstream
USA,202510,321.27504437766015,98.97918558972711,258.4637249471658,134.17066094431652,426.6077246620174,124.97104817880818,30.808239644463846,29.2941362648361,51.91082848153766,downstream,chips+upstream
USA,202511,353.4795977373683,98.78198408912058,284.3720828083677,133.90334559394313,467.7406255339608,125.03666607236124,27.94559706456229,26.73205174975395,47.087373792658035,downstream,chips+upstream
USA,202512,358.2141511118262,100.08713489831965,288.18100081348075,135.67253520344448,473.0649357192612,127.57894546661099,27.940586542343148,26.968590532425825,47.07893123435148,downstream,chips+upstream
USA,202601,389.22061950808734,100.50036661614664,313.1255069598519,136.23268906179018,513.1250453158304,127.85703016663854,25.820925608505284,24.91732401951693,43.50737516865963,downstream,chips+upstream
USA,202602,402.8447402854881,101.66101561263028,324.0860252661469,137.80600007717936,529.7379064992537,129.40520232292124,25.23578079748171,24.42815602494619,42.521426205900084,downstream,chips+upstream
USA,202603,427.28760109328164,103.8114974700966,343.75015095317366,140.7210732862174,559.2976348467826,132.1341450257377,24.295462167514053,23.625014087881013,40.937021524504495,downstream,chips+upstream
USA,202604,464.8183087660652,105.05096727544505,373.9433660029179,142.40122939190056,605.6204090695059,134.0005922184809,22.600436620992774,22.126168506170988,38.080961540788344,downstream,chips+upstream
USA,202605,562.296895951955,106.2527171097154,452.3642679296661,144.0302544095656,730.1905318021513,134.9232317735693,18.896194852691146,18.477811735051013,31.83944104797409,downstream,chips+upstream
USA,202606,573.227741214517,107.20713646370619,461.15806325496305,145.32401202921085,745.5250501829545,135.5666477804858,18.70236360797243,18.18404998560642,31.51284204020623,downstream,chips+upstream
VNM,202207,87.47962680175209,146.6450821537096,96.27526720002558,134.83294649463824,122.53489455468632,146.32096697189374,167.633410789508,119.41167249023248,140.04941291360282,chips+upstream,downstream
VNM,202208,86.09922248556187,154.14018229585923,94.75607011101124,141.72432274535453,120.47055138936895,153.79950143240154,179.02621864176214,127.66564082147443,149.5675396619106,chips+upstream,downstream
VNM,202209,84.70969219480813,159.22645812168287,93.22682947618304,146.40090341351095,118.43345947725314,158.87453556372137,187.96722546873082,134.1466645194431,157.0373080754746,chips+upstream,downstream
VNM,202210,85.41266719340398,162.1051112693423,94.00048510663204,149.04768351779126,120.7189166223627,161.74682630785088,189.79048026012345,133.98631368920678,158.56054715963955,chips+upstream,downstream
VNM,202211,84.46008831696332,164.00043192752906,92.95212917266974,150.7903377216848,120.07928293043506,163.63795792545952,194.17506563818088,136.27492930671406,162.22365110278824,chips+upstream,downstream
VNM,202212,83.64077467191456,165.29189023904758,92.05043762480277,151.97777017328596,119.6972725725243,164.92656185386952,197.62118522624152,137.7863992297242,165.1027133545489,chips+upstream,downstream
VNM,202301,85.05106586312739,162.90045264162893,93.60252656514035,149.77896082432983,122.74895767750213,162.5404098154366,191.53252341808917,132.41693688550774,160.0159379459644,chips+upstream,downstream
VNM,202302,84.49876613009573,162.54647458292183,92.99469584710783,149.45349539481137,122.76070650458324,162.18721411956884,192.36550073720903,132.11655320142168,160.71184924409795,chips+upstream,downstream
VNM,202303,81.76578024204547,156.67445153196422,89.98692185165831,144.05445876694023,119.1031090444373,156.32816942281744,191.6137179492104,131.25448250430767,160.08377195567508,chips+upstream,downstream
VNM,202304,80.99844086249905,153.00449762851153,89.14243032260377,140.6801165044199,119.04652807450896,152.66632685701896,188.89807754231737,128.2408897817398,157.81498888386014,chips+upstream,downstream
VNM,202305,79.23459362463122,150.99661197674342,87.20123703755935,138.833964320684,116.73457907959053,150.66287903714763,190.56904953924564,129.06448134311987,159.21100323483415,chips+upstream,downstream
VNM,202306,78.099107087331,148.99595425943485,85.9515829892133,136.99445786748294,114.70698966214812,148.6666431765442,190.77805088453377,129.60556598548968,159.38561350833456,chips+upstream,downstream
VNM,202307,78.39008981251781,145.07440990864285,86.2718225768997,133.38879055248586,115.82567896176312,144.75376622899265,185.06728370334955,124.97553869447154,154.61455034589972,chips+upstream,downstream
VNM,202308,78.72285915531631,138.3571150176903,86.63805021829677,127.21256800673989,116.66586555614215,138.0513179133423,175.75214683795787,118.33051360417757,146.83221481347965,chips+upstream,downstream
VNM,202309,79.16283061881559,132.14273073554193,87.12225861923991,121.49874705136847,117.34429188983391,131.85066867270982,166.92522197928326,112.36223471056853,139.45775623468157,chips+upstream,downstream
VNM,202310,78.00136276758455,124.93760751763861,85.8440109653614,114.87399033222704,115.58402416274865,124.66147022901288,160.17362144031617,107.85354734966027,133.81712834757852,chips+upstream,downstream
VNM,202311,77.93432813079787,116.1530527270898,85.77023633000636,106.79702389968224,115.31102051080411,115.89633107471518,149.03965365833284,100.50759290943594,124.51524965930373,chips+upstream,downstream
VNM,202312,78.11890056846106,110.98900212889309,85.97336660620259,102.0489331503966,114.730707703752,110.7436940689415,142.0770150645242,96.52489406314355,118.69830992873348,chips+upstream,downstream
VNM,202401,77.85948762783691,108.04138887510868,85.68787098754463,99.33874761742511,113.09808445487211,108.70858929742973,138.76457727482,96.1188598563808,115.93093219910287,chips+upstream,downstream
VNM,202402,78.53288726912582,106.88683508368928,86.4289776059395,98.27719214418761,113.8562020273743,107.45050048860931,136.1045528829174,94.3738668384311,113.7086135535102,chips+upstream,downstream
VNM,202403,78.77447047551385,107.13585632943241,86.69485079946324,98.50615494205435,114.43157847142564,107.92566613395955,136.00327070777882,94.31458306843975,113.6239973120344,chips+upstream,downstream
VNM,202404,78.57766454251819,108.3331038401847,86.47825701096153,99.60696519213077,114.23544041055315,109.13926695831171,137.8675536755943,95.53888580117851,115.1815134057398,chips+upstream,downstream
VNM,202405,79.03163578714498,108.13930083513219,86.97787280123713,99.4287728530017,115.4941796071603,109.02270193276476,136.83039678741127,94.39670665967107,114.31502018935036,chips+upstream,downstream
VNM,202406,79.49252068583357,109.31437224988348,87.48509737902661,100.5091932726,116.49962357386154,110.20941706276777,137.51529239072738,94.60066366042312,114.88721654746165,chips+upstream,downstream
VNM,202407,80.59132975874648,109.95707728347668,88.69438622677445,101.10012896668263,118.10275288491354,110.94409617442334,136.43784959577886,93.93861994269851,113.98706645107063,chips+upstream,downstream
VNM,202408,81.52768583205061,112.02468048745622,89.7248882356138,103.00118850499095,119.58992698432039,113.1189891899121,137.4069180845269,94.58906117130024,114.79667518171117,chips+upstream,downstream
VNM,202409,81.83876262643494,114.76528684231111,90.06724225098873,105.52104136728938,120.14799624258923,115.96319465879323,140.2334091562138,96.516960985894,117.15806849424327,chips+upstream,downstream
VNM,202410,82.70180113582751,115.91636928729598,91.01705498034548,106.57940510807192,121.58811935850098,117.10592321101893,140.16184375104194,96.31362326259332,117.09827914239484,chips+upstream,downstream
VNM,202411,83.38806665256082,120.66655591086774,91.77232107382565,110.94696827111247,122.72381555599061,122.22412089692622,144.70482498848304,99.59282991911508,120.89371498173388,chips+upstream,downstream
VNM,202412,83.70886788852776,123.16890801500942,92.125377274909,113.24775805835421,123.8539551601656,124.99525447346794,147.1396174883517,100.9214879830252,122.9278635358143,chips+upstream,downstream
VNM,202501,84.25784071040222,127.03698417647999,92.72954657745174,116.8042640008452,124.80809437435308,129.300524433226,150.77170635444065,103.59947011561462,125.96229390950941,chips+upstream,downstream
VNM,202502,84.65313127790172,128.83899414181158,93.16458164103186,118.46112360820445,125.31812619747313,131.50775795231925,152.19637147131067,104.93913525733115,127.15253106018501,chips+upstream,downstream
VNM,202503,85.31045791754191,131.39334714019213,93.88799919758443,120.80972566223078,126.50429816666133,134.49593727452634,154.01786644632986,106.31728662478845,128.67429990492224,chips+upstream,downstream
VNM,202504,84.90688975301059,131.4327051612247,93.44385426585389,120.845913428408,125.75403615003613,134.8467104947389,154.79627806831118,107.23052287073662,129.32462426538342,chips+upstream,downstream
VNM,202505,84.90777344167182,130.01290999485167,93.44482680500491,119.5404815455968,125.8503395204398,133.69502886964037,153.12250542544876,106.23334778363986,127.92627011342935,chips+upstream,downstream
VNM,202506,83.94119734463568,119.17870937764594,92.3810662996909,109.57896650071656,124.44785822080414,121.87638568564292,141.9788055778336,97.93369482454351,118.61626076628562,chips+upstream,downstream
VNM,202507,82.72704728350568,120.1818215287097,91.04483950232333,110.50127882790892,122.52537694172803,123.19838960210787,145.2751252161176,100.54928430107987,121.37017257863263,chips+upstream,downstream
VNM,202508,81.75337575957884,119.15952161314377,89.97327016031471,109.56132429419674,120.67595495964638,122.88659269876372,145.75486395029031,101.8318792172447,121.77097053267036,chips+upstream,downstream
VNM,202509,81.0761119876565,117.95232013667065,89.2279108922135,108.45136186180547,119.59094659589935,122.16862722668868,145.48344419208013,102.1554145227225,121.54421276635483,chips+upstream,downstream
VNM,202510,80.18323911546624,115.86735990187407,88.24526410360087,106.53434338663348,118.05098106886634,120.33882490855696,144.50321685685662,101.93801340656033,120.7252813721097,chips+upstream,downstream
VNM,202511,79.70565382056925,113.00913628444114,87.71965998801393,103.90634723143275,117.1043939211334,117.44798743642954,141.78308672913417,100.2934078763326,118.45274736088875,chips+upstream,downstream
VNM,202512,79.65315669562911,111.86074708348961,87.66188453885364,102.85045979618539,116.71537882137287,116.4309837525157,140.43479470742415,99.75633453643464,117.32631614895278,chips+upstream,downstream
VNM,202601,79.51034673557648,110.59196805813043,87.5047157492102,101.68387983368478,116.35012768568052,114.96695873229234,139.09129138364915,98.81120117278701,116.20388565698822,chips+upstream,downstream
VNM,202602,80.14800355841135,112.44364838568832,88.20648578692962,103.38640889817187,117.17725684008728,116.55621126677806,140.29500847608776,99.4699947839223,117.20953167538117,chips+upstream,downstream
VNM,202603,80.69667296091089,116.25718960139442,88.81032116279184,106.89277263803078,117.26797323160731,119.40038648645677,144.0668931390875,101.81841059931844,120.36075451421159,chips+upstream,downstream
VNM,202604,83.0613907442373,121.25320368163082,91.41279953136488,111.48636206683204,119.86316153099672,122.40561756039219,145.98022329651786,102.12113212843796,121.9592471058494,chips+upstream,downstream
VNM,202605,83.22438329855689,121.51691726146746,91.59218017452075,111.72883374387575,119.80483418921256,122.21731238509417,146.0111958120987,102.0136734984095,121.98512310874837,chips+upstream,downstream
VNM,202606,83.78343370959584,127.86108953714017,92.20744031758278,117.56198838115118,120.19192551288181,128.8069540882598,152.6090348365563,107.16772656616993,127.49729086529433,chips+upstream,downstream
